# The Great Editor v0.0.1
mtllib wall_1.mtl
o walls
v 55.2903 0.2998 0.000
v 55.2903 0.2998 2.5000
v 61.2091 0.2998 0.000
v 61.2091 0.2998 2.5000
v 61.2091 0.1998 0.000
v 61.2091 0.1998 2.5000
v 55.2903 0.1998 0.000
v 55.2903 0.1998 2.5000
v 55.7196 24.8211 0.000
v 55.7196 24.8211 2.5000
v 55.7196 24.4666 0.000
v 55.7196 24.4666 2.5000
v 55.6196 24.4666 0.000
v 55.6196 24.4666 2.5000
v 55.6196 24.8211 0.000
v 55.6196 24.8211 2.5000
v 55.7196 24.4666 0.000
v 55.7196 24.4666 2.5000
v 36.7012 24.4666 0.000
v 36.7012 24.4666 2.5000
v 36.7012 24.5666 0.000
v 36.7012 24.5666 2.5000
v 55.7196 24.5666 0.000
v 55.7196 24.5666 2.5000
v 35.1901 24.5221 0.000
v 35.1901 24.5221 2.5000
v 16.5578 24.5221 0.000
v 16.5578 24.5221 2.5000
v 16.5578 24.6221 0.000
v 16.5578 24.6221 2.5000
v 35.1901 24.6221 0.000
v 35.1901 24.6221 2.5000
v 16.5578 24.5221 0.000
v 16.5578 24.5221 2.5000
v 16.5578 24.7841 0.000
v 16.5578 24.7841 2.5000
v 16.6578 24.7841 0.000
v 16.6578 24.7841 2.5000
v 16.6578 24.5221 0.000
v 16.6578 24.5221 2.5000
v 0.0000 23.4584 0.000
v 0.0000 23.4584 2.5000
v 0.2350 23.4584 0.000
v 0.2350 23.4584 2.5000
v 0.2350 23.3584 0.000
v 0.2350 23.3584 2.5000
v 0.0000 23.3584 0.000
v 0.0000 23.3584 2.5000
v 0.2350 23.4584 0.000
v 0.2350 23.4584 2.5000
v 0.2350 16.1871 0.000
v 0.2350 16.1871 2.5000
v 0.1350 16.1871 0.000
v 0.1350 16.1871 2.5000
v 0.1350 23.4584 0.000
v 0.1350 23.4584 2.5000
v 0.1916 13.6888 0.000
v 0.1916 13.6888 2.5000
v 0.1916 5.2751 0.000
v 0.1916 5.2751 2.5000
v 0.0916 5.2751 0.000
v 0.0916 5.2751 2.5000
v 0.0916 13.6888 0.000
v 0.0916 13.6888 2.5000
v 0.1518 3.1282 0.000
v 0.1518 3.1282 2.5000
v 0.1518 0.1157 0.000
v 0.1518 0.1157 2.5000
v 0.0518 0.1157 0.000
v 0.0518 0.1157 2.5000
v 0.0518 3.1282 0.000
v 0.0518 3.1282 2.5000
v 0.0518 0.2157 0.000
v 0.0518 0.2157 2.5000
v 11.4692 0.2157 0.000
v 11.4692 0.2157 2.5000
v 11.4692 0.1157 0.000
v 11.4692 0.1157 2.5000
v 0.0518 0.1157 0.000
v 0.0518 0.1157 2.5000
v 11.3692 0.1157 0.000
v 11.3692 0.1157 2.5000
v 11.3692 1.9038 0.000
v 11.3692 1.9038 2.5000
v 11.4692 1.9038 0.000
v 11.4692 1.9038 2.5000
v 11.4692 0.1157 0.000
v 11.4692 0.1157 2.5000
v 11.4692 1.8038 0.000
v 11.4692 1.8038 2.5000
v 10.6916 1.8038 0.000
v 10.6916 1.8038 2.5000
v 10.6916 1.9038 0.000
v 10.6916 1.9038 2.5000
v 11.4692 1.9038 0.000
v 11.4692 1.9038 2.5000
v 10.6916 1.8038 0.000
v 10.6916 1.8038 2.5000
v 10.6916 12.3533 0.000
v 10.6916 12.3533 2.5000
v 10.7916 12.3533 0.000
v 10.7916 12.3533 2.5000
v 10.7916 1.8038 0.000
v 10.7916 1.8038 2.5000
v 10.7916 12.2533 0.000
v 10.7916 12.2533 2.5000
v 0.1826 12.2533 0.000
v 0.1826 12.2533 2.5000
v 0.1826 12.3533 0.000
v 0.1826 12.3533 2.5000
v 10.7916 12.3533 0.000
v 10.7916 12.3533 2.5000
v 0.1350 12.6149 0.000
v 0.1350 12.6149 2.5000
v 10.8153 12.6149 0.000
v 10.8153 12.6149 2.5000
v 10.8153 12.5149 0.000
v 10.8153 12.5149 2.5000
v 0.1350 12.5149 0.000
v 0.1350 12.5149 2.5000
v 10.7153 12.5149 0.000
v 10.7153 12.5149 2.5000
v 10.7153 19.7595 0.000
v 10.7153 19.7595 2.5000
v 10.8153 19.7595 0.000
v 10.8153 19.7595 2.5000
v 10.8153 12.5149 0.000
v 10.8153 12.5149 2.5000
v 10.7153 19.7595 0.000
v 10.7153 19.7595 2.5000
v 14.0608 19.7595 0.000
v 14.0608 19.7595 2.5000
v 14.0608 19.6595 0.000
v 14.0608 19.6595 2.5000
v 10.7153 19.6595 0.000
v 10.7153 19.6595 2.5000
v 14.0608 19.7595 0.000
v 14.0608 19.7595 2.5000
v 14.0608 19.2910 0.000
v 14.0608 19.2910 2.5000
v 13.9608 19.2910 0.000
v 13.9608 19.2910 2.5000
v 13.9608 19.7595 0.000
v 13.9608 19.7595 2.5000
v 13.9608 19.3910 0.000
v 13.9608 19.3910 2.5000
v 16.3670 19.3910 0.000
v 16.3670 19.3910 2.5000
v 16.3670 19.2910 0.000
v 16.3670 19.2910 2.5000
v 13.9608 19.2910 0.000
v 13.9608 19.2910 2.5000
v 16.2670 19.2910 0.000
v 16.2670 19.2910 2.5000
v 16.2670 24.4434 0.000
v 16.2670 24.4434 2.5000
v 16.3670 24.4434 0.000
v 16.3670 24.4434 2.5000
v 16.3670 19.2910 0.000
v 16.3670 19.2910 2.5000
v 16.3670 24.3434 0.000
v 16.3670 24.3434 2.5000
v 0.2063 24.3434 0.000
v 0.2063 24.3434 2.5000
v 0.2063 24.4434 0.000
v 0.2063 24.4434 2.5000
v 16.3670 24.4434 0.000
v 16.3670 24.4434 2.5000
v 0.3098 24.4397 0.000
v 0.3098 24.4397 2.5000
v 0.2312 23.3549 0.000
v 0.2312 23.3549 2.5000
v 0.1315 23.3622 0.000
v 0.1315 23.3622 2.5000
v 0.2101 24.4469 0.000
v 0.2101 24.4469 2.5000
v 14.1083 19.2008 0.000
v 14.1083 19.2008 2.5000
v 14.1083 17.2701 0.000
v 14.1083 17.2701 2.5000
v 14.0083 17.2701 0.000
v 14.0083 17.2701 2.5000
v 14.0083 19.2008 0.000
v 14.0083 19.2008 2.5000
v 14.0083 17.3701 0.000
v 14.0083 17.3701 2.5000
v 16.5335 17.3701 0.000
v 16.5335 17.3701 2.5000
v 16.5335 17.2701 0.000
v 16.5335 17.2701 2.5000
v 14.0083 17.2701 0.000
v 14.0083 17.2701 2.5000
v 16.5335 17.3701 0.000
v 16.5335 17.3701 2.5000
v 16.5335 15.0589 0.000
v 16.5335 15.0589 2.5000
v 16.4335 15.0589 0.000
v 16.4335 15.0589 2.5000
v 16.4335 17.3701 0.000
v 16.4335 17.3701 2.5000
v 16.5335 15.0589 0.000
v 16.5335 15.0589 2.5000
v 15.6726 15.0589 0.000
v 15.6726 15.0589 2.5000
v 15.6726 15.1589 0.000
v 15.6726 15.1589 2.5000
v 16.5335 15.1589 0.000
v 16.5335 15.1589 2.5000
v 16.3044 18.2313 0.000
v 16.3044 18.2313 2.5000
v 16.2654 19.3893 0.000
v 16.2654 19.3893 2.5000
v 16.3653 19.3927 0.000
v 16.3653 19.3927 2.5000
v 16.4043 18.2347 0.000
v 16.4043 18.2347 2.5000
v 16.3670 19.3910 0.000
v 16.3670 19.3910 2.5000
v 16.3670 19.1127 0.000
v 16.3670 19.1127 2.5000
v 16.2670 19.1127 0.000
v 16.2670 19.1127 2.5000
v 16.2670 19.3910 0.000
v 16.2670 19.3910 2.5000
v 16.3673 19.1130 0.000
v 16.3673 19.1130 2.5000
v 14.0086 19.1005 0.000
v 14.0086 19.1005 2.5000
v 14.0080 19.2005 0.000
v 14.0080 19.2005 2.5000
v 16.3668 19.2130 0.000
v 16.3668 19.2130 2.5000
v 14.1202 10.8624 0.000
v 14.1202 10.8624 2.5000
v 10.9412 10.8624 0.000
v 10.9412 10.8624 2.5000
v 10.9412 10.9624 0.000
v 10.9412 10.9624 2.5000
v 14.1202 10.9624 0.000
v 14.1202 10.9624 2.5000
v 11.0412 10.9624 0.000
v 11.0412 10.9624 2.5000
v 11.0412 9.0554 0.000
v 11.0412 9.0554 2.5000
v 10.9412 9.0554 0.000
v 10.9412 9.0554 2.5000
v 10.9412 10.9624 0.000
v 10.9412 10.9624 2.5000
v 10.9412 9.1554 0.000
v 10.9412 9.1554 2.5000
v 12.4678 9.1554 0.000
v 12.4678 9.1554 2.5000
v 12.4678 9.0554 0.000
v 12.4678 9.0554 2.5000
v 10.9412 9.0554 0.000
v 10.9412 9.0554 2.5000
v 12.4678 9.1554 0.000
v 12.4678 9.1554 2.5000
v 12.4678 6.4401 0.000
v 12.4678 6.4401 2.5000
v 12.3678 6.4401 0.000
v 12.3678 6.4401 2.5000
v 12.3678 9.1554 0.000
v 12.3678 9.1554 2.5000
v 11.3692 0.2157 0.000
v 11.3692 0.2157 2.5000
v 17.0090 0.2157 0.000
v 17.0090 0.2157 2.5000
v 17.0090 0.1157 0.000
v 17.0090 0.1157 2.5000
v 11.3692 0.1157 0.000
v 11.3692 0.1157 2.5000
v 13.4496 0.2227 0.000
v 13.4496 0.2227 2.5000
v 13.4496 1.9157 0.000
v 13.4496 1.9157 2.5000
v 13.5496 1.9157 0.000
v 13.5496 1.9157 2.5000
v 13.5496 0.2227 0.000
v 13.5496 0.2227 2.5000
v 13.4496 1.9157 0.000
v 13.4496 1.9157 2.5000
v 14.4174 1.9157 0.000
v 14.4174 1.9157 2.5000
v 14.4174 1.8157 0.000
v 14.4174 1.8157 2.5000
v 13.4496 1.8157 0.000
v 13.4496 1.8157 2.5000
v 14.3174 1.8157 0.000
v 14.3174 1.8157 2.5000
v 14.3174 8.2876 0.000
v 14.3174 8.2876 2.5000
v 14.4174 8.2876 0.000
v 14.4174 8.2876 2.5000
v 14.4174 1.8157 0.000
v 14.4174 1.8157 2.5000
v 14.3174 8.2876 0.000
v 14.3174 8.2876 2.5000
v 25.3781 8.2876 0.000
v 25.3781 8.2876 2.5000
v 25.3781 8.1876 0.000
v 25.3781 8.1876 2.5000
v 14.3174 8.1876 0.000
v 14.3174 8.1876 2.5000
v 25.3781 8.2876 0.000
v 25.3781 8.2876 2.5000
v 25.3781 0.0563 0.000
v 25.3781 0.0563 2.5000
v 25.2781 0.0563 0.000
v 25.2781 0.0563 2.5000
v 25.2781 8.2876 0.000
v 25.2781 8.2876 2.5000
v 25.3781 0.0563 0.000
v 25.3781 0.0563 2.5000
v 19.2628 0.0563 0.000
v 19.2628 0.0563 2.5000
v 19.2628 0.1563 0.000
v 19.2628 0.1563 2.5000
v 25.3781 0.1563 0.000
v 25.3781 0.1563 2.5000
v 21.0509 2.9261 0.000
v 21.0509 2.9261 2.5000
v 21.0509 2.0059 0.000
v 21.0509 2.0059 2.5000
v 20.9509 2.0059 0.000
v 20.9509 2.0059 2.5000
v 20.9509 2.9261 0.000
v 20.9509 2.9261 2.5000
v 20.9509 2.1059 0.000
v 20.9509 2.1059 2.5000
v 21.6334 2.1059 0.000
v 21.6334 2.1059 2.5000
v 21.6334 2.0059 0.000
v 21.6334 2.0059 2.5000
v 20.9509 2.0059 0.000
v 20.9509 2.0059 2.5000
v 21.5334 2.0059 0.000
v 21.5334 2.0059 2.5000
v 21.5334 2.9143 0.000
v 21.5334 2.9143 2.5000
v 21.6334 2.9143 0.000
v 21.6334 2.9143 2.5000
v 21.6334 2.0059 0.000
v 21.6334 2.0059 2.5000
v 21.6324 2.8132 0.000
v 21.6324 2.8132 2.5000
v 20.9499 2.8272 0.000
v 20.9499 2.8272 2.5000
v 20.9519 2.9272 0.000
v 20.9519 2.9272 2.5000
v 21.6344 2.9132 0.000
v 21.6344 2.9132 2.5000
v 10.9531 2.3912 0.000
v 10.9531 2.3912 2.5000
v 11.3146 2.3912 0.000
v 11.3146 2.3912 2.5000
v 11.3146 2.2912 0.000
v 11.3146 2.2912 2.5000
v 10.9531 2.2912 0.000
v 10.9531 2.2912 2.5000
v 11.3146 2.3912 0.000
v 11.3146 2.3912 2.5000
v 11.3146 2.0415 0.000
v 11.3146 2.0415 2.5000
v 11.2146 2.0415 0.000
v 11.2146 2.0415 2.5000
v 11.2146 2.3912 0.000
v 11.2146 2.3912 2.5000
v 11.2146 2.1415 0.000
v 11.2146 2.1415 2.5000
v 12.0279 2.1415 0.000
v 12.0279 2.1415 2.5000
v 12.0279 2.0415 0.000
v 12.0279 2.0415 2.5000
v 11.2146 2.0415 0.000
v 11.2146 2.0415 2.5000
v 12.0279 2.1415 0.000
v 12.0279 2.1415 2.5000
v 12.0279 0.2108 0.000
v 12.0279 0.2108 2.5000
v 11.9279 0.2108 0.000
v 11.9279 0.2108 2.5000
v 11.9279 2.1415 0.000
v 11.9279 2.1415 2.5000
v 12.9670 2.1059 0.000
v 12.9670 2.1059 2.5000
v 12.9670 0.2108 0.000
v 12.9670 0.2108 2.5000
v 12.8670 0.2108 0.000
v 12.8670 0.2108 2.5000
v 12.8670 2.1059 0.000
v 12.8670 2.1059 2.5000
v 12.8670 2.1059 0.000
v 12.8670 2.1059 2.5000
v 13.6684 2.1059 0.000
v 13.6684 2.1059 2.5000
v 13.6684 2.0059 0.000
v 13.6684 2.0059 2.5000
v 12.8670 2.0059 0.000
v 12.8670 2.0059 2.5000
v 13.5684 2.0059 0.000
v 13.5684 2.0059 2.5000
v 13.5684 2.3555 0.000
v 13.5684 2.3555 2.5000
v 13.6684 2.3555 0.000
v 13.6684 2.3555 2.5000
v 13.6684 2.0059 0.000
v 13.6684 2.0059 2.5000
v 13.5684 2.3555 0.000
v 13.5684 2.3555 2.5000
v 13.9419 2.3555 0.000
v 13.9419 2.3555 2.5000
v 13.9419 2.2555 0.000
v 13.9419 2.2555 2.5000
v 13.5684 2.2555 0.000
v 13.5684 2.2555 2.5000
v 13.8419 2.2555 0.000
v 13.8419 2.2555 2.5000
v 13.8419 8.4897 0.000
v 13.8419 8.4897 2.5000
v 13.9419 8.4897 0.000
v 13.9419 8.4897 2.5000
v 13.9419 2.2555 0.000
v 13.9419 2.2555 2.5000
v 13.8419 8.4897 0.000
v 13.8419 8.4897 2.5000
v 25.3781 8.4897 0.000
v 25.3781 8.4897 2.5000
v 25.3781 8.3897 0.000
v 25.3781 8.3897 2.5000
v 13.8419 8.3897 0.000
v 13.8419 8.3897 2.5000
v 25.2781 8.3897 0.000
v 25.2781 8.3897 2.5000
v 25.2781 8.8820 0.000
v 25.2781 8.8820 2.5000
v 25.3781 8.8820 0.000
v 25.3781 8.8820 2.5000
v 25.3781 8.3897 0.000
v 25.3781 8.3897 2.5000
v 25.2781 8.8820 0.000
v 25.2781 8.8820 2.5000
v 25.6040 8.8820 0.000
v 25.6040 8.8820 2.5000
v 25.6040 8.7820 0.000
v 25.6040 8.7820 2.5000
v 25.2781 8.7820 0.000
v 25.2781 8.7820 2.5000
v 25.6030 8.8830 0.000
v 25.6030 8.8830 2.5000
v 25.7534 1.2554 0.000
v 25.7534 1.2554 2.5000
v 25.6534 1.2534 0.000
v 25.6534 1.2534 2.5000
v 25.5030 8.8810 0.000
v 25.5030 8.8810 2.5000
v 28.1728 1.2084 0.000
v 28.1728 1.2084 2.5000
v 28.1713 1.5368 0.000
v 28.1713 1.5368 2.5000
v 28.2713 1.5373 0.000
v 28.2713 1.5373 2.5000
v 28.2728 1.2088 0.000
v 28.2728 1.2088 2.5000
v 28.1715 1.5370 0.000
v 28.1715 1.5370 2.5000
v 29.2746 1.5370 0.000
v 29.2746 1.5370 2.5000
v 29.2746 1.4370 0.000
v 29.2746 1.4370 2.5000
v 28.1715 1.4370 0.000
v 28.1715 1.4370 2.5000
v 29.1746 1.4370 0.000
v 29.1746 1.4370 2.5000
v 29.1746 8.2326 0.000
v 29.1746 8.2326 2.5000
v 29.2746 8.2326 0.000
v 29.2746 8.2326 2.5000
v 29.2746 1.4370 0.000
v 29.2746 1.4370 2.5000
v 29.1746 8.2326 0.000
v 29.1746 8.2326 2.5000
v 33.9392 8.2326 0.000
v 33.9392 8.2326 2.5000
v 33.9392 8.1326 0.000
v 33.9392 8.1326 2.5000
v 29.1746 8.1326 0.000
v 29.1746 8.1326 2.5000
v 33.9392 8.2326 0.000
v 33.9392 8.2326 2.5000
v 33.9392 7.7964 0.000
v 33.9392 7.7964 2.5000
v 33.8392 7.7964 0.000
v 33.8392 7.7964 2.5000
v 33.8392 8.2326 0.000
v 33.8392 8.2326 2.5000
v 33.9392 7.8964 0.000
v 33.9392 7.8964 2.5000
v 33.9392 6.3956 0.000
v 33.9392 6.3956 2.5000
v 33.8392 6.3956 0.000
v 33.8392 6.3956 2.5000
v 33.8392 7.8964 0.000
v 33.8392 7.8964 2.5000
v 33.9392 6.3956 0.000
v 33.9392 6.3956 2.5000
v 33.0408 6.3956 0.000
v 33.0408 6.3956 2.5000
v 33.0408 6.4956 0.000
v 33.0408 6.4956 2.5000
v 33.9392 6.4956 0.000
v 33.9392 6.4956 2.5000
v 33.1408 6.4956 0.000
v 33.1408 6.4956 2.5000
v 33.1408 1.3107 0.000
v 33.1408 1.3107 2.5000
v 33.0408 1.3107 0.000
v 33.0408 1.3107 2.5000
v 33.0408 6.4956 0.000
v 33.0408 6.4956 2.5000
v 33.0408 1.4107 0.000
v 33.0408 1.4107 2.5000
v 34.2614 1.4107 0.000
v 34.2614 1.4107 2.5000
v 34.2614 1.3107 0.000
v 34.2614 1.3107 2.5000
v 33.0408 1.3107 0.000
v 33.0408 1.3107 2.5000
v 34.2648 1.4071 0.000
v 34.2648 1.4071 2.5000
v 34.2555 1.2749 0.000
v 34.2555 1.2749 2.5000
v 34.1558 1.2819 0.000
v 34.1558 1.2819 2.5000
v 34.1650 1.4141 0.000
v 34.1650 1.4141 2.5000
v 34.2597 1.2788 0.000
v 34.2597 1.2788 2.5000
v 28.1732 1.2080 0.000
v 28.1732 1.2080 2.5000
v 28.1720 1.3080 0.000
v 28.1720 1.3080 2.5000
v 34.2586 1.3788 0.000
v 34.2586 1.3788 2.5000
v 15.6573 15.0828 0.000
v 15.6573 15.0828 2.5000
v 13.0792 15.0828 0.000
v 13.0792 15.0828 2.5000
v 13.0792 15.1828 0.000
v 13.0792 15.1828 2.5000
v 15.6573 15.1828 0.000
v 15.6573 15.1828 2.5000
v 13.1792 15.1828 0.000
v 13.1792 15.1828 2.5000
v 13.1792 13.4683 0.000
v 13.1792 13.4683 2.5000
v 13.0792 13.4683 0.000
v 13.0792 13.4683 2.5000
v 13.0792 15.1828 0.000
v 13.0792 15.1828 2.5000
v 15.6573 15.1828 0.000
v 15.6573 15.1828 2.5000
v 15.6573 10.8775 0.000
v 15.6573 10.8775 2.5000
v 15.5573 10.8775 0.000
v 15.5573 10.8775 2.5000
v 15.5573 15.1828 0.000
v 15.5573 15.1828 2.5000
v 15.5573 10.9775 0.000
v 15.5573 10.9775 2.5000
v 19.0272 10.9775 0.000
v 19.0272 10.9775 2.5000
v 19.0272 10.8775 0.000
v 19.0272 10.8775 2.5000
v 15.5573 10.8775 0.000
v 15.5573 10.8775 2.5000
v 18.9272 10.8775 0.000
v 18.9272 10.8775 2.5000
v 18.9272 11.8880 0.000
v 18.9272 11.8880 2.5000
v 19.0272 11.8880 0.000
v 19.0272 11.8880 2.5000
v 19.0272 10.8775 0.000
v 19.0272 10.8775 2.5000
v 18.9272 11.8880 0.000
v 18.9272 11.8880 2.5000
v 19.2901 11.8880 0.000
v 19.2901 11.8880 2.5000
v 19.2901 11.7880 0.000
v 19.2901 11.7880 2.5000
v 18.9272 11.7880 0.000
v 18.9272 11.7880 2.5000
v 19.0272 11.7880 0.000
v 19.0272 11.7880 2.5000
v 15.6043 11.7880 0.000
v 15.6043 11.7880 2.5000
v 15.6043 11.8880 0.000
v 15.6043 11.8880 2.5000
v 19.0272 11.8880 0.000
v 19.0272 11.8880 2.5000
v 20.5417 11.9913 0.000
v 20.5417 11.9913 2.5000
v 20.8764 11.9913 0.000
v 20.8764 11.9913 2.5000
v 20.8764 11.8913 0.000
v 20.8764 11.8913 2.5000
v 20.5417 11.8913 0.000
v 20.5417 11.8913 2.5000
v 20.8764 11.9913 0.000
v 20.8764 11.9913 2.5000
v 20.8764 10.7836 0.000
v 20.8764 10.7836 2.5000
v 20.7764 10.7836 0.000
v 20.7764 10.7836 2.5000
v 20.7764 11.9913 0.000
v 20.7764 11.9913 2.5000
v 20.7764 10.8836 0.000
v 20.7764 10.8836 2.5000
v 25.3633 10.8836 0.000
v 25.3633 10.8836 2.5000
v 25.3633 10.7836 0.000
v 25.3633 10.7836 2.5000
v 20.7764 10.7836 0.000
v 20.7764 10.7836 2.5000
v 25.3633 10.8836 0.000
v 25.3633 10.8836 2.5000
v 25.3633 10.4645 0.000
v 25.3633 10.4645 2.5000
v 25.2633 10.4645 0.000
v 25.2633 10.4645 2.5000
v 25.2633 10.8836 0.000
v 25.2633 10.8836 2.5000
v 25.2633 10.5645 0.000
v 25.2633 10.5645 2.5000
v 25.5792 10.5645 0.000
v 25.5792 10.5645 2.5000
v 25.5792 10.4645 0.000
v 25.5792 10.4645 2.5000
v 25.2633 10.4645 0.000
v 25.2633 10.4645 2.5000
v 25.4792 10.4645 0.000
v 25.4792 10.4645 2.5000
v 25.4792 18.4588 0.000
v 25.4792 18.4588 2.5000
v 25.5792 18.4588 0.000
v 25.5792 18.4588 2.5000
v 25.5792 10.4645 0.000
v 25.5792 10.4645 2.5000
v 16.3027 18.3330 0.000
v 16.3027 18.3330 2.5000
v 22.8946 18.3330 0.000
v 22.8946 18.3330 2.5000
v 22.8946 18.2330 0.000
v 22.8946 18.2330 2.5000
v 16.3027 18.2330 0.000
v 16.3027 18.2330 2.5000
v 22.7946 18.2330 0.000
v 22.7946 18.2330 2.5000
v 22.7946 18.5308 0.000
v 22.7946 18.5308 2.5000
v 22.8946 18.5308 0.000
v 22.8946 18.5308 2.5000
v 22.8946 18.2330 0.000
v 22.8946 18.2330 2.5000
v 22.7959 18.5321 0.000
v 22.7959 18.5321 2.5000
v 25.5805 18.4574 0.000
v 25.5805 18.4574 2.5000
v 25.5778 18.3575 0.000
v 25.5778 18.3575 2.5000
v 22.7933 18.4321 0.000
v 22.7933 18.4321 2.5000
v 27.0063 17.1533 0.000
v 27.0063 17.1533 2.5000
v 35.4329 17.1533 0.000
v 35.4329 17.1533 2.5000
v 35.4329 17.0533 0.000
v 35.4329 17.0533 2.5000
v 27.0063 17.0533 0.000
v 27.0063 17.0533 2.5000
v 29.8127 18.2317 0.000
v 29.8127 18.2317 2.5000
v 29.8127 17.7065 0.000
v 29.8127 17.7065 2.5000
v 29.7127 17.7065 0.000
v 29.7127 17.7065 2.5000
v 29.7127 18.2317 0.000
v 29.7127 18.2317 2.5000
v 29.7127 17.8065 0.000
v 29.7127 17.8065 2.5000
v 30.4245 17.8065 0.000
v 30.4245 17.8065 2.5000
v 30.4245 17.7065 0.000
v 30.4245 17.7065 2.5000
v 29.7127 17.7065 0.000
v 29.7127 17.7065 2.5000
v 30.3245 17.7065 0.000
v 30.3245 17.7065 2.5000
v 30.3245 18.2006 0.000
v 30.3245 18.2006 2.5000
v 30.4245 18.2006 0.000
v 30.4245 18.2006 2.5000
v 30.4245 17.7065 0.000
v 30.4245 17.7065 2.5000
v 30.4219 18.0981 0.000
v 30.4219 18.0981 2.5000
v 29.7102 18.1343 0.000
v 29.7102 18.1343 2.5000
v 29.7153 18.2342 0.000
v 29.7153 18.2342 2.5000
v 30.4270 18.1980 0.000
v 30.4270 18.1980 2.5000
v 34.7382 18.2421 0.000
v 34.7382 18.2421 2.5000
v 34.7382 17.7169 0.000
v 34.7382 17.7169 2.5000
v 34.6382 17.7169 0.000
v 34.6382 17.7169 2.5000
v 34.6382 18.2421 0.000
v 34.6382 18.2421 2.5000
v 34.6382 17.8169 0.000
v 34.6382 17.8169 2.5000
v 35.4329 17.8169 0.000
v 35.4329 17.8169 2.5000
v 35.4329 17.7169 0.000
v 35.4329 17.7169 2.5000
v 34.6382 17.7169 0.000
v 34.6382 17.7169 2.5000
v 35.3329 17.7169 0.000
v 35.3329 17.7169 2.5000
v 35.3329 18.2524 0.000
v 35.3329 18.2524 2.5000
v 35.4329 18.2524 0.000
v 35.4329 18.2524 2.5000
v 35.4329 17.7169 0.000
v 35.4329 17.7169 2.5000
v 35.4337 18.1532 0.000
v 35.4337 18.1532 2.5000
v 34.6389 18.1413 0.000
v 34.6389 18.1413 2.5000
v 34.6374 18.2413 0.000
v 34.6374 18.2413 2.5000
v 35.4322 18.2532 0.000
v 35.4322 18.2532 2.5000
v 37.0013 24.5840 0.000
v 37.0013 24.5840 2.5000
v 37.0013 10.4732 0.000
v 37.0013 10.4732 2.5000
v 36.9013 10.4732 0.000
v 36.9013 10.4732 2.5000
v 36.9013 24.5840 0.000
v 36.9013 24.5840 2.5000
v 37.0755 8.8728 0.000
v 37.0755 8.8728 2.5000
v 36.9526 0.0000 0.000
v 36.9526 0.0000 2.5000
v 36.8526 0.0014 0.000
v 36.8526 0.0014 2.5000
v 36.9755 8.8742 0.000
v 36.9755 8.8742 2.5000
v 36.8528 0.1002 0.000
v 36.8528 0.1002 2.5000
v 39.6700 0.1274 0.000
v 39.6700 0.1274 2.5000
v 39.6710 0.0274 0.000
v 39.6710 0.0274 2.5000
v 36.8538 0.0002 0.000
v 36.8538 0.0002 2.5000
v 39.6435 0.0100 0.000
v 39.6435 0.0100 2.5000
v 36.8364 1.3819 0.000
v 36.8364 1.3819 2.5000
v 36.8803 1.4718 0.000
v 36.8803 1.4718 2.5000
v 39.6874 0.0999 0.000
v 39.6874 0.0999 2.5000
v 45.3648 0.2391 0.000
v 45.3648 0.2391 2.5000
v 52.9913 0.2391 0.000
v 52.9913 0.2391 2.5000
v 52.9913 0.1391 0.000
v 52.9913 0.1391 2.5000
v 45.3648 0.1391 0.000
v 45.3648 0.1391 2.5000
v 49.1466 2.1452 0.000
v 49.1466 2.1452 2.5000
v 49.1466 1.7357 0.000
v 49.1466 1.7357 2.5000
v 49.0466 1.7357 0.000
v 49.0466 1.7357 2.5000
v 49.0466 2.1452 0.000
v 49.0466 2.1452 2.5000
v 49.0466 1.8357 0.000
v 49.0466 1.8357 2.5000
v 50.0915 1.8357 0.000
v 50.0915 1.8357 2.5000
v 50.0915 1.7357 0.000
v 50.0915 1.7357 2.5000
v 49.0466 1.7357 0.000
v 49.0466 1.7357 2.5000
v 50.0915 1.8357 0.000
v 50.0915 1.8357 2.5000
v 50.0915 0.1554 0.000
v 50.0915 0.1554 2.5000
v 49.9915 0.1554 0.000
v 49.9915 0.1554 2.5000
v 49.9915 1.8357 0.000
v 49.9915 1.8357 2.5000
v 52.0279 0.1717 0.000
v 52.0279 0.1717 2.5000
v 52.0279 1.7868 0.000
v 52.0279 1.7868 2.5000
v 52.1279 1.7868 0.000
v 52.1279 1.7868 2.5000
v 52.1279 0.1717 0.000
v 52.1279 0.1717 2.5000
v 52.0279 1.7868 0.000
v 52.0279 1.7868 2.5000
v 53.0565 1.7868 0.000
v 53.0565 1.7868 2.5000
v 53.0565 1.6868 0.000
v 53.0565 1.6868 2.5000
v 52.0279 1.6868 0.000
v 52.0279 1.6868 2.5000
v 52.9565 1.6868 0.000
v 52.9565 1.6868 2.5000
v 52.9565 2.6991 0.000
v 52.9565 2.6991 2.5000
v 53.0565 2.6991 0.000
v 53.0565 2.6991 2.5000
v 53.0565 1.6868 0.000
v 53.0565 1.6868 2.5000
v 53.0565 2.5991 0.000
v 53.0565 2.5991 2.5000
v 52.5981 2.5991 0.000
v 52.5981 2.5991 2.5000
v 52.5981 2.6991 0.000
v 52.5981 2.6991 2.5000
v 53.0565 2.6991 0.000
v 53.0565 2.6991 2.5000
v 52.5981 2.5991 0.000
v 52.5981 2.5991 2.5000
v 52.5981 13.5001 0.000
v 52.5981 13.5001 2.5000
v 52.6981 13.5001 0.000
v 52.6981 13.5001 2.5000
v 52.6981 2.5991 0.000
v 52.6981 2.5991 2.5000
v 52.6981 13.4001 0.000
v 52.6981 13.4001 2.5000
v 52.2885 13.4001 0.000
v 52.2885 13.4001 2.5000
v 52.2885 13.5001 0.000
v 52.2885 13.5001 2.5000
v 52.6981 13.5001 0.000
v 52.6981 13.5001 2.5000
v 52.2885 13.4001 0.000
v 52.2885 13.4001 2.5000
v 52.2885 17.8010 0.000
v 52.2885 17.8010 2.5000
v 52.3885 17.8010 0.000
v 52.3885 17.8010 2.5000
v 52.3885 13.4001 0.000
v 52.3885 13.4001 2.5000
v 52.2885 17.8010 0.000
v 52.2885 17.8010 2.5000
v 54.5064 17.8010 0.000
v 54.5064 17.8010 2.5000
v 54.5064 17.7010 0.000
v 54.5064 17.7010 2.5000
v 52.2885 17.7010 0.000
v 52.2885 17.7010 2.5000
v 54.5064 17.8010 0.000
v 54.5064 17.8010 2.5000
v 54.5064 17.4729 0.000
v 54.5064 17.4729 2.5000
v 54.4064 17.4729 0.000
v 54.4064 17.4729 2.5000
v 54.4064 17.8010 0.000
v 54.4064 17.8010 2.5000
v 54.4064 17.5729 0.000
v 54.4064 17.5729 2.5000
v 54.7833 17.5729 0.000
v 54.7833 17.5729 2.5000
v 54.7833 17.4729 0.000
v 54.7833 17.4729 2.5000
v 54.4064 17.4729 0.000
v 54.4064 17.4729 2.5000
v 54.6833 17.5729 0.000
v 54.6833 17.5729 2.5000
v 54.9951 17.5729 0.000
v 54.9951 17.5729 2.5000
v 54.9951 17.4729 0.000
v 54.9951 17.4729 2.5000
v 54.6833 17.4729 0.000
v 54.6833 17.4729 2.5000
v 54.8951 17.4729 0.000
v 54.8951 17.4729 2.5000
v 54.8951 17.8010 0.000
v 54.8951 17.8010 2.5000
v 54.9951 17.8010 0.000
v 54.9951 17.8010 2.5000
v 54.9951 17.4729 0.000
v 54.9951 17.4729 2.5000
v 54.8951 17.8010 0.000
v 54.8951 17.8010 2.5000
v 55.7119 17.8010 0.000
v 55.7119 17.8010 2.5000
v 55.7119 17.7010 0.000
v 55.7119 17.7010 2.5000
v 54.8951 17.7010 0.000
v 54.8951 17.7010 2.5000
v 55.7119 17.8010 0.000
v 55.7119 17.8010 2.5000
v 55.7119 12.9766 0.000
v 55.7119 12.9766 2.5000
v 55.6119 12.9766 0.000
v 55.6119 12.9766 2.5000
v 55.6119 17.8010 0.000
v 55.6119 17.8010 2.5000
v 55.6119 13.0766 0.000
v 55.6119 13.0766 2.5000
v 61.0554 13.0766 0.000
v 61.0554 13.0766 2.5000
v 61.0554 12.9766 0.000
v 61.0554 12.9766 2.5000
v 55.6119 12.9766 0.000
v 55.6119 12.9766 2.5000
v 61.0554 13.0766 0.000
v 61.0554 13.0766 2.5000
v 61.0554 11.6081 0.000
v 61.0554 11.6081 2.5000
v 60.9554 11.6081 0.000
v 60.9554 11.6081 2.5000
v 60.9554 13.0766 0.000
v 60.9554 13.0766 2.5000
v 61.0554 11.6081 0.000
v 61.0554 11.6081 2.5000
v 60.6785 11.6081 0.000
v 60.6785 11.6081 2.5000
v 60.6785 11.7081 0.000
v 60.6785 11.7081 2.5000
v 61.0554 11.7081 0.000
v 61.0554 11.7081 2.5000
v 60.7785 11.7081 0.000
v 60.7785 11.7081 2.5000
v 60.7785 11.0053 0.000
v 60.7785 11.0053 2.5000
v 60.6785 11.0053 0.000
v 60.6785 11.0053 2.5000
v 60.6785 11.7081 0.000
v 60.6785 11.7081 2.5000
v 60.6785 11.1053 0.000
v 60.6785 11.1053 2.5000
v 61.1206 11.1053 0.000
v 61.1206 11.1053 2.5000
v 61.1206 11.0053 0.000
v 61.1206 11.0053 2.5000
v 60.6785 11.0053 0.000
v 60.6785 11.0053 2.5000
v 61.1206 11.1053 0.000
v 61.1206 11.1053 2.5000
v 61.1206 6.4330 0.000
v 61.1206 6.4330 2.5000
v 61.0206 6.4330 0.000
v 61.0206 6.4330 2.5000
v 61.0206 11.1053 0.000
v 61.0206 11.1053 2.5000
v 61.1206 6.4330 0.000
v 61.1206 6.4330 2.5000
v 60.7645 6.4330 0.000
v 60.7645 6.4330 2.5000
v 60.7645 6.5330 0.000
v 60.7645 6.5330 2.5000
v 61.1206 6.5330 0.000
v 61.1206 6.5330 2.5000
v 60.8645 6.5330 0.000
v 60.8645 6.5330 2.5000
v 60.8645 5.8003 0.000
v 60.8645 5.8003 2.5000
v 60.7645 5.8003 0.000
v 60.7645 5.8003 2.5000
v 60.7645 6.5330 0.000
v 60.7645 6.5330 2.5000
v 60.7645 5.9003 0.000
v 60.7645 5.9003 2.5000
v 61.1334 5.9003 0.000
v 61.1334 5.9003 2.5000
v 61.1334 5.8003 0.000
v 61.1334 5.8003 2.5000
v 60.7645 5.8003 0.000
v 60.7645 5.8003 2.5000
v 61.1334 5.9003 0.000
v 61.1334 5.9003 2.5000
v 61.1334 2.3996 0.000
v 61.1334 2.3996 2.5000
v 61.0334 2.3996 0.000
v 61.0334 2.3996 2.5000
v 61.0334 5.9003 0.000
v 61.0334 5.9003 2.5000
v 61.1334 2.3996 0.000
v 61.1334 2.3996 2.5000
v 60.6221 2.3996 0.000
v 60.6221 2.3996 2.5000
v 60.6221 2.4996 0.000
v 60.6221 2.4996 2.5000
v 61.1334 2.4996 0.000
v 61.1334 2.4996 2.5000
v 60.7221 2.4996 0.000
v 60.7221 2.4996 2.5000
v 60.7221 1.8302 0.000
v 60.7221 1.8302 2.5000
v 60.6221 1.8302 0.000
v 60.6221 1.8302 2.5000
v 60.6221 2.4996 0.000
v 60.6221 2.4996 2.5000
v 60.6221 1.9302 0.000
v 60.6221 1.9302 2.5000
v 61.1176 1.9302 0.000
v 61.1176 1.9302 2.5000
v 61.1176 1.8302 0.000
v 61.1176 1.8302 2.5000
v 60.6221 1.8302 0.000
v 60.6221 1.8302 2.5000
v 49.0345 2.1782 0.000
v 49.0345 2.1782 2.5000
v 49.0345 2.6831 0.000
v 49.0345 2.6831 2.5000
v 49.1345 2.6831 0.000
v 49.1345 2.6831 2.5000
v 49.1345 2.1782 0.000
v 49.1345 2.1782 2.5000
v 49.0345 2.6831 0.000
v 49.0345 2.6831 2.5000
v 49.3622 2.6831 0.000
v 49.3622 2.6831 2.5000
v 49.3622 2.5831 0.000
v 49.3622 2.5831 2.5000
v 49.0345 2.5831 0.000
v 49.0345 2.5831 2.5000
v 49.2622 2.5831 0.000
v 49.2622 2.5831 2.5000
v 49.2622 8.2508 0.000
v 49.2622 8.2508 2.5000
v 49.3622 8.2508 0.000
v 49.3622 8.2508 2.5000
v 49.3622 2.5831 0.000
v 49.3622 2.5831 2.5000
v 49.3622 8.1508 0.000
v 49.3622 8.1508 2.5000
v 37.0641 8.1508 0.000
v 37.0641 8.1508 2.5000
v 37.0641 8.2508 0.000
v 37.0641 8.2508 2.5000
v 49.3622 8.2508 0.000
v 49.3622 8.2508 2.5000
v 37.0641 8.1508 0.000
v 37.0641 8.1508 2.5000
v 37.0641 8.6177 0.000
v 37.0641 8.6177 2.5000
v 37.1641 8.6177 0.000
v 37.1641 8.6177 2.5000
v 37.1641 8.1508 0.000
v 37.1641 8.1508 2.5000
v 37.0641 8.6177 0.000
v 37.0641 8.6177 2.5000
v 49.5394 8.6177 0.000
v 49.5394 8.6177 2.5000
v 49.5394 8.5177 0.000
v 49.5394 8.5177 2.5000
v 37.0641 8.5177 0.000
v 37.0641 8.5177 2.5000
v 49.5394 8.6177 0.000
v 49.5394 8.6177 2.5000
v 49.5394 6.3919 0.000
v 49.5394 6.3919 2.5000
v 49.4394 6.3919 0.000
v 49.4394 6.3919 2.5000
v 49.4394 8.6177 0.000
v 49.4394 8.6177 2.5000
v 49.4394 6.4919 0.000
v 49.4394 6.4919 2.5000
v 51.0578 6.4919 0.000
v 51.0578 6.4919 2.5000
v 51.0578 6.3919 0.000
v 51.0578 6.3919 2.5000
v 49.4394 6.3919 0.000
v 49.4394 6.3919 2.5000
v 50.9578 6.3919 0.000
v 50.9578 6.3919 2.5000
v 50.9578 9.2378 0.000
v 50.9578 9.2378 2.5000
v 51.0578 9.2378 0.000
v 51.0578 9.2378 2.5000
v 51.0578 6.3919 0.000
v 51.0578 6.3919 2.5000
v 50.9578 9.2378 0.000
v 50.9578 9.2378 2.5000
v 52.6522 9.2378 0.000
v 52.6522 9.2378 2.5000
v 52.6522 9.1378 0.000
v 52.6522 9.1378 2.5000
v 50.9578 9.1378 0.000
v 50.9578 9.1378 2.5000
v 13.0744 13.4591 0.000
v 13.0744 13.4591 2.5000
v 10.7146 13.4591 0.000
v 10.7146 13.4591 2.5000
v 10.7146 13.5591 0.000
v 10.7146 13.5591 2.5000
v 13.0744 13.5591 0.000
v 13.0744 13.5591 2.5000
v 20.7764 11.9913 0.000
v 20.7764 11.9913 2.5000
v 21.0653 11.9913 0.000
v 21.0653 11.9913 2.5000
v 21.0653 11.8913 0.000
v 21.0653 11.8913 2.5000
v 20.7764 11.8913 0.000
v 20.7764 11.8913 2.5000
v 20.9653 11.8913 0.000
v 20.9653 11.8913 2.5000
v 20.9653 12.5573 0.000
v 20.9653 12.5573 2.5000
v 21.0653 12.5573 0.000
v 21.0653 12.5573 2.5000
v 21.0653 11.8913 0.000
v 21.0653 11.8913 2.5000
v 20.9653 12.5573 0.000
v 20.9653 12.5573 2.5000
v 21.6011 12.5573 0.000
v 21.6011 12.5573 2.5000
v 21.6011 12.4573 0.000
v 21.6011 12.4573 2.5000
v 20.9653 12.4573 0.000
v 20.9653 12.4573 2.5000
v 21.6011 12.5573 0.000
v 21.6011 12.5573 2.5000
v 21.6011 11.8982 0.000
v 21.6011 11.8982 2.5000
v 21.5011 11.8982 0.000
v 21.5011 11.8982 2.5000
v 21.5011 12.5573 0.000
v 21.5011 12.5573 2.5000
v 21.5011 11.9982 0.000
v 21.5011 11.9982 2.5000
v 25.5616 11.9982 0.000
v 25.5616 11.9982 2.5000
v 25.5616 11.8982 0.000
v 25.5616 11.8982 2.5000
v 21.5011 11.8982 0.000
v 21.5011 11.8982 2.5000
v 9.2059 16.3391 0.000
v 9.2059 16.3391 2.5000
v 9.2059 15.4791 0.000
v 9.2059 15.4791 2.5000
v 9.1059 15.4791 0.000
v 9.1059 15.4791 2.5000
v 9.1059 16.3391 0.000
v 9.1059 16.3391 2.5000
v 9.1059 15.5791 0.000
v 9.1059 15.5791 2.5000
v 9.7669 15.5791 0.000
v 9.7669 15.5791 2.5000
v 9.7669 15.4791 0.000
v 9.7669 15.4791 2.5000
v 9.1059 15.4791 0.000
v 9.1059 15.4791 2.5000
v 9.6669 15.4791 0.000
v 9.6669 15.4791 2.5000
v 9.6669 16.3391 0.000
v 9.6669 16.3391 2.5000
v 9.7669 16.3391 0.000
v 9.7669 16.3391 2.5000
v 9.7669 15.4791 0.000
v 9.7669 15.4791 2.5000
v 9.7669 16.2391 0.000
v 9.7669 16.2391 2.5000
v 8.9430 16.2391 0.000
v 8.9430 16.2391 2.5000
v 8.9430 16.3391 0.000
v 8.9430 16.3391 2.5000
v 9.7669 16.3391 0.000
v 9.7669 16.3391 2.5000
v 7.2316 6.1382 0.000
v 7.2316 6.1382 2.5000
v 7.2316 5.3214 0.000
v 7.2316 5.3214 2.5000
v 7.1316 5.3214 0.000
v 7.1316 5.3214 2.5000
v 7.1316 6.1382 0.000
v 7.1316 6.1382 2.5000
v 7.1316 5.4214 0.000
v 7.1316 5.4214 2.5000
v 7.6701 5.4214 0.000
v 7.6701 5.4214 2.5000
v 7.6701 5.3214 0.000
v 7.6701 5.3214 2.5000
v 7.1316 5.3214 0.000
v 7.1316 5.3214 2.5000
v 7.5701 5.3214 0.000
v 7.5701 5.3214 2.5000
v 7.5701 6.1382 0.000
v 7.5701 6.1382 2.5000
v 7.6701 6.1382 0.000
v 7.6701 6.1382 2.5000
v 7.6701 5.3214 0.000
v 7.6701 5.3214 2.5000
v 7.6701 6.0382 0.000
v 7.6701 6.0382 2.5000
v 7.1316 6.0382 0.000
v 7.1316 6.0382 2.5000
v 7.1316 6.1382 0.000
v 7.1316 6.1382 2.5000
v 7.6701 6.1382 0.000
v 7.6701 6.1382 2.5000
v 40.8745 2.9118 0.000
v 40.8745 2.9118 2.5000
v 40.8745 1.8317 0.000
v 40.8745 1.8317 2.5000
v 40.7745 1.8317 0.000
v 40.7745 1.8317 2.5000
v 40.7745 2.9118 0.000
v 40.7745 2.9118 2.5000
v 40.7745 1.9317 0.000
v 40.7745 1.9317 2.5000
v 41.4253 1.9317 0.000
v 41.4253 1.9317 2.5000
v 41.4253 1.8317 0.000
v 41.4253 1.8317 2.5000
v 40.7745 1.8317 0.000
v 40.7745 1.8317 2.5000
v 41.3253 1.8317 0.000
v 41.3253 1.8317 2.5000
v 41.3253 2.9047 0.000
v 41.3253 2.9047 2.5000
v 41.4253 2.9047 0.000
v 41.4253 2.9047 2.5000
v 41.4253 1.8317 0.000
v 41.4253 1.8317 2.5000
v 41.4247 2.8040 0.000
v 41.4247 2.8040 2.5000
v 40.7738 2.8125 0.000
v 40.7738 2.8125 2.5000
v 40.7751 2.9125 0.000
v 40.7751 2.9125 2.5000
v 41.4260 2.9040 0.000
v 41.4260 2.9040 2.5000
v 49.2210 11.0159 0.000
v 49.2210 11.0159 2.5000
v 52.6591 11.0159 0.000
v 52.6591 11.0159 2.5000
v 52.6591 10.9159 0.000
v 52.6591 10.9159 2.5000
v 49.2210 10.9159 0.000
v 49.2210 10.9159 2.5000
v 49.6848 13.5346 0.000
v 49.6848 13.5346 2.5000
v 52.3892 13.4995 0.000
v 52.3892 13.4995 2.5000
v 52.3879 13.3995 0.000
v 52.3879 13.3995 2.5000
v 49.6835 13.4346 0.000
v 49.6835 13.4346 2.5000
v 49.6841 13.4339 0.000
v 49.6841 13.4339 2.5000
v 49.6841 14.8942 0.000
v 49.6841 14.8942 2.5000
v 49.7841 14.8942 0.000
v 49.7841 14.8942 2.5000
v 49.7841 13.4339 0.000
v 49.7841 13.4339 2.5000
v 49.7841 14.7942 0.000
v 49.7841 14.7942 2.5000
v 47.4458 14.7942 0.000
v 47.4458 14.7942 2.5000
v 47.4458 14.8942 0.000
v 47.4458 14.8942 2.5000
v 49.7841 14.8942 0.000
v 49.7841 14.8942 2.5000
v 47.5458 14.8942 0.000
v 47.5458 14.8942 2.5000
v 47.5458 11.0027 0.000
v 47.5458 11.0027 2.5000
v 47.4458 11.0027 0.000
v 47.4458 11.0027 2.5000
v 47.4458 14.8942 0.000
v 47.4458 14.8942 2.5000
v 47.5458 11.0027 0.000
v 47.5458 11.0027 2.5000
v 43.4710 11.0027 0.000
v 43.4710 11.0027 2.5000
v 43.4710 11.1027 0.000
v 43.4710 11.1027 2.5000
v 47.5458 11.1027 0.000
v 47.5458 11.1027 2.5000
v 43.4710 11.0027 0.000
v 43.4710 11.0027 2.5000
v 43.4710 12.0675 0.000
v 43.4710 12.0675 2.5000
v 43.5710 12.0675 0.000
v 43.5710 12.0675 2.5000
v 43.5710 11.0027 0.000
v 43.5710 11.0027 2.5000
v 43.5710 11.9675 0.000
v 43.5710 11.9675 2.5000
v 43.1912 11.9675 0.000
v 43.1912 11.9675 2.5000
v 43.1912 12.0675 0.000
v 43.1912 12.0675 2.5000
v 43.5710 12.0675 0.000
v 43.5710 12.0675 2.5000
v 43.1912 12.0675 0.000
v 43.1912 12.0675 2.5000
v 47.5265 12.0675 0.000
v 47.5265 12.0675 2.5000
v 47.5265 11.9675 0.000
v 47.5265 11.9675 2.5000
v 43.1912 11.9675 0.000
v 43.1912 11.9675 2.5000
v 47.4265 11.9675 0.000
v 47.4265 11.9675 2.5000
v 47.4265 17.4798 0.000
v 47.4265 17.4798 2.5000
v 47.5265 17.4798 0.000
v 47.5265 17.4798 2.5000
v 47.5265 11.9675 0.000
v 47.5265 11.9675 2.5000
v 47.5265 17.3798 0.000
v 47.5265 17.3798 2.5000
v 46.9634 17.3798 0.000
v 46.9634 17.3798 2.5000
v 46.9634 17.4798 0.000
v 46.9634 17.4798 2.5000
v 47.5265 17.4798 0.000
v 47.5265 17.4798 2.5000
v 46.9634 17.3798 0.000
v 46.9634 17.3798 2.5000
v 46.9634 17.9429 0.000
v 46.9634 17.9429 2.5000
v 47.0634 17.9429 0.000
v 47.0634 17.9429 2.5000
v 47.0634 17.3798 0.000
v 47.0634 17.3798 2.5000
v 47.0634 17.8429 0.000
v 47.0634 17.8429 2.5000
v 36.9299 17.8429 0.000
v 36.9299 17.8429 2.5000
v 36.9299 17.9429 0.000
v 36.9299 17.9429 2.5000
v 47.0634 17.9429 0.000
v 47.0634 17.9429 2.5000
v 37.0495 11.9085 0.000
v 37.0495 11.9085 2.5000
v 41.8058 11.9085 0.000
v 41.8058 11.9085 2.5000
v 41.8058 11.8085 0.000
v 41.8058 11.8085 2.5000
v 37.0495 11.8085 0.000
v 37.0495 11.8085 2.5000
v 41.8058 11.9085 0.000
v 41.8058 11.9085 2.5000
v 41.8058 10.8505 0.000
v 41.8058 10.8505 2.5000
v 41.7058 10.8505 0.000
v 41.7058 10.8505 2.5000
v 41.7058 11.9085 0.000
v 41.7058 11.9085 2.5000
v 41.8058 10.8505 0.000
v 41.8058 10.8505 2.5000
v 36.9161 10.8505 0.000
v 36.9161 10.8505 2.5000
v 36.9161 10.9505 0.000
v 36.9161 10.9505 2.5000
v 41.8058 10.9505 0.000
v 41.8058 10.9505 2.5000
v 15.1567 18.3555 0.000
v 15.1567 18.3555 2.5000
v 15.1567 17.8263 0.000
v 15.1567 17.8263 2.5000
v 15.0567 17.8263 0.000
v 15.0567 17.8263 2.5000
v 15.0567 18.3555 0.000
v 15.0567 18.3555 2.5000
v 15.0567 17.9263 0.000
v 15.0567 17.9263 2.5000
v 15.9138 17.9263 0.000
v 15.9138 17.9263 2.5000
v 15.9138 17.8263 0.000
v 15.9138 17.8263 2.5000
v 15.0567 17.8263 0.000
v 15.0567 17.8263 2.5000
v 15.8138 17.8263 0.000
v 15.8138 17.8263 2.5000
v 15.8138 18.3603 0.000
v 15.8138 18.3603 2.5000
v 15.9138 18.3603 0.000
v 15.9138 18.3603 2.5000
v 15.9138 17.8263 0.000
v 15.9138 17.8263 2.5000
v 15.9141 18.2606 0.000
v 15.9141 18.2606 2.5000
v 15.0570 18.2551 0.000
v 15.0570 18.2551 2.5000
v 15.0564 18.3551 0.000
v 15.0564 18.3551 2.5000
v 15.9135 18.3606 0.000
v 15.9135 18.3606 2.5000
v 0.1376 23.3560 0.000
v 0.1376 23.3560 2.5000
v 0.0641 24.8120 0.000
v 0.0641 24.8120 2.5000
v 0.1640 24.8171 0.000
v 0.1640 24.8171 2.5000
v 0.2374 23.3610 0.000
v 0.2374 23.3610 2.5000
v 0.0666 24.8147 0.000
v 0.0666 24.8147 2.5000
v 16.6579 24.7840 0.000
v 16.6579 24.7840 2.5000
v 16.6577 24.6840 0.000
v 16.6577 24.6840 2.5000
v 0.0664 24.7147 0.000
v 0.0664 24.7147 2.5000
v 55.6194 24.8209 0.000
v 55.6194 24.8209 2.5000
v 61.2935 24.8410 0.000
v 61.2935 24.8410 2.5000
v 61.2939 24.7410 0.000
v 61.2939 24.7410 2.5000
v 55.6198 24.7209 0.000
v 55.6198 24.7209 2.5000
v 61.2937 24.8409 0.000
v 61.2937 24.8409 2.5000
v 61.3119 10.9273 0.000
v 61.3119 10.9273 2.5000
v 61.2119 10.9272 0.000
v 61.2119 10.9272 2.5000
v 61.1937 24.8407 0.000
v 61.1937 24.8407 2.5000
v 61.2892 10.9121 0.000
v 61.2892 10.9121 2.5000
v 61.0054 11.0280 0.000
v 61.0054 11.0280 2.5000
v 61.0432 11.1205 0.000
v 61.0432 11.1205 2.5000
v 61.3270 11.0047 0.000
v 61.3270 11.0047 2.5000
v 61.1087 0.2003 0.000
v 61.1087 0.2003 2.5000
v 61.2123 11.0277 0.000
v 61.2123 11.0277 2.5000
v 61.3123 11.0268 0.000
v 61.3123 11.0268 2.5000
v 61.2087 0.1993 0.000
v 61.2087 0.1993 2.5000
v 39.5708 0.1271 0.000
v 39.5708 0.1271 2.5000
v 43.1843 0.1085 0.000
v 43.1843 0.1085 2.5000
v 43.1838 0.0085 0.000
v 43.1838 0.0085 2.5000
v 39.5702 0.0271 0.000
v 39.5702 0.0271 2.5000
vt 0.000 0.000
vt 0.000 1.0000
vt 5.8188 0.000
vt 5.8188 1.0000
vt 5.9188 0.000
vt 5.9188 1.0000
vt 11.7376 0.000
vt 11.7376 1.0000
vt 0.000 0.000
vt 0.000 1.0000
vt 0.2545 0.000
vt 0.2545 1.0000
vt 0.3545 0.000
vt 0.3545 1.0000
vt 0.6089 0.000
vt 0.6089 1.0000
vt 0.000 0.000
vt 0.000 1.0000
vt 18.9184 0.000
vt 18.9184 1.0000
vt 19.0184 0.000
vt 19.0184 1.0000
vt 37.9368 0.000
vt 37.9368 1.0000
vt 0.000 0.000
vt 0.000 1.0000
vt 18.5323 0.000
vt 18.5323 1.0000
vt 18.6323 0.000
vt 18.6323 1.0000
vt 37.1646 0.000
vt 37.1646 1.0000
vt 0.000 0.000
vt 0.000 1.0000
vt 0.1620 0.000
vt 0.1620 1.0000
vt 0.2620 0.000
vt 0.2620 1.0000
vt 0.4240 0.000
vt 0.4240 1.0000
vt 0.000 0.000
vt 0.000 1.0000
vt 0.1350 0.000
vt 0.1350 1.0000
vt 0.2350 0.000
vt 0.2350 1.0000
vt 0.3700 0.000
vt 0.3700 1.0000
vt 0.000 0.000
vt 0.000 1.0000
vt 7.1713 0.000
vt 7.1713 1.0000
vt 7.2713 0.000
vt 7.2713 1.0000
vt 14.4426 0.000
vt 14.4426 1.0000
vt 0.000 0.000
vt 0.000 1.0000
vt 8.3138 0.000
vt 8.3138 1.0000
vt 8.4138 0.000
vt 8.4138 1.0000
vt 16.7275 0.000
vt 16.7275 1.0000
vt 0.000 0.000
vt 0.000 1.0000
vt 2.9125 0.000
vt 2.9125 1.0000
vt 3.0125 0.000
vt 3.0125 1.0000
vt 5.9251 0.000
vt 5.9251 1.0000
vt 0.000 0.000
vt 0.000 1.0000
vt 11.3174 0.000
vt 11.3174 1.0000
vt 11.4174 0.000
vt 11.4174 1.0000
vt 22.7347 0.000
vt 22.7347 1.0000
vt 0.000 0.000
vt 0.000 1.0000
vt 1.6881 0.000
vt 1.6881 1.0000
vt 1.7881 0.000
vt 1.7881 1.0000
vt 3.4762 0.000
vt 3.4762 1.0000
vt 0.000 0.000
vt 0.000 1.0000
vt 0.6776 0.000
vt 0.6776 1.0000
vt 0.7776 0.000
vt 0.7776 1.0000
vt 1.4552 0.000
vt 1.4552 1.0000
vt 0.000 0.000
vt 0.000 1.0000
vt 10.4496 0.000
vt 10.4496 1.0000
vt 10.5496 0.000
vt 10.5496 1.0000
vt 20.9991 0.000
vt 20.9991 1.0000
vt 0.000 0.000
vt 0.000 1.0000
vt 10.5090 0.000
vt 10.5090 1.0000
vt 10.6090 0.000
vt 10.6090 1.0000
vt 21.1180 0.000
vt 21.1180 1.0000
vt 0.000 0.000
vt 0.000 1.0000
vt 10.5803 0.000
vt 10.5803 1.0000
vt 10.6803 0.000
vt 10.6803 1.0000
vt 21.2606 0.000
vt 21.2606 1.0000
vt 0.000 0.000
vt 0.000 1.0000
vt 7.1447 0.000
vt 7.1447 1.0000
vt 7.2447 0.000
vt 7.2447 1.0000
vt 14.3894 0.000
vt 14.3894 1.0000
vt 0.000 0.000
vt 0.000 1.0000
vt 3.2454 0.000
vt 3.2454 1.0000
vt 3.3454 0.000
vt 3.3454 1.0000
vt 6.5909 0.000
vt 6.5909 1.0000
vt 0.000 0.000
vt 0.000 1.0000
vt 0.3685 0.000
vt 0.3685 1.0000
vt 0.4685 0.000
vt 0.4685 1.0000
vt 0.8370 0.000
vt 0.8370 1.0000
vt 0.000 0.000
vt 0.000 1.0000
vt 2.3063 0.000
vt 2.3063 1.0000
vt 2.4063 0.000
vt 2.4063 1.0000
vt 4.7125 0.000
vt 4.7125 1.0000
vt 0.000 0.000
vt 0.000 1.0000
vt 5.0524 0.000
vt 5.0524 1.0000
vt 5.1524 0.000
vt 5.1524 1.0000
vt 10.2048 0.000
vt 10.2048 1.0000
vt 0.000 0.000
vt 0.000 1.0000
vt 16.0607 0.000
vt 16.0607 1.0000
vt 16.1607 0.000
vt 16.1607 1.0000
vt 32.2213 0.000
vt 32.2213 1.0000
vt 0.000 0.000
vt 0.000 1.0000
vt 0.9876 0.000
vt 0.9876 1.0000
vt 1.0876 0.000
vt 1.0876 1.0000
vt 2.0751 0.000
vt 2.0751 1.0000
vt 0.000 0.000
vt 0.000 1.0000
vt 1.8307 0.000
vt 1.8307 1.0000
vt 1.9307 0.000
vt 1.9307 1.0000
vt 3.7615 0.000
vt 3.7615 1.0000
vt 0.000 0.000
vt 0.000 1.0000
vt 2.4252 0.000
vt 2.4252 1.0000
vt 2.5252 0.000
vt 2.5252 1.0000
vt 4.9503 0.000
vt 4.9503 1.0000
vt 0.000 0.000
vt 0.000 1.0000
vt 2.2112 0.000
vt 2.2112 1.0000
vt 2.3112 0.000
vt 2.3112 1.0000
vt 4.5223 0.000
vt 4.5223 1.0000
vt 0.000 0.000
vt 0.000 1.0000
vt 0.7608 0.000
vt 0.7608 1.0000
vt 0.8608 0.000
vt 0.8608 1.0000
vt 1.6217 0.000
vt 1.6217 1.0000
vt 0.000 0.000
vt 0.000 1.0000
vt 1.0586 0.000
vt 1.0586 1.0000
vt 1.1586 0.000
vt 1.1586 1.0000
vt 2.2172 0.000
vt 2.2172 1.0000
vt 0.000 0.000
vt 0.000 1.0000
vt 0.1783 0.000
vt 0.1783 1.0000
vt 0.2783 0.000
vt 0.2783 1.0000
vt 0.4567 0.000
vt 0.4567 1.0000
vt 0.000 0.000
vt 0.000 1.0000
vt 2.2588 0.000
vt 2.2588 1.0000
vt 2.3588 0.000
vt 2.3588 1.0000
vt 4.6175 0.000
vt 4.6175 1.0000
vt 0.000 0.000
vt 0.000 1.0000
vt 3.0790 0.000
vt 3.0790 1.0000
vt 3.1790 0.000
vt 3.1790 1.0000
vt 6.2580 0.000
vt 6.2580 1.0000
vt 0.000 0.000
vt 0.000 1.0000
vt 1.8070 0.000
vt 1.8070 1.0000
vt 1.9070 0.000
vt 1.9070 1.0000
vt 3.7140 0.000
vt 3.7140 1.0000
vt 0.000 0.000
vt 0.000 1.0000
vt 1.4266 0.000
vt 1.4266 1.0000
vt 1.5266 0.000
vt 1.5266 1.0000
vt 2.9531 0.000
vt 2.9531 1.0000
vt 0.000 0.000
vt 0.000 1.0000
vt 2.6154 0.000
vt 2.6154 1.0000
vt 2.7154 0.000
vt 2.7154 1.0000
vt 5.3307 0.000
vt 5.3307 1.0000
vt 0.000 0.000
vt 0.000 1.0000
vt 5.5398 0.000
vt 5.5398 1.0000
vt 5.6398 0.000
vt 5.6398 1.0000
vt 11.1796 0.000
vt 11.1796 1.0000
vt 0.000 0.000
vt 0.000 1.0000
vt 1.5930 0.000
vt 1.5930 1.0000
vt 1.6930 0.000
vt 1.6930 1.0000
vt 3.2860 0.000
vt 3.2860 1.0000
vt 0.000 0.000
vt 0.000 1.0000
vt 0.8678 0.000
vt 0.8678 1.0000
vt 0.9678 0.000
vt 0.9678 1.0000
vt 1.8356 0.000
vt 1.8356 1.0000
vt 0.000 0.000
vt 0.000 1.0000
vt 6.3720 0.000
vt 6.3720 1.0000
vt 6.4720 0.000
vt 6.4720 1.0000
vt 12.8439 0.000
vt 12.8439 1.0000
vt 0.000 0.000
vt 0.000 1.0000
vt 10.9608 0.000
vt 10.9608 1.0000
vt 11.0608 0.000
vt 11.0608 1.0000
vt 22.0215 0.000
vt 22.0215 1.0000
vt 0.000 0.000
vt 0.000 1.0000
vt 8.1314 0.000
vt 8.1314 1.0000
vt 8.2314 0.000
vt 8.2314 1.0000
vt 16.3627 0.000
vt 16.3627 1.0000
vt 0.000 0.000
vt 0.000 1.0000
vt 6.0153 0.000
vt 6.0153 1.0000
vt 6.1153 0.000
vt 6.1153 1.0000
vt 12.1307 0.000
vt 12.1307 1.0000
vt 0.000 0.000
vt 0.000 1.0000
vt 0.8203 0.000
vt 0.8203 1.0000
vt 0.9203 0.000
vt 0.9203 1.0000
vt 1.7406 0.000
vt 1.7406 1.0000
vt 0.000 0.000
vt 0.000 1.0000
vt 0.5825 0.000
vt 0.5825 1.0000
vt 0.6825 0.000
vt 0.6825 1.0000
vt 1.2650 0.000
vt 1.2650 1.0000
vt 0.000 0.000
vt 0.000 1.0000
vt 0.8084 0.000
vt 0.8084 1.0000
vt 0.9084 0.000
vt 0.9084 1.0000
vt 1.7168 0.000
vt 1.7168 1.0000
vt 0.000 0.000
vt 0.000 1.0000
vt 0.5826 0.000
vt 0.5826 1.0000
vt 0.6826 0.000
vt 0.6826 1.0000
vt 1.2653 0.000
vt 1.2653 1.0000
vt 0.000 0.000
vt 0.000 1.0000
vt 0.2615 0.000
vt 0.2615 1.0000
vt 0.3615 0.000
vt 0.3615 1.0000
vt 0.6231 0.000
vt 0.6231 1.0000
vt 0.000 0.000
vt 0.000 1.0000
vt 0.2496 0.000
vt 0.2496 1.0000
vt 0.3496 0.000
vt 0.3496 1.0000
vt 0.5993 0.000
vt 0.5993 1.0000
vt 0.000 0.000
vt 0.000 1.0000
vt 0.7133 0.000
vt 0.7133 1.0000
vt 0.8133 0.000
vt 0.8133 1.0000
vt 1.5266 0.000
vt 1.5266 1.0000
vt 0.000 0.000
vt 0.000 1.0000
vt 1.8308 0.000
vt 1.8308 1.0000
vt 1.9308 0.000
vt 1.9308 1.0000
vt 3.7615 0.000
vt 3.7615 1.0000
vt 0.000 0.000
vt 0.000 1.0000
vt 1.7951 0.000
vt 1.7951 1.0000
vt 1.8951 0.000
vt 1.8951 1.0000
vt 3.6901 0.000
vt 3.6901 1.0000
vt 0.000 0.000
vt 0.000 1.0000
vt 0.7014 0.000
vt 0.7014 1.0000
vt 0.8014 0.000
vt 0.8014 1.0000
vt 1.5028 0.000
vt 1.5028 1.0000
vt 0.000 0.000
vt 0.000 1.0000
vt 0.2497 0.000
vt 0.2497 1.0000
vt 0.3497 0.000
vt 0.3497 1.0000
vt 0.5993 0.000
vt 0.5993 1.0000
vt 0.000 0.000
vt 0.000 1.0000
vt 0.2734 0.000
vt 0.2734 1.0000
vt 0.3734 0.000
vt 0.3734 1.0000
vt 0.6469 0.000
vt 0.6469 1.0000
vt 0.000 0.000
vt 0.000 1.0000
vt 6.1342 0.000
vt 6.1342 1.0000
vt 6.2342 0.000
vt 6.2342 1.0000
vt 12.3684 0.000
vt 12.3684 1.0000
vt 0.000 0.000
vt 0.000 1.0000
vt 11.4363 0.000
vt 11.4363 1.0000
vt 11.5363 0.000
vt 11.5363 1.0000
vt 22.9725 0.000
vt 22.9725 1.0000
vt 0.000 0.000
vt 0.000 1.0000
vt 0.3923 0.000
vt 0.3923 1.0000
vt 0.4923 0.000
vt 0.4923 1.0000
vt 0.8846 0.000
vt 0.8846 1.0000
vt 0.000 0.000
vt 0.000 1.0000
vt 0.2259 0.000
vt 0.2259 1.0000
vt 0.3259 0.000
vt 0.3259 1.0000
vt 0.5517 0.000
vt 0.5517 1.0000
vt 0.000 0.000
vt 0.000 1.0000
vt 7.5291 0.000
vt 7.5291 1.0000
vt 7.6291 0.000
vt 7.6291 1.0000
vt 15.1581 0.000
vt 15.1581 1.0000
vt 0.000 0.000
vt 0.000 1.0000
vt 0.2284 0.000
vt 0.2284 1.0000
vt 0.3284 0.000
vt 0.3284 1.0000
vt 0.5569 0.000
vt 0.5569 1.0000
vt 0.000 0.000
vt 0.000 1.0000
vt 1.0031 0.000
vt 1.0031 1.0000
vt 1.1031 0.000
vt 1.1031 1.0000
vt 2.1062 0.000
vt 2.1062 1.0000
vt 0.000 0.000
vt 0.000 1.0000
vt 6.6955 0.000
vt 6.6955 1.0000
vt 6.7955 0.000
vt 6.7955 1.0000
vt 13.4911 0.000
vt 13.4911 1.0000
vt 0.000 0.000
vt 0.000 1.0000
vt 4.6646 0.000
vt 4.6646 1.0000
vt 4.7646 0.000
vt 4.7646 1.0000
vt 9.4292 0.000
vt 9.4292 1.0000
vt 0.000 0.000
vt 0.000 1.0000
vt 0.3362 0.000
vt 0.3362 1.0000
vt 0.4362 0.000
vt 0.4362 1.0000
vt 0.7724 0.000
vt 0.7724 1.0000
vt 0.000 0.000
vt 0.000 1.0000
vt 1.4008 0.000
vt 1.4008 1.0000
vt 1.5008 0.000
vt 1.5008 1.0000
vt 2.9016 0.000
vt 2.9016 1.0000
vt 0.000 0.000
vt 0.000 1.0000
vt 0.7985 0.000
vt 0.7985 1.0000
vt 0.8985 0.000
vt 0.8985 1.0000
vt 1.6969 0.000
vt 1.6969 1.0000
vt 0.000 0.000
vt 0.000 1.0000
vt 5.0848 0.000
vt 5.0848 1.0000
vt 5.1848 0.000
vt 5.1848 1.0000
vt 10.2697 0.000
vt 10.2697 1.0000
vt 0.000 0.000
vt 0.000 1.0000
vt 1.1206 0.000
vt 1.1206 1.0000
vt 1.2206 0.000
vt 1.2206 1.0000
vt 2.3413 0.000
vt 2.3413 1.0000
vt 0.000 0.000
vt 0.000 1.0000
vt 0.0326 0.000
vt 0.0326 1.0000
vt 0.1326 0.000
vt 0.1326 1.0000
vt 0.1651 0.000
vt 0.1651 1.0000
vt 0.000 0.000
vt 0.000 1.0000
vt 5.9870 0.000
vt 5.9870 1.0000
vt 6.0870 0.000
vt 6.0870 1.0000
vt 12.0739 0.000
vt 12.0739 1.0000
vt 0.000 0.000
vt 0.000 1.0000
vt 2.4781 0.000
vt 2.4781 1.0000
vt 2.5781 0.000
vt 2.5781 1.0000
vt 5.0562 0.000
vt 5.0562 1.0000
vt 0.000 0.000
vt 0.000 1.0000
vt 1.6145 0.000
vt 1.6145 1.0000
vt 1.7145 0.000
vt 1.7145 1.0000
vt 3.3291 0.000
vt 3.3291 1.0000
vt 0.000 0.000
vt 0.000 1.0000
vt 4.2053 0.000
vt 4.2053 1.0000
vt 4.3053 0.000
vt 4.3053 1.0000
vt 8.5106 0.000
vt 8.5106 1.0000
vt 0.000 0.000
vt 0.000 1.0000
vt 3.3699 0.000
vt 3.3699 1.0000
vt 3.4699 0.000
vt 3.4699 1.0000
vt 6.8397 0.000
vt 6.8397 1.0000
vt 0.000 0.000
vt 0.000 1.0000
vt 0.9105 0.000
vt 0.9105 1.0000
vt 1.0105 0.000
vt 1.0105 1.0000
vt 1.9211 0.000
vt 1.9211 1.0000
vt 0.000 0.000
vt 0.000 1.0000
vt 0.2628 0.000
vt 0.2628 1.0000
vt 0.3628 0.000
vt 0.3628 1.0000
vt 0.6257 0.000
vt 0.6257 1.0000
vt 0.000 0.000
vt 0.000 1.0000
vt 3.3229 0.000
vt 3.3229 1.0000
vt 3.4229 0.000
vt 3.4229 1.0000
vt 6.7459 0.000
vt 6.7459 1.0000
vt 0.000 0.000
vt 0.000 1.0000
vt 0.2347 0.000
vt 0.2347 1.0000
vt 0.3347 0.000
vt 0.3347 1.0000
vt 0.5693 0.000
vt 0.5693 1.0000
vt 0.000 0.000
vt 0.000 1.0000
vt 1.1077 0.000
vt 1.1077 1.0000
vt 1.2077 0.000
vt 1.2077 1.0000
vt 2.3153 0.000
vt 2.3153 1.0000
vt 0.000 0.000
vt 0.000 1.0000
vt 4.4869 0.000
vt 4.4869 1.0000
vt 4.5869 0.000
vt 4.5869 1.0000
vt 9.0738 0.000
vt 9.0738 1.0000
vt 0.000 0.000
vt 0.000 1.0000
vt 0.3192 0.000
vt 0.3192 1.0000
vt 0.4192 0.000
vt 0.4192 1.0000
vt 0.7383 0.000
vt 0.7383 1.0000
vt 0.000 0.000
vt 0.000 1.0000
vt 0.2159 0.000
vt 0.2159 1.0000
vt 0.3159 0.000
vt 0.3159 1.0000
vt 0.5318 0.000
vt 0.5318 1.0000
vt 0.000 0.000
vt 0.000 1.0000
vt 7.8943 0.000
vt 7.8943 1.0000
vt 7.9943 0.000
vt 7.9943 1.0000
vt 15.8886 0.000
vt 15.8886 1.0000
vt 0.000 0.000
vt 0.000 1.0000
vt 6.4919 0.000
vt 6.4919 1.0000
vt 6.5919 0.000
vt 6.5919 1.0000
vt 13.0838 0.000
vt 13.0838 1.0000
vt 0.000 0.000
vt 0.000 1.0000
vt 0.1978 0.000
vt 0.1978 1.0000
vt 0.2978 0.000
vt 0.2978 1.0000
vt 0.4955 0.000
vt 0.4955 1.0000
vt 0.000 0.000
vt 0.000 1.0000
vt 2.6856 0.000
vt 2.6856 1.0000
vt 2.7856 0.000
vt 2.7856 1.0000
vt 5.4712 0.000
vt 5.4712 1.0000
vt 0.000 0.000
vt 0.000 1.0000
vt 8.3266 0.000
vt 8.3266 1.0000
vt 8.4266 0.000
vt 8.4266 1.0000
vt 16.7532 0.000
vt 16.7532 1.0000
vt 0.000 0.000
vt 0.000 1.0000
vt 0.4252 0.000
vt 0.4252 1.0000
vt 0.5252 0.000
vt 0.5252 1.0000
vt 0.9503 0.000
vt 0.9503 1.0000
vt 0.000 0.000
vt 0.000 1.0000
vt 0.6118 0.000
vt 0.6118 1.0000
vt 0.7118 0.000
vt 0.7118 1.0000
vt 1.3236 0.000
vt 1.3236 1.0000
vt 0.000 0.000
vt 0.000 1.0000
vt 0.3940 0.000
vt 0.3940 1.0000
vt 0.4940 0.000
vt 0.4940 1.0000
vt 0.8881 0.000
vt 0.8881 1.0000
vt 0.000 0.000
vt 0.000 1.0000
vt 0.6126 0.000
vt 0.6126 1.0000
vt 0.7126 0.000
vt 0.7126 1.0000
vt 1.3252 0.000
vt 1.3252 1.0000
vt 0.000 0.000
vt 0.000 1.0000
vt 0.4251 0.000
vt 0.4251 1.0000
vt 0.5251 0.000
vt 0.5251 1.0000
vt 0.9503 0.000
vt 0.9503 1.0000
vt 0.000 0.000
vt 0.000 1.0000
vt 0.6947 0.000
vt 0.6947 1.0000
vt 0.7947 0.000
vt 0.7947 1.0000
vt 1.4895 0.000
vt 1.4895 1.0000
vt 0.000 0.000
vt 0.000 1.0000
vt 0.4355 0.000
vt 0.4355 1.0000
vt 0.5355 0.000
vt 0.5355 1.0000
vt 0.9710 0.000
vt 0.9710 1.0000
vt 0.000 0.000
vt 0.000 1.0000
vt 0.6948 0.000
vt 0.6948 1.0000
vt 0.7948 0.000
vt 0.7948 1.0000
vt 1.4897 0.000
vt 1.4897 1.0000
vt 0.000 0.000
vt 0.000 1.0000
vt 14.0108 0.000
vt 14.0108 1.0000
vt 14.1108 0.000
vt 14.1108 1.0000
vt 28.1216 0.000
vt 28.1216 1.0000
vt 0.000 0.000
vt 0.000 1.0000
vt 8.7736 0.000
vt 8.7736 1.0000
vt 8.8736 0.000
vt 8.8736 1.0000
vt 17.6472 0.000
vt 17.6472 1.0000
vt 0.000 0.000
vt 0.000 1.0000
vt 2.7173 0.000
vt 2.7173 1.0000
vt 2.8173 0.000
vt 2.8173 1.0000
vt 5.5346 0.000
vt 5.5346 1.0000
vt 0.000 0.000
vt 0.000 1.0000
vt 3.0244 0.000
vt 3.0244 1.0000
vt 3.1244 0.000
vt 3.1244 1.0000
vt 6.1487 0.000
vt 6.1487 1.0000
vt 0.000 0.000
vt 0.000 1.0000
vt 7.5265 0.000
vt 7.5265 1.0000
vt 7.6265 0.000
vt 7.6265 1.0000
vt 15.1531 0.000
vt 15.1531 1.0000
vt 0.000 0.000
vt 0.000 1.0000
vt 0.3096 0.000
vt 0.3096 1.0000
vt 0.4096 0.000
vt 0.4096 1.0000
vt 0.7191 0.000
vt 0.7191 1.0000
vt 0.000 0.000
vt 0.000 1.0000
vt 0.9449 0.000
vt 0.9449 1.0000
vt 1.0449 0.000
vt 1.0449 1.0000
vt 1.9898 0.000
vt 1.9898 1.0000
vt 0.000 0.000
vt 0.000 1.0000
vt 1.5802 0.000
vt 1.5802 1.0000
vt 1.6802 0.000
vt 1.6802 1.0000
vt 3.2605 0.000
vt 3.2605 1.0000
vt 0.000 0.000
vt 0.000 1.0000
vt 1.5151 0.000
vt 1.5151 1.0000
vt 1.6151 0.000
vt 1.6151 1.0000
vt 3.1301 0.000
vt 3.1301 1.0000
vt 0.000 0.000
vt 0.000 1.0000
vt 0.9286 0.000
vt 0.9286 1.0000
vt 1.0286 0.000
vt 1.0286 1.0000
vt 1.9572 0.000
vt 1.9572 1.0000
vt 0.000 0.000
vt 0.000 1.0000
vt 0.9123 0.000
vt 0.9123 1.0000
vt 1.0123 0.000
vt 1.0123 1.0000
vt 1.9247 0.000
vt 1.9247 1.0000
vt 0.000 0.000
vt 0.000 1.0000
vt 0.3584 0.000
vt 0.3584 1.0000
vt 0.4584 0.000
vt 0.4584 1.0000
vt 0.8168 0.000
vt 0.8168 1.0000
vt 0.000 0.000
vt 0.000 1.0000
vt 10.8010 0.000
vt 10.8010 1.0000
vt 10.9010 0.000
vt 10.9010 1.0000
vt 21.7021 0.000
vt 21.7021 1.0000
vt 0.000 0.000
vt 0.000 1.0000
vt 0.3095 0.000
vt 0.3095 1.0000
vt 0.4095 0.000
vt 0.4095 1.0000
vt 0.7191 0.000
vt 0.7191 1.0000
vt 0.000 0.000
vt 0.000 1.0000
vt 4.3009 0.000
vt 4.3009 1.0000
vt 4.4009 0.000
vt 4.4009 1.0000
vt 8.7018 0.000
vt 8.7018 1.0000
vt 0.000 0.000
vt 0.000 1.0000
vt 2.1178 0.000
vt 2.1178 1.0000
vt 2.2178 0.000
vt 2.2178 1.0000
vt 4.3357 0.000
vt 4.3357 1.0000
vt 0.000 0.000
vt 0.000 1.0000
vt 0.2281 0.000
vt 0.2281 1.0000
vt 0.3281 0.000
vt 0.3281 1.0000
vt 0.5562 0.000
vt 0.5562 1.0000
vt 0.000 0.000
vt 0.000 1.0000
vt 0.2769 0.000
vt 0.2769 1.0000
vt 0.3769 0.000
vt 0.3769 1.0000
vt 0.6539 0.000
vt 0.6539 1.0000
vt 0.000 0.000
vt 0.000 1.0000
vt 0.2118 0.000
vt 0.2118 1.0000
vt 0.3118 0.000
vt 0.3118 1.0000
vt 0.5236 0.000
vt 0.5236 1.0000
vt 0.000 0.000
vt 0.000 1.0000
vt 0.2281 0.000
vt 0.2281 1.0000
vt 0.3281 0.000
vt 0.3281 1.0000
vt 0.5562 0.000
vt 0.5562 1.0000
vt 0.000 0.000
vt 0.000 1.0000
vt 0.7168 0.000
vt 0.7168 1.0000
vt 0.8168 0.000
vt 0.8168 1.0000
vt 1.5336 0.000
vt 1.5336 1.0000
vt 0.000 0.000
vt 0.000 1.0000
vt 4.7244 0.000
vt 4.7244 1.0000
vt 4.8244 0.000
vt 4.8244 1.0000
vt 9.5489 0.000
vt 9.5489 1.0000
vt 0.000 0.000
vt 0.000 1.0000
vt 5.3435 0.000
vt 5.3435 1.0000
vt 5.4435 0.000
vt 5.4435 1.0000
vt 10.7870 0.000
vt 10.7870 1.0000
vt 0.000 0.000
vt 0.000 1.0000
vt 1.3685 0.000
vt 1.3685 1.0000
vt 1.4685 0.000
vt 1.4685 1.0000
vt 2.8369 0.000
vt 2.8369 1.0000
vt 0.000 0.000
vt 0.000 1.0000
vt 0.2769 0.000
vt 0.2769 1.0000
vt 0.3769 0.000
vt 0.3769 1.0000
vt 0.6539 0.000
vt 0.6539 1.0000
vt 0.000 0.000
vt 0.000 1.0000
vt 0.6028 0.000
vt 0.6028 1.0000
vt 0.7028 0.000
vt 0.7028 1.0000
vt 1.3055 0.000
vt 1.3055 1.0000
vt 0.000 0.000
vt 0.000 1.0000
vt 0.3421 0.000
vt 0.3421 1.0000
vt 0.4421 0.000
vt 0.4421 1.0000
vt 0.7842 0.000
vt 0.7842 1.0000
vt 0.000 0.000
vt 0.000 1.0000
vt 4.5723 0.000
vt 4.5723 1.0000
vt 4.6723 0.000
vt 4.6723 1.0000
vt 9.2447 0.000
vt 9.2447 1.0000
vt 0.000 0.000
vt 0.000 1.0000
vt 0.2561 0.000
vt 0.2561 1.0000
vt 0.3561 0.000
vt 0.3561 1.0000
vt 0.6122 0.000
vt 0.6122 1.0000
vt 0.000 0.000
vt 0.000 1.0000
vt 0.6327 0.000
vt 0.6327 1.0000
vt 0.7327 0.000
vt 0.7327 1.0000
vt 1.3654 0.000
vt 1.3654 1.0000
vt 0.000 0.000
vt 0.000 1.0000
vt 0.2689 0.000
vt 0.2689 1.0000
vt 0.3689 0.000
vt 0.3689 1.0000
vt 0.6378 0.000
vt 0.6378 1.0000
vt 0.000 0.000
vt 0.000 1.0000
vt 3.4007 0.000
vt 3.4007 1.0000
vt 3.5007 0.000
vt 3.5007 1.0000
vt 6.9014 0.000
vt 6.9014 1.0000
vt 0.000 0.000
vt 0.000 1.0000
vt 0.4113 0.000
vt 0.4113 1.0000
vt 0.5113 0.000
vt 0.5113 1.0000
vt 0.9225 0.000
vt 0.9225 1.0000
vt 0.000 0.000
vt 0.000 1.0000
vt 0.5694 0.000
vt 0.5694 1.0000
vt 0.6694 0.000
vt 0.6694 1.0000
vt 1.2389 0.000
vt 1.2389 1.0000
vt 0.000 0.000
vt 0.000 1.0000
vt 0.3954 0.000
vt 0.3954 1.0000
vt 0.4954 0.000
vt 0.4954 1.0000
vt 0.8909 0.000
vt 0.8909 1.0000
vt 0.000 0.000
vt 0.000 1.0000
vt 0.4049 0.000
vt 0.4049 1.0000
vt 0.5049 0.000
vt 0.5049 1.0000
vt 0.9099 0.000
vt 0.9099 1.0000
vt 0.000 0.000
vt 0.000 1.0000
vt 0.2278 0.000
vt 0.2278 1.0000
vt 0.3278 0.000
vt 0.3278 1.0000
vt 0.5555 0.000
vt 0.5555 1.0000
vt 0.000 0.000
vt 0.000 1.0000
vt 5.5676 0.000
vt 5.5676 1.0000
vt 5.6676 0.000
vt 5.6676 1.0000
vt 11.2353 0.000
vt 11.2353 1.0000
vt 0.000 0.000
vt 0.000 1.0000
vt 12.1982 0.000
vt 12.1982 1.0000
vt 12.2982 0.000
vt 12.2982 1.0000
vt 24.4964 0.000
vt 24.4964 1.0000
vt 0.000 0.000
vt 0.000 1.0000
vt 0.3670 0.000
vt 0.3670 1.0000
vt 0.4670 0.000
vt 0.4670 1.0000
vt 0.8339 0.000
vt 0.8339 1.0000
vt 0.000 0.000
vt 0.000 1.0000
vt 12.3754 0.000
vt 12.3754 1.0000
vt 12.4754 0.000
vt 12.4754 1.0000
vt 24.8507 0.000
vt 24.8507 1.0000
vt 0.000 0.000
vt 0.000 1.0000
vt 2.1258 0.000
vt 2.1258 1.0000
vt 2.2258 0.000
vt 2.2258 1.0000
vt 4.3517 0.000
vt 4.3517 1.0000
vt 0.000 0.000
vt 0.000 1.0000
vt 1.5184 0.000
vt 1.5184 1.0000
vt 1.6184 0.000
vt 1.6184 1.0000
vt 3.1369 0.000
vt 3.1369 1.0000
vt 0.000 0.000
vt 0.000 1.0000
vt 2.7459 0.000
vt 2.7459 1.0000
vt 2.8459 0.000
vt 2.8459 1.0000
vt 5.5917 0.000
vt 5.5917 1.0000
vt 0.000 0.000
vt 0.000 1.0000
vt 1.5944 0.000
vt 1.5944 1.0000
vt 1.6944 0.000
vt 1.6944 1.0000
vt 3.2888 0.000
vt 3.2888 1.0000
vt 0.000 0.000
vt 0.000 1.0000
vt 2.2598 0.000
vt 2.2598 1.0000
vt 2.3598 0.000
vt 2.3598 1.0000
vt 4.6196 0.000
vt 4.6196 1.0000
vt 0.000 0.000
vt 0.000 1.0000
vt 0.1889 0.000
vt 0.1889 1.0000
vt 0.2889 0.000
vt 0.2889 1.0000
vt 0.4778 0.000
vt 0.4778 1.0000
vt 0.000 0.000
vt 0.000 1.0000
vt 0.5661 0.000
vt 0.5661 1.0000
vt 0.6661 0.000
vt 0.6661 1.0000
vt 1.2321 0.000
vt 1.2321 1.0000
vt 0.000 0.000
vt 0.000 1.0000
vt 0.5358 0.000
vt 0.5358 1.0000
vt 0.6358 0.000
vt 0.6358 1.0000
vt 1.1717 0.000
vt 1.1717 1.0000
vt 0.000 0.000
vt 0.000 1.0000
vt 0.5591 0.000
vt 0.5591 1.0000
vt 0.6591 0.000
vt 0.6591 1.0000
vt 1.2182 0.000
vt 1.2182 1.0000
vt 0.000 0.000
vt 0.000 1.0000
vt 3.9605 0.000
vt 3.9605 1.0000
vt 4.0605 0.000
vt 4.0605 1.0000
vt 8.0210 0.000
vt 8.0210 1.0000
vt 0.000 0.000
vt 0.000 1.0000
vt 0.7600 0.000
vt 0.7600 1.0000
vt 0.8600 0.000
vt 0.8600 1.0000
vt 1.6200 0.000
vt 1.6200 1.0000
vt 0.000 0.000
vt 0.000 1.0000
vt 0.5610 0.000
vt 0.5610 1.0000
vt 0.6610 0.000
vt 0.6610 1.0000
vt 1.2219 0.000
vt 1.2219 1.0000
vt 0.000 0.000
vt 0.000 1.0000
vt 0.7600 0.000
vt 0.7600 1.0000
vt 0.8600 0.000
vt 0.8600 1.0000
vt 1.6200 0.000
vt 1.6200 1.0000
vt 0.000 0.000
vt 0.000 1.0000
vt 0.7238 0.000
vt 0.7238 1.0000
vt 0.8238 0.000
vt 0.8238 1.0000
vt 1.5477 0.000
vt 1.5477 1.0000
vt 0.000 0.000
vt 0.000 1.0000
vt 0.7168 0.000
vt 0.7168 1.0000
vt 0.8168 0.000
vt 0.8168 1.0000
vt 1.5336 0.000
vt 1.5336 1.0000
vt 0.000 0.000
vt 0.000 1.0000
vt 0.4385 0.000
vt 0.4385 1.0000
vt 0.5385 0.000
vt 0.5385 1.0000
vt 0.9770 0.000
vt 0.9770 1.0000
vt 0.000 0.000
vt 0.000 1.0000
vt 0.7168 0.000
vt 0.7168 1.0000
vt 0.8168 0.000
vt 0.8168 1.0000
vt 1.5336 0.000
vt 1.5336 1.0000
vt 0.000 0.000
vt 0.000 1.0000
vt 0.4385 0.000
vt 0.4385 1.0000
vt 0.5385 0.000
vt 0.5385 1.0000
vt 0.9770 0.000
vt 0.9770 1.0000
vt 0.000 0.000
vt 0.000 1.0000
vt 0.9802 0.000
vt 0.9802 1.0000
vt 1.0802 0.000
vt 1.0802 1.0000
vt 2.0603 0.000
vt 2.0603 1.0000
vt 0.000 0.000
vt 0.000 1.0000
vt 0.5509 0.000
vt 0.5509 1.0000
vt 0.6509 0.000
vt 0.6509 1.0000
vt 1.2018 0.000
vt 1.2018 1.0000
vt 0.000 0.000
vt 0.000 1.0000
vt 0.9730 0.000
vt 0.9730 1.0000
vt 1.0730 0.000
vt 1.0730 1.0000
vt 2.0460 0.000
vt 2.0460 1.0000
vt 0.000 0.000
vt 0.000 1.0000
vt 0.5509 0.000
vt 0.5509 1.0000
vt 0.6509 0.000
vt 0.6509 1.0000
vt 1.2019 0.000
vt 1.2019 1.0000
vt 0.000 0.000
vt 0.000 1.0000
vt 3.3381 0.000
vt 3.3381 1.0000
vt 3.4381 0.000
vt 3.4381 1.0000
vt 6.7762 0.000
vt 6.7762 1.0000
vt 0.000 0.000
vt 0.000 1.0000
vt 2.6046 0.000
vt 2.6046 1.0000
vt 2.7046 0.000
vt 2.7046 1.0000
vt 5.3093 0.000
vt 5.3093 1.0000
vt 0.000 0.000
vt 0.000 1.0000
vt 1.3603 0.000
vt 1.3603 1.0000
vt 1.4603 0.000
vt 1.4603 1.0000
vt 2.8206 0.000
vt 2.8206 1.0000
vt 0.000 0.000
vt 0.000 1.0000
vt 2.2383 0.000
vt 2.2383 1.0000
vt 2.3383 0.000
vt 2.3383 1.0000
vt 4.5765 0.000
vt 4.5765 1.0000
vt 0.000 0.000
vt 0.000 1.0000
vt 3.7915 0.000
vt 3.7915 1.0000
vt 3.8915 0.000
vt 3.8915 1.0000
vt 7.6831 0.000
vt 7.6831 1.0000
vt 0.000 0.000
vt 0.000 1.0000
vt 3.9748 0.000
vt 3.9748 1.0000
vt 4.0748 0.000
vt 4.0748 1.0000
vt 8.0497 0.000
vt 8.0497 1.0000
vt 0.000 0.000
vt 0.000 1.0000
vt 0.9648 0.000
vt 0.9648 1.0000
vt 1.0648 0.000
vt 1.0648 1.0000
vt 2.0295 0.000
vt 2.0295 1.0000
vt 0.000 0.000
vt 0.000 1.0000
vt 0.2798 0.000
vt 0.2798 1.0000
vt 0.3798 0.000
vt 0.3798 1.0000
vt 0.6596 0.000
vt 0.6596 1.0000
vt 0.000 0.000
vt 0.000 1.0000
vt 4.2353 0.000
vt 4.2353 1.0000
vt 4.3353 0.000
vt 4.3353 1.0000
vt 8.5707 0.000
vt 8.5707 1.0000
vt 0.000 0.000
vt 0.000 1.0000
vt 5.4123 0.000
vt 5.4123 1.0000
vt 5.5123 0.000
vt 5.5123 1.0000
vt 10.9247 0.000
vt 10.9247 1.0000
vt 0.000 0.000
vt 0.000 1.0000
vt 0.4631 0.000
vt 0.4631 1.0000
vt 0.5631 0.000
vt 0.5631 1.0000
vt 1.0262 0.000
vt 1.0262 1.0000
vt 0.000 0.000
vt 0.000 1.0000
vt 0.4631 0.000
vt 0.4631 1.0000
vt 0.5631 0.000
vt 0.5631 1.0000
vt 1.0262 0.000
vt 1.0262 1.0000
vt 0.000 0.000
vt 0.000 1.0000
vt 10.0336 0.000
vt 10.0336 1.0000
vt 10.1336 0.000
vt 10.1336 1.0000
vt 20.1672 0.000
vt 20.1672 1.0000
vt 0.000 0.000
vt 0.000 1.0000
vt 4.6563 0.000
vt 4.6563 1.0000
vt 4.7563 0.000
vt 4.7563 1.0000
vt 9.4127 0.000
vt 9.4127 1.0000
vt 0.000 0.000
vt 0.000 1.0000
vt 0.9580 0.000
vt 0.9580 1.0000
vt 1.0580 0.000
vt 1.0580 1.0000
vt 2.0159 0.000
vt 2.0159 1.0000
vt 0.000 0.000
vt 0.000 1.0000
vt 4.7897 0.000
vt 4.7897 1.0000
vt 4.8897 0.000
vt 4.8897 1.0000
vt 9.6795 0.000
vt 9.6795 1.0000
vt 0.000 0.000
vt 0.000 1.0000
vt 0.4292 0.000
vt 0.4292 1.0000
vt 0.5292 0.000
vt 0.5292 1.0000
vt 0.9583 0.000
vt 0.9583 1.0000
vt 0.000 0.000
vt 0.000 1.0000
vt 0.7571 0.000
vt 0.7571 1.0000
vt 0.8571 0.000
vt 0.8571 1.0000
vt 1.6142 0.000
vt 1.6142 1.0000
vt 0.000 0.000
vt 0.000 1.0000
vt 0.4340 0.000
vt 0.4340 1.0000
vt 0.5340 0.000
vt 0.5340 1.0000
vt 0.9680 0.000
vt 0.9680 1.0000
vt 0.000 0.000
vt 0.000 1.0000
vt 0.7571 0.000
vt 0.7571 1.0000
vt 0.8571 0.000
vt 0.8571 1.0000
vt 1.6142 0.000
vt 1.6142 1.0000
vt 0.000 0.000
vt 0.000 1.0000
vt 1.3579 0.000
vt 1.3579 1.0000
vt 1.4579 0.000
vt 1.4579 1.0000
vt 2.8158 0.000
vt 2.8158 1.0000
vt 0.000 0.000
vt 0.000 1.0000
vt 16.4913 0.000
vt 16.4913 1.0000
vt 16.5913 0.000
vt 16.5913 1.0000
vt 33.0826 0.000
vt 33.0826 1.0000
vt 0.000 0.000
vt 0.000 1.0000
vt 5.5742 0.000
vt 5.5742 1.0000
vt 5.6742 0.000
vt 5.6742 1.0000
vt 11.2483 0.000
vt 11.2483 1.0000
vt 0.000 0.000
vt 0.000 1.0000
vt 13.8135 0.000
vt 13.8135 1.0000
vt 13.9135 0.000
vt 13.9135 1.0000
vt 27.7271 0.000
vt 27.7271 1.0000
vt 0.000 0.000
vt 0.000 1.0000
vt 0.2065 0.000
vt 0.2065 1.0000
vt 0.3065 0.000
vt 0.3065 1.0000
vt 0.5131 0.000
vt 0.5131 1.0000
vt 0.000 0.000
vt 0.000 1.0000
vt 10.7280 0.000
vt 10.7280 1.0000
vt 10.8280 0.000
vt 10.8280 1.0000
vt 21.5560 0.000
vt 21.5560 1.0000
vt 0.000 0.000
vt 0.000 1.0000
vt 3.5136 0.000
vt 3.5136 1.0000
vt 3.6136 0.000
vt 3.6136 1.0000
vt 7.1271 0.000
vt 7.1271 1.0000
vn 0.0000 0.0000 1.0000
vn 0.0000 1.0000 0.0000
vn -1.0000 0.0000 0.0000
vn 0.0000 -1.0000 0.0000
vn 1.0000 0.0000 0.0000
vn 1.0000 0.0000 0.0000
vn -0.0000 1.0000 0.0000
vn -1.0000 -0.0000 0.0000
vn 0.0000 -1.0000 0.0000
vn -0.0000 -1.0000 0.0000
vn 1.0000 -0.0000 0.0000
vn 0.0000 1.0000 0.0000
vn -1.0000 0.0000 0.0000
vn -0.0000 -1.0000 0.0000
vn 1.0000 -0.0000 0.0000
vn 0.0000 1.0000 0.0000
vn -1.0000 0.0000 0.0000
vn -1.0000 0.0000 0.0000
vn -0.0000 -1.0000 0.0000
vn 1.0000 -0.0000 0.0000
vn 0.0000 1.0000 0.0000
vn 0.0000 1.0000 0.0000
vn -1.0000 0.0000 0.0000
vn 0.0000 -1.0000 0.0000
vn 1.0000 0.0000 0.0000
vn 1.0000 0.0000 0.0000
vn -0.0000 1.0000 0.0000
vn -1.0000 -0.0000 0.0000
vn 0.0000 -1.0000 0.0000
vn 1.0000 0.0000 0.0000
vn -0.0000 1.0000 0.0000
vn -1.0000 -0.0000 0.0000
vn 0.0000 -1.0000 0.0000
vn 1.0000 0.0000 0.0000
vn -0.0000 1.0000 0.0000
vn -1.0000 -0.0000 0.0000
vn 0.0000 -1.0000 0.0000
vn 0.0000 1.0000 0.0000
vn -1.0000 0.0000 0.0000
vn 0.0000 -1.0000 0.0000
vn 1.0000 0.0000 0.0000
vn -1.0000 0.0000 0.0000
vn -0.0000 -1.0000 0.0000
vn 1.0000 -0.0000 0.0000
vn 0.0000 1.0000 0.0000
vn -0.0000 -1.0000 0.0000
vn 1.0000 -0.0000 0.0000
vn 0.0000 1.0000 0.0000
vn -1.0000 0.0000 0.0000
vn -1.0000 0.0000 0.0000
vn -0.0000 -1.0000 0.0000
vn 1.0000 -0.0000 0.0000
vn 0.0000 1.0000 0.0000
vn -0.0000 -1.0000 0.0000
vn 1.0000 -0.0000 0.0000
vn 0.0000 1.0000 0.0000
vn -1.0000 0.0000 0.0000
vn 0.0000 1.0000 0.0000
vn -1.0000 0.0000 0.0000
vn 0.0000 -1.0000 0.0000
vn 1.0000 0.0000 0.0000
vn -1.0000 0.0000 0.0000
vn -0.0000 -1.0000 0.0000
vn 1.0000 -0.0000 0.0000
vn 0.0000 1.0000 0.0000
vn 0.0000 1.0000 0.0000
vn -1.0000 0.0000 0.0000
vn 0.0000 -1.0000 0.0000
vn 1.0000 0.0000 0.0000
vn 1.0000 0.0000 0.0000
vn -0.0000 1.0000 0.0000
vn -1.0000 -0.0000 0.0000
vn 0.0000 -1.0000 0.0000
vn 0.0000 1.0000 0.0000
vn -1.0000 0.0000 0.0000
vn 0.0000 -1.0000 0.0000
vn 1.0000 0.0000 0.0000
vn -1.0000 0.0000 0.0000
vn -0.0000 -1.0000 0.0000
vn 1.0000 -0.0000 0.0000
vn 0.0000 1.0000 0.0000
vn -0.0000 -1.0000 0.0000
vn 1.0000 -0.0000 0.0000
vn 0.0000 1.0000 0.0000
vn -1.0000 0.0000 0.0000
vn 0.9974 -0.0723 0.0000
vn 0.0723 0.9974 0.0000
vn -0.9974 0.0723 0.0000
vn -0.0723 -0.9974 0.0000
vn 1.0000 0.0000 0.0000
vn -0.0000 1.0000 0.0000
vn -1.0000 -0.0000 0.0000
vn 0.0000 -1.0000 0.0000
vn 0.0000 1.0000 0.0000
vn -1.0000 0.0000 0.0000
vn 0.0000 -1.0000 0.0000
vn 1.0000 0.0000 0.0000
vn 1.0000 0.0000 0.0000
vn -0.0000 1.0000 0.0000
vn -1.0000 -0.0000 0.0000
vn 0.0000 -1.0000 0.0000
vn -0.0000 -1.0000 0.0000
vn 1.0000 -0.0000 0.0000
vn 0.0000 1.0000 0.0000
vn -1.0000 0.0000 0.0000
vn -0.9994 -0.0337 0.0000
vn 0.0337 -0.9994 0.0000
vn 0.9994 0.0337 0.0000
vn -0.0337 0.9994 0.0000
vn 1.0000 0.0000 0.0000
vn -0.0000 1.0000 0.0000
vn -1.0000 -0.0000 0.0000
vn 0.0000 -1.0000 0.0000
vn 0.0053 -1.0000 0.0000
vn 1.0000 0.0053 0.0000
vn -0.0053 1.0000 0.0000
vn -1.0000 -0.0053 0.0000
vn -0.0000 -1.0000 0.0000
vn 1.0000 -0.0000 0.0000
vn 0.0000 1.0000 0.0000
vn -1.0000 0.0000 0.0000
vn 1.0000 0.0000 0.0000
vn -0.0000 1.0000 0.0000
vn -1.0000 -0.0000 0.0000
vn 0.0000 -1.0000 0.0000
vn 0.0000 1.0000 0.0000
vn -1.0000 0.0000 0.0000
vn 0.0000 -1.0000 0.0000
vn 1.0000 0.0000 0.0000
vn 1.0000 0.0000 0.0000
vn -0.0000 1.0000 0.0000
vn -1.0000 -0.0000 0.0000
vn 0.0000 -1.0000 0.0000
vn 0.0000 1.0000 0.0000
vn -1.0000 0.0000 0.0000
vn 0.0000 -1.0000 0.0000
vn 1.0000 0.0000 0.0000
vn -1.0000 0.0000 0.0000
vn -0.0000 -1.0000 0.0000
vn 1.0000 -0.0000 0.0000
vn 0.0000 1.0000 0.0000
vn 0.0000 1.0000 0.0000
vn -1.0000 0.0000 0.0000
vn 0.0000 -1.0000 0.0000
vn 1.0000 0.0000 0.0000
vn -1.0000 0.0000 0.0000
vn -0.0000 -1.0000 0.0000
vn 1.0000 -0.0000 0.0000
vn 0.0000 1.0000 0.0000
vn 0.0000 1.0000 0.0000
vn -1.0000 0.0000 0.0000
vn 0.0000 -1.0000 0.0000
vn 1.0000 0.0000 0.0000
vn 1.0000 0.0000 0.0000
vn -0.0000 1.0000 0.0000
vn -1.0000 -0.0000 0.0000
vn 0.0000 -1.0000 0.0000
vn -0.0000 -1.0000 0.0000
vn 1.0000 -0.0000 0.0000
vn 0.0000 1.0000 0.0000
vn -1.0000 0.0000 0.0000
vn 1.0000 0.0000 0.0000
vn -0.0000 1.0000 0.0000
vn -1.0000 -0.0000 0.0000
vn 0.0000 -1.0000 0.0000
vn 0.0000 1.0000 0.0000
vn -1.0000 0.0000 0.0000
vn 0.0000 -1.0000 0.0000
vn 1.0000 0.0000 0.0000
vn -1.0000 0.0000 0.0000
vn -0.0000 -1.0000 0.0000
vn 1.0000 -0.0000 0.0000
vn 0.0000 1.0000 0.0000
vn -0.0204 -0.9998 0.0000
vn 0.9998 -0.0204 0.0000
vn 0.0204 0.9998 0.0000
vn -0.9998 0.0204 0.0000
vn 0.0000 1.0000 0.0000
vn -1.0000 0.0000 0.0000
vn 0.0000 -1.0000 0.0000
vn 1.0000 0.0000 0.0000
vn 1.0000 0.0000 0.0000
vn -0.0000 1.0000 0.0000
vn -1.0000 -0.0000 0.0000
vn 0.0000 -1.0000 0.0000
vn 0.0000 1.0000 0.0000
vn -1.0000 0.0000 0.0000
vn 0.0000 -1.0000 0.0000
vn 1.0000 0.0000 0.0000
vn 1.0000 0.0000 0.0000
vn -0.0000 1.0000 0.0000
vn -1.0000 -0.0000 0.0000
vn 0.0000 -1.0000 0.0000
vn 1.0000 0.0000 0.0000
vn -0.0000 1.0000 0.0000
vn -1.0000 -0.0000 0.0000
vn 0.0000 -1.0000 0.0000
vn 0.0000 1.0000 0.0000
vn -1.0000 0.0000 0.0000
vn 0.0000 -1.0000 0.0000
vn 1.0000 0.0000 0.0000
vn -1.0000 0.0000 0.0000
vn -0.0000 -1.0000 0.0000
vn 1.0000 -0.0000 0.0000
vn 0.0000 1.0000 0.0000
vn 0.0000 1.0000 0.0000
vn -1.0000 0.0000 0.0000
vn 0.0000 -1.0000 0.0000
vn 1.0000 0.0000 0.0000
vn -1.0000 0.0000 0.0000
vn -0.0000 -1.0000 0.0000
vn 1.0000 -0.0000 0.0000
vn 0.0000 1.0000 0.0000
vn 0.0000 1.0000 0.0000
vn -1.0000 0.0000 0.0000
vn 0.0000 -1.0000 0.0000
vn 1.0000 0.0000 0.0000
vn -1.0000 0.0000 0.0000
vn -0.0000 -1.0000 0.0000
vn 1.0000 -0.0000 0.0000
vn 0.0000 1.0000 0.0000
vn 0.0000 1.0000 0.0000
vn -1.0000 0.0000 0.0000
vn 0.0000 -1.0000 0.0000
vn 1.0000 0.0000 0.0000
vn 0.9998 0.0197 0.0000
vn -0.0197 0.9998 0.0000
vn -0.9998 -0.0197 0.0000
vn 0.0197 -0.9998 0.0000
vn -1.0000 -0.0047 0.0000
vn 0.0047 -1.0000 0.0000
vn 1.0000 0.0047 0.0000
vn -0.0047 1.0000 0.0000
vn 0.0000 1.0000 0.0000
vn -1.0000 0.0000 0.0000
vn 0.0000 -1.0000 0.0000
vn 1.0000 0.0000 0.0000
vn -1.0000 0.0000 0.0000
vn -0.0000 -1.0000 0.0000
vn 1.0000 -0.0000 0.0000
vn 0.0000 1.0000 0.0000
vn 0.0000 1.0000 0.0000
vn -1.0000 0.0000 0.0000
vn 0.0000 -1.0000 0.0000
vn 1.0000 0.0000 0.0000
vn 1.0000 0.0000 0.0000
vn -0.0000 1.0000 0.0000
vn -1.0000 -0.0000 0.0000
vn 0.0000 -1.0000 0.0000
vn 1.0000 0.0000 0.0000
vn -0.0000 1.0000 0.0000
vn -1.0000 -0.0000 0.0000
vn 0.0000 -1.0000 0.0000
vn -0.0000 -1.0000 0.0000
vn 1.0000 -0.0000 0.0000
vn 0.0000 1.0000 0.0000
vn -1.0000 0.0000 0.0000
vn 1.0000 0.0000 0.0000
vn -0.0000 1.0000 0.0000
vn -1.0000 -0.0000 0.0000
vn 0.0000 -1.0000 0.0000
vn 0.0000 1.0000 0.0000
vn -1.0000 0.0000 0.0000
vn 0.0000 -1.0000 0.0000
vn 1.0000 0.0000 0.0000
vn 0.9976 -0.0697 0.0000
vn 0.0697 0.9976 0.0000
vn -0.9976 0.0697 0.0000
vn -0.0697 -0.9976 0.0000
vn 0.0116 -0.9999 0.0000
vn 0.9999 0.0116 0.0000
vn -0.0116 0.9999 0.0000
vn -0.9999 -0.0116 0.0000
vn -0.0000 -1.0000 0.0000
vn 1.0000 -0.0000 0.0000
vn 0.0000 1.0000 0.0000
vn -1.0000 0.0000 0.0000
vn 1.0000 0.0000 0.0000
vn -0.0000 1.0000 0.0000
vn -1.0000 -0.0000 0.0000
vn 0.0000 -1.0000 0.0000
vn 1.0000 0.0000 0.0000
vn -0.0000 1.0000 0.0000
vn -1.0000 -0.0000 0.0000
vn 0.0000 -1.0000 0.0000
vn 0.0000 1.0000 0.0000
vn -1.0000 0.0000 0.0000
vn 0.0000 -1.0000 0.0000
vn 1.0000 0.0000 0.0000
vn -1.0000 0.0000 0.0000
vn -0.0000 -1.0000 0.0000
vn 1.0000 -0.0000 0.0000
vn 0.0000 1.0000 0.0000
vn 0.0000 1.0000 0.0000
vn -1.0000 0.0000 0.0000
vn 0.0000 -1.0000 0.0000
vn 1.0000 0.0000 0.0000
vn -0.0000 -1.0000 0.0000
vn 1.0000 -0.0000 0.0000
vn 0.0000 1.0000 0.0000
vn -1.0000 0.0000 0.0000
vn 0.0000 1.0000 0.0000
vn -1.0000 0.0000 0.0000
vn 0.0000 -1.0000 0.0000
vn 1.0000 0.0000 0.0000
vn 1.0000 0.0000 0.0000
vn -0.0000 1.0000 0.0000
vn -1.0000 -0.0000 0.0000
vn 0.0000 -1.0000 0.0000
vn 0.0000 1.0000 0.0000
vn -1.0000 0.0000 0.0000
vn 0.0000 -1.0000 0.0000
vn 1.0000 0.0000 0.0000
vn 1.0000 0.0000 0.0000
vn -0.0000 1.0000 0.0000
vn -1.0000 -0.0000 0.0000
vn 0.0000 -1.0000 0.0000
vn 0.0000 1.0000 0.0000
vn -1.0000 0.0000 0.0000
vn 0.0000 -1.0000 0.0000
vn 1.0000 0.0000 0.0000
vn -1.0000 0.0000 0.0000
vn -0.0000 -1.0000 0.0000
vn 1.0000 -0.0000 0.0000
vn 0.0000 1.0000 0.0000
vn 0.0000 1.0000 0.0000
vn -1.0000 0.0000 0.0000
vn 0.0000 -1.0000 0.0000
vn 1.0000 0.0000 0.0000
vn -1.0000 0.0000 0.0000
vn -0.0000 -1.0000 0.0000
vn 1.0000 -0.0000 0.0000
vn 0.0000 1.0000 0.0000
vn 0.0268 0.9996 0.0000
vn -0.9996 0.0268 0.0000
vn -0.0268 -0.9996 0.0000
vn 0.9996 -0.0268 0.0000
vn 0.0000 1.0000 0.0000
vn -1.0000 0.0000 0.0000
vn 0.0000 -1.0000 0.0000
vn 1.0000 0.0000 0.0000
vn 1.0000 0.0000 0.0000
vn -0.0000 1.0000 0.0000
vn -1.0000 -0.0000 0.0000
vn 0.0000 -1.0000 0.0000
vn 0.0000 1.0000 0.0000
vn -1.0000 0.0000 0.0000
vn 0.0000 -1.0000 0.0000
vn 1.0000 0.0000 0.0000
vn -1.0000 0.0000 0.0000
vn -0.0000 -1.0000 0.0000
vn 1.0000 -0.0000 0.0000
vn 0.0000 1.0000 0.0000
vn -0.0508 -0.9987 0.0000
vn 0.9987 -0.0508 0.0000
vn 0.0508 0.9987 0.0000
vn -0.9987 0.0508 0.0000
vn 1.0000 0.0000 0.0000
vn -0.0000 1.0000 0.0000
vn -1.0000 -0.0000 0.0000
vn 0.0000 -1.0000 0.0000
vn 0.0000 1.0000 0.0000
vn -1.0000 0.0000 0.0000
vn 0.0000 -1.0000 0.0000
vn 1.0000 0.0000 0.0000
vn -1.0000 0.0000 0.0000
vn -0.0000 -1.0000 0.0000
vn 1.0000 -0.0000 0.0000
vn 0.0000 1.0000 0.0000
vn 0.0149 -0.9999 0.0000
vn 0.9999 0.0149 0.0000
vn -0.0149 0.9999 0.0000
vn -0.9999 -0.0149 0.0000
vn 1.0000 0.0000 0.0000
vn -0.0000 1.0000 0.0000
vn -1.0000 -0.0000 0.0000
vn 0.0000 -1.0000 0.0000
vn 0.9999 -0.0138 0.0000
vn 0.0138 0.9999 0.0000
vn -0.9999 0.0138 0.0000
vn -0.0138 -0.9999 0.0000
vn -0.0096 1.0000 0.0000
vn -1.0000 -0.0096 0.0000
vn 0.0096 -1.0000 0.0000
vn 1.0000 0.0096 0.0000
vn -0.4391 -0.8984 0.0000
vn 0.8984 -0.4391 0.0000
vn 0.4391 0.8984 0.0000
vn -0.8984 0.4391 0.0000
vn 0.0000 1.0000 0.0000
vn -1.0000 0.0000 0.0000
vn 0.0000 -1.0000 0.0000
vn 1.0000 0.0000 0.0000
vn 1.0000 0.0000 0.0000
vn -0.0000 1.0000 0.0000
vn -1.0000 -0.0000 0.0000
vn 0.0000 -1.0000 0.0000
vn 0.0000 1.0000 0.0000
vn -1.0000 0.0000 0.0000
vn 0.0000 -1.0000 0.0000
vn 1.0000 0.0000 0.0000
vn 1.0000 0.0000 0.0000
vn -0.0000 1.0000 0.0000
vn -1.0000 -0.0000 0.0000
vn 0.0000 -1.0000 0.0000
vn -1.0000 0.0000 0.0000
vn -0.0000 -1.0000 0.0000
vn 1.0000 -0.0000 0.0000
vn 0.0000 1.0000 0.0000
vn 0.0000 1.0000 0.0000
vn -1.0000 0.0000 0.0000
vn 0.0000 -1.0000 0.0000
vn 1.0000 0.0000 0.0000
vn -1.0000 0.0000 0.0000
vn -0.0000 -1.0000 0.0000
vn 1.0000 -0.0000 0.0000
vn 0.0000 1.0000 0.0000
vn -0.0000 -1.0000 0.0000
vn 1.0000 -0.0000 0.0000
vn 0.0000 1.0000 0.0000
vn -1.0000 0.0000 0.0000
vn -1.0000 0.0000 0.0000
vn -0.0000 -1.0000 0.0000
vn 1.0000 -0.0000 0.0000
vn 0.0000 1.0000 0.0000
vn -0.0000 -1.0000 0.0000
vn 1.0000 -0.0000 0.0000
vn 0.0000 1.0000 0.0000
vn -1.0000 0.0000 0.0000
vn -1.0000 0.0000 0.0000
vn -0.0000 -1.0000 0.0000
vn 1.0000 -0.0000 0.0000
vn 0.0000 1.0000 0.0000
vn 0.0000 1.0000 0.0000
vn -1.0000 0.0000 0.0000
vn 0.0000 -1.0000 0.0000
vn 1.0000 0.0000 0.0000
vn 1.0000 0.0000 0.0000
vn -0.0000 1.0000 0.0000
vn -1.0000 -0.0000 0.0000
vn 0.0000 -1.0000 0.0000
vn 0.0000 1.0000 0.0000
vn -1.0000 0.0000 0.0000
vn 0.0000 -1.0000 0.0000
vn 1.0000 0.0000 0.0000
vn 0.0000 1.0000 0.0000
vn -1.0000 0.0000 0.0000
vn 0.0000 -1.0000 0.0000
vn 1.0000 0.0000 0.0000
vn -1.0000 0.0000 0.0000
vn -0.0000 -1.0000 0.0000
vn 1.0000 -0.0000 0.0000
vn 0.0000 1.0000 0.0000
vn 0.0000 1.0000 0.0000
vn -1.0000 0.0000 0.0000
vn 0.0000 -1.0000 0.0000
vn 1.0000 0.0000 0.0000
vn 1.0000 0.0000 0.0000
vn -0.0000 1.0000 0.0000
vn -1.0000 -0.0000 0.0000
vn 0.0000 -1.0000 0.0000
vn 0.0000 1.0000 0.0000
vn -1.0000 0.0000 0.0000
vn 0.0000 -1.0000 0.0000
vn 1.0000 0.0000 0.0000
vn 1.0000 0.0000 0.0000
vn -0.0000 1.0000 0.0000
vn -1.0000 -0.0000 0.0000
vn 0.0000 -1.0000 0.0000
vn -0.0000 -1.0000 0.0000
vn 1.0000 -0.0000 0.0000
vn 0.0000 1.0000 0.0000
vn -1.0000 0.0000 0.0000
vn 1.0000 0.0000 0.0000
vn -0.0000 1.0000 0.0000
vn -1.0000 -0.0000 0.0000
vn 0.0000 -1.0000 0.0000
vn 0.0000 1.0000 0.0000
vn -1.0000 0.0000 0.0000
vn 0.0000 -1.0000 0.0000
vn 1.0000 0.0000 0.0000
vn 1.0000 0.0000 0.0000
vn -0.0000 1.0000 0.0000
vn -1.0000 -0.0000 0.0000
vn 0.0000 -1.0000 0.0000
vn -0.0000 -1.0000 0.0000
vn 1.0000 -0.0000 0.0000
vn 0.0000 1.0000 0.0000
vn -1.0000 0.0000 0.0000
vn 1.0000 0.0000 0.0000
vn -0.0000 1.0000 0.0000
vn -1.0000 -0.0000 0.0000
vn 0.0000 -1.0000 0.0000
vn 0.0000 1.0000 0.0000
vn -1.0000 0.0000 0.0000
vn 0.0000 -1.0000 0.0000
vn 1.0000 0.0000 0.0000
vn 1.0000 0.0000 0.0000
vn -0.0000 1.0000 0.0000
vn -1.0000 -0.0000 0.0000
vn 0.0000 -1.0000 0.0000
vn -0.0000 -1.0000 0.0000
vn 1.0000 -0.0000 0.0000
vn 0.0000 1.0000 0.0000
vn -1.0000 0.0000 0.0000
vn 1.0000 0.0000 0.0000
vn -0.0000 1.0000 0.0000
vn -1.0000 -0.0000 0.0000
vn 0.0000 -1.0000 0.0000
vn 0.0000 1.0000 0.0000
vn -1.0000 0.0000 0.0000
vn 0.0000 -1.0000 0.0000
vn 1.0000 0.0000 0.0000
vn -1.0000 0.0000 0.0000
vn -0.0000 -1.0000 0.0000
vn 1.0000 -0.0000 0.0000
vn 0.0000 1.0000 0.0000
vn 0.0000 1.0000 0.0000
vn -1.0000 0.0000 0.0000
vn 0.0000 -1.0000 0.0000
vn 1.0000 0.0000 0.0000
vn -1.0000 0.0000 0.0000
vn -0.0000 -1.0000 0.0000
vn 1.0000 -0.0000 0.0000
vn 0.0000 1.0000 0.0000
vn -0.0000 -1.0000 0.0000
vn 1.0000 -0.0000 0.0000
vn 0.0000 1.0000 0.0000
vn -1.0000 0.0000 0.0000
vn -1.0000 0.0000 0.0000
vn -0.0000 -1.0000 0.0000
vn 1.0000 -0.0000 0.0000
vn 0.0000 1.0000 0.0000
vn 0.0000 1.0000 0.0000
vn -1.0000 0.0000 0.0000
vn 0.0000 -1.0000 0.0000
vn 1.0000 0.0000 0.0000
vn 1.0000 0.0000 0.0000
vn -0.0000 1.0000 0.0000
vn -1.0000 -0.0000 0.0000
vn 0.0000 -1.0000 0.0000
vn 0.0000 1.0000 0.0000
vn -1.0000 0.0000 0.0000
vn 0.0000 -1.0000 0.0000
vn 1.0000 0.0000 0.0000
vn -1.0000 0.0000 0.0000
vn -0.0000 -1.0000 0.0000
vn 1.0000 -0.0000 0.0000
vn 0.0000 1.0000 0.0000
vn 0.0000 1.0000 0.0000
vn -1.0000 0.0000 0.0000
vn 0.0000 -1.0000 0.0000
vn 1.0000 0.0000 0.0000
vn -0.0000 -1.0000 0.0000
vn 1.0000 -0.0000 0.0000
vn 0.0000 1.0000 0.0000
vn -1.0000 0.0000 0.0000
vn 0.0000 1.0000 0.0000
vn -1.0000 0.0000 0.0000
vn 0.0000 -1.0000 0.0000
vn 1.0000 0.0000 0.0000
vn -1.0000 0.0000 0.0000
vn -0.0000 -1.0000 0.0000
vn 1.0000 -0.0000 0.0000
vn 0.0000 1.0000 0.0000
vn 0.0000 1.0000 0.0000
vn -1.0000 0.0000 0.0000
vn 0.0000 -1.0000 0.0000
vn 1.0000 0.0000 0.0000
vn 1.0000 0.0000 0.0000
vn -0.0000 1.0000 0.0000
vn -1.0000 -0.0000 0.0000
vn 0.0000 -1.0000 0.0000
vn 0.0000 1.0000 0.0000
vn -1.0000 0.0000 0.0000
vn 0.0000 -1.0000 0.0000
vn 1.0000 0.0000 0.0000
vn 1.0000 0.0000 0.0000
vn -0.0000 1.0000 0.0000
vn -1.0000 -0.0000 0.0000
vn 0.0000 -1.0000 0.0000
vn 0.0000 1.0000 0.0000
vn -1.0000 0.0000 0.0000
vn 0.0000 -1.0000 0.0000
vn 1.0000 0.0000 0.0000
vn -1.0000 0.0000 0.0000
vn -0.0000 -1.0000 0.0000
vn 1.0000 -0.0000 0.0000
vn 0.0000 1.0000 0.0000
vn -0.0000 -1.0000 0.0000
vn 1.0000 -0.0000 0.0000
vn 0.0000 1.0000 0.0000
vn -1.0000 0.0000 0.0000
vn 1.0000 0.0000 0.0000
vn -0.0000 1.0000 0.0000
vn -1.0000 -0.0000 0.0000
vn 0.0000 -1.0000 0.0000
vn 0.0000 1.0000 0.0000
vn -1.0000 0.0000 0.0000
vn 0.0000 -1.0000 0.0000
vn 1.0000 0.0000 0.0000
vn -1.0000 0.0000 0.0000
vn -0.0000 -1.0000 0.0000
vn 1.0000 -0.0000 0.0000
vn 0.0000 1.0000 0.0000
vn -0.0000 -1.0000 0.0000
vn 1.0000 -0.0000 0.0000
vn 0.0000 1.0000 0.0000
vn -1.0000 0.0000 0.0000
vn 1.0000 0.0000 0.0000
vn -0.0000 1.0000 0.0000
vn -1.0000 -0.0000 0.0000
vn 0.0000 -1.0000 0.0000
vn 0.0000 1.0000 0.0000
vn -1.0000 0.0000 0.0000
vn 0.0000 -1.0000 0.0000
vn 1.0000 0.0000 0.0000
vn -1.0000 0.0000 0.0000
vn -0.0000 -1.0000 0.0000
vn 1.0000 -0.0000 0.0000
vn 0.0000 1.0000 0.0000
vn -0.0130 -0.9999 0.0000
vn 0.9999 -0.0130 0.0000
vn 0.0130 0.9999 0.0000
vn -0.9999 0.0130 0.0000
vn 0.0000 1.0000 0.0000
vn -1.0000 0.0000 0.0000
vn 0.0000 -1.0000 0.0000
vn 1.0000 0.0000 0.0000
vn 0.0130 0.9999 0.0000
vn -0.9999 0.0130 0.0000
vn -0.0130 -0.9999 0.0000
vn 0.9999 -0.0130 0.0000
vn -1.0000 0.0000 0.0000
vn -0.0000 -1.0000 0.0000
vn 1.0000 -0.0000 0.0000
vn 0.0000 1.0000 0.0000
vn -0.0000 -1.0000 0.0000
vn 1.0000 -0.0000 0.0000
vn 0.0000 1.0000 0.0000
vn -1.0000 0.0000 0.0000
vn 1.0000 0.0000 0.0000
vn -0.0000 1.0000 0.0000
vn -1.0000 -0.0000 0.0000
vn 0.0000 -1.0000 0.0000
vn -0.0000 -1.0000 0.0000
vn 1.0000 -0.0000 0.0000
vn 0.0000 1.0000 0.0000
vn -1.0000 0.0000 0.0000
vn -1.0000 0.0000 0.0000
vn -0.0000 -1.0000 0.0000
vn 1.0000 -0.0000 0.0000
vn 0.0000 1.0000 0.0000
vn -0.0000 -1.0000 0.0000
vn 1.0000 -0.0000 0.0000
vn 0.0000 1.0000 0.0000
vn -1.0000 0.0000 0.0000
vn 0.0000 1.0000 0.0000
vn -1.0000 0.0000 0.0000
vn 0.0000 -1.0000 0.0000
vn 1.0000 0.0000 0.0000
vn -1.0000 0.0000 0.0000
vn -0.0000 -1.0000 0.0000
vn 1.0000 -0.0000 0.0000
vn 0.0000 1.0000 0.0000
vn -0.0000 -1.0000 0.0000
vn 1.0000 -0.0000 0.0000
vn 0.0000 1.0000 0.0000
vn -1.0000 0.0000 0.0000
vn -1.0000 0.0000 0.0000
vn -0.0000 -1.0000 0.0000
vn 1.0000 -0.0000 0.0000
vn 0.0000 1.0000 0.0000
vn -0.0000 -1.0000 0.0000
vn 1.0000 -0.0000 0.0000
vn 0.0000 1.0000 0.0000
vn -1.0000 0.0000 0.0000
vn 0.0000 1.0000 0.0000
vn -1.0000 0.0000 0.0000
vn 0.0000 -1.0000 0.0000
vn 1.0000 0.0000 0.0000
vn 1.0000 0.0000 0.0000
vn -0.0000 1.0000 0.0000
vn -1.0000 -0.0000 0.0000
vn 0.0000 -1.0000 0.0000
vn -0.0000 -1.0000 0.0000
vn 1.0000 -0.0000 0.0000
vn 0.0000 1.0000 0.0000
vn -1.0000 0.0000 0.0000
vn 1.0000 0.0000 0.0000
vn -0.0000 1.0000 0.0000
vn -1.0000 -0.0000 0.0000
vn 0.0000 -1.0000 0.0000
vn 0.0000 1.0000 0.0000
vn -1.0000 0.0000 0.0000
vn 0.0000 -1.0000 0.0000
vn 1.0000 0.0000 0.0000
vn -1.0000 0.0000 0.0000
vn -0.0000 -1.0000 0.0000
vn 1.0000 -0.0000 0.0000
vn 0.0000 1.0000 0.0000
vn 0.0064 -1.0000 0.0000
vn 1.0000 0.0064 0.0000
vn -0.0064 1.0000 0.0000
vn -1.0000 -0.0064 0.0000
vn -0.9987 -0.0504 0.0000
vn 0.0504 -0.9987 0.0000
vn 0.9987 0.0504 0.0000
vn -0.0504 0.9987 0.0000
vn 0.0018 1.0000 0.0000
vn -1.0000 0.0018 0.0000
vn -0.0018 -1.0000 0.0000
vn 1.0000 -0.0018 0.0000
vn -0.0035 1.0000 0.0000
vn -1.0000 -0.0035 0.0000
vn 0.0035 -1.0000 0.0000
vn 1.0000 0.0035 0.0000
vn 1.0000 0.0013 0.0000
vn -0.0013 1.0000 0.0000
vn -1.0000 -0.0013 0.0000
vn 0.0013 -1.0000 0.0000
vn -0.3780 -0.9258 0.0000
vn 0.9258 -0.3780 0.0000
vn 0.3780 0.9258 0.0000
vn -0.9258 0.3780 0.0000
vn -1.0000 0.0096 0.0000
vn -0.0096 -1.0000 0.0000
vn 1.0000 -0.0096 0.0000
vn 0.0096 1.0000 0.0000
vn 0.0051 1.0000 0.0000
vn -1.0000 0.0051 0.0000
vn -0.0051 -1.0000 0.0000
vn 1.0000 -0.0051 0.0000
usemtl wall_1
s off
g walls
f 1/1/2 2/2/2 3/3/2
f 4/4/2 3/3/2 2/2/2
f 3/3/3 4/4/3 5/5/3
f 6/6/3 5/5/3 4/4/3
f 5/5/4 6/6/4 7/7/4
f 8/8/4 7/7/4 6/6/4
f 7/7/5 8/8/5 1/1/5
f 2/2/5 1/1/5 8/8/5
f 2/1/1 6/1/1 4/1/1
f 2/1/1 8/1/1 6/1/1
f 9/9/6 10/10/6 11/11/6
f 12/12/6 11/11/6 10/10/6
f 11/11/7 12/12/7 13/13/7
f 14/14/7 13/13/7 12/12/7
f 13/13/8 14/14/8 15/15/8
f 16/16/8 15/15/8 14/14/8
f 15/15/9 16/16/9 9/9/9
f 10/10/9 9/9/9 16/16/9
f 10/1/1 14/1/1 12/1/1
f 10/1/1 16/1/1 14/1/1
f 17/17/10 18/18/10 19/19/10
f 20/20/10 19/19/10 18/18/10
f 19/19/11 20/20/11 21/21/11
f 22/22/11 21/21/11 20/20/11
f 21/21/12 22/22/12 23/23/12
f 24/24/12 23/23/12 22/22/12
f 23/23/13 24/24/13 17/17/13
f 18/18/13 17/17/13 24/24/13
f 18/1/1 22/1/1 20/1/1
f 18/1/1 24/1/1 22/1/1
f 25/25/14 26/26/14 27/27/14
f 28/28/14 27/27/14 26/26/14
f 27/27/15 28/28/15 29/29/15
f 30/30/15 29/29/15 28/28/15
f 29/29/16 30/30/16 31/31/16
f 32/32/16 31/31/16 30/30/16
f 31/31/17 32/32/17 25/25/17
f 26/26/17 25/25/17 32/32/17
f 26/1/1 30/1/1 28/1/1
f 26/1/1 32/1/1 30/1/1
f 33/33/18 34/34/18 35/35/18
f 36/36/18 35/35/18 34/34/18
f 35/35/19 36/36/19 37/37/19
f 38/38/19 37/37/19 36/36/19
f 37/37/20 38/38/20 39/39/20
f 40/40/20 39/39/20 38/38/20
f 39/39/21 40/40/21 33/33/21
f 34/34/21 33/33/21 40/40/21
f 34/1/1 38/1/1 36/1/1
f 34/1/1 40/1/1 38/1/1
f 41/41/22 42/42/22 43/43/22
f 44/44/22 43/43/22 42/42/22
f 43/43/23 44/44/23 45/45/23
f 46/46/23 45/45/23 44/44/23
f 45/45/24 46/46/24 47/47/24
f 48/48/24 47/47/24 46/46/24
f 47/47/25 48/48/25 41/41/25
f 42/42/25 41/41/25 48/48/25
f 42/1/1 46/1/1 44/1/1
f 42/1/1 48/1/1 46/1/1
f 49/49/26 50/50/26 51/51/26
f 52/52/26 51/51/26 50/50/26
f 51/51/27 52/52/27 53/53/27
f 54/54/27 53/53/27 52/52/27
f 53/53/28 54/54/28 55/55/28
f 56/56/28 55/55/28 54/54/28
f 55/55/29 56/56/29 49/49/29
f 50/50/29 49/49/29 56/56/29
f 50/1/1 54/1/1 52/1/1
f 50/1/1 56/1/1 54/1/1
f 57/57/30 58/58/30 59/59/30
f 60/60/30 59/59/30 58/58/30
f 59/59/31 60/60/31 61/61/31
f 62/62/31 61/61/31 60/60/31
f 61/61/32 62/62/32 63/63/32
f 64/64/32 63/63/32 62/62/32
f 63/63/33 64/64/33 57/57/33
f 58/58/33 57/57/33 64/64/33
f 58/1/1 62/1/1 60/1/1
f 58/1/1 64/1/1 62/1/1
f 65/65/34 66/66/34 67/67/34
f 68/68/34 67/67/34 66/66/34
f 67/67/35 68/68/35 69/69/35
f 70/70/35 69/69/35 68/68/35
f 69/69/36 70/70/36 71/71/36
f 72/72/36 71/71/36 70/70/36
f 71/71/37 72/72/37 65/65/37
f 66/66/37 65/65/37 72/72/37
f 66/1/1 70/1/1 68/1/1
f 66/1/1 72/1/1 70/1/1
f 73/73/38 74/74/38 75/75/38
f 76/76/38 75/75/38 74/74/38
f 75/75/39 76/76/39 77/77/39
f 78/78/39 77/77/39 76/76/39
f 77/77/40 78/78/40 79/79/40
f 80/80/40 79/79/40 78/78/40
f 79/79/41 80/80/41 73/73/41
f 74/74/41 73/73/41 80/80/41
f 74/1/1 78/1/1 76/1/1
f 74/1/1 80/1/1 78/1/1
f 81/81/42 82/82/42 83/83/42
f 84/84/42 83/83/42 82/82/42
f 83/83/43 84/84/43 85/85/43
f 86/86/43 85/85/43 84/84/43
f 85/85/44 86/86/44 87/87/44
f 88/88/44 87/87/44 86/86/44
f 87/87/45 88/88/45 81/81/45
f 82/82/45 81/81/45 88/88/45
f 82/1/1 86/1/1 84/1/1
f 82/1/1 88/1/1 86/1/1
f 89/89/46 90/90/46 91/91/46
f 92/92/46 91/91/46 90/90/46
f 91/91/47 92/92/47 93/93/47
f 94/94/47 93/93/47 92/92/47
f 93/93/48 94/94/48 95/95/48
f 96/96/48 95/95/48 94/94/48
f 95/95/49 96/96/49 89/89/49
f 90/90/49 89/89/49 96/96/49
f 90/1/1 94/1/1 92/1/1
f 90/1/1 96/1/1 94/1/1
f 97/97/50 98/98/50 99/99/50
f 100/100/50 99/99/50 98/98/50
f 99/99/51 100/100/51 101/101/51
f 102/102/51 101/101/51 100/100/51
f 101/101/52 102/102/52 103/103/52
f 104/104/52 103/103/52 102/102/52
f 103/103/53 104/104/53 97/97/53
f 98/98/53 97/97/53 104/104/53
f 98/1/1 102/1/1 100/1/1
f 98/1/1 104/1/1 102/1/1
f 105/105/54 106/106/54 107/107/54
f 108/108/54 107/107/54 106/106/54
f 107/107/55 108/108/55 109/109/55
f 110/110/55 109/109/55 108/108/55
f 109/109/56 110/110/56 111/111/56
f 112/112/56 111/111/56 110/110/56
f 111/111/57 112/112/57 105/105/57
f 106/106/57 105/105/57 112/112/57
f 106/1/1 110/1/1 108/1/1
f 106/1/1 112/1/1 110/1/1
f 113/113/58 114/114/58 115/115/58
f 116/116/58 115/115/58 114/114/58
f 115/115/59 116/116/59 117/117/59
f 118/118/59 117/117/59 116/116/59
f 117/117/60 118/118/60 119/119/60
f 120/120/60 119/119/60 118/118/60
f 119/119/61 120/120/61 113/113/61
f 114/114/61 113/113/61 120/120/61
f 114/1/1 118/1/1 116/1/1
f 114/1/1 120/1/1 118/1/1
f 121/121/62 122/122/62 123/123/62
f 124/124/62 123/123/62 122/122/62
f 123/123/63 124/124/63 125/125/63
f 126/126/63 125/125/63 124/124/63
f 125/125/64 126/126/64 127/127/64
f 128/128/64 127/127/64 126/126/64
f 127/127/65 128/128/65 121/121/65
f 122/122/65 121/121/65 128/128/65
f 122/1/1 126/1/1 124/1/1
f 122/1/1 128/1/1 126/1/1
f 129/129/66 130/130/66 131/131/66
f 132/132/66 131/131/66 130/130/66
f 131/131/67 132/132/67 133/133/67
f 134/134/67 133/133/67 132/132/67
f 133/133/68 134/134/68 135/135/68
f 136/136/68 135/135/68 134/134/68
f 135/135/69 136/136/69 129/129/69
f 130/130/69 129/129/69 136/136/69
f 130/1/1 134/1/1 132/1/1
f 130/1/1 136/1/1 134/1/1
f 137/137/70 138/138/70 139/139/70
f 140/140/70 139/139/70 138/138/70
f 139/139/71 140/140/71 141/141/71
f 142/142/71 141/141/71 140/140/71
f 141/141/72 142/142/72 143/143/72
f 144/144/72 143/143/72 142/142/72
f 143/143/73 144/144/73 137/137/73
f 138/138/73 137/137/73 144/144/73
f 138/1/1 142/1/1 140/1/1
f 138/1/1 144/1/1 142/1/1
f 145/145/74 146/146/74 147/147/74
f 148/148/74 147/147/74 146/146/74
f 147/147/75 148/148/75 149/149/75
f 150/150/75 149/149/75 148/148/75
f 149/149/76 150/150/76 151/151/76
f 152/152/76 151/151/76 150/150/76
f 151/151/77 152/152/77 145/145/77
f 146/146/77 145/145/77 152/152/77
f 146/1/1 150/1/1 148/1/1
f 146/1/1 152/1/1 150/1/1
f 153/153/78 154/154/78 155/155/78
f 156/156/78 155/155/78 154/154/78
f 155/155/79 156/156/79 157/157/79
f 158/158/79 157/157/79 156/156/79
f 157/157/80 158/158/80 159/159/80
f 160/160/80 159/159/80 158/158/80
f 159/159/81 160/160/81 153/153/81
f 154/154/81 153/153/81 160/160/81
f 154/1/1 158/1/1 156/1/1
f 154/1/1 160/1/1 158/1/1
f 161/161/82 162/162/82 163/163/82
f 164/164/82 163/163/82 162/162/82
f 163/163/83 164/164/83 165/165/83
f 166/166/83 165/165/83 164/164/83
f 165/165/84 166/166/84 167/167/84
f 168/168/84 167/167/84 166/166/84
f 167/167/85 168/168/85 161/161/85
f 162/162/85 161/161/85 168/168/85
f 162/1/1 166/1/1 164/1/1
f 162/1/1 168/1/1 166/1/1
f 169/169/86 170/170/86 171/171/86
f 172/172/86 171/171/86 170/170/86
f 171/171/87 172/172/87 173/173/87
f 174/174/87 173/173/87 172/172/87
f 173/173/88 174/174/88 175/175/88
f 176/176/88 175/175/88 174/174/88
f 175/175/89 176/176/89 169/169/89
f 170/170/89 169/169/89 176/176/89
f 170/1/1 174/1/1 172/1/1
f 170/1/1 176/1/1 174/1/1
f 177/177/90 178/178/90 179/179/90
f 180/180/90 179/179/90 178/178/90
f 179/179/91 180/180/91 181/181/91
f 182/182/91 181/181/91 180/180/91
f 181/181/92 182/182/92 183/183/92
f 184/184/92 183/183/92 182/182/92
f 183/183/93 184/184/93 177/177/93
f 178/178/93 177/177/93 184/184/93
f 178/1/1 182/1/1 180/1/1
f 178/1/1 184/1/1 182/1/1
f 185/185/94 186/186/94 187/187/94
f 188/188/94 187/187/94 186/186/94
f 187/187/95 188/188/95 189/189/95
f 190/190/95 189/189/95 188/188/95
f 189/189/96 190/190/96 191/191/96
f 192/192/96 191/191/96 190/190/96
f 191/191/97 192/192/97 185/185/97
f 186/186/97 185/185/97 192/192/97
f 186/1/1 190/1/1 188/1/1
f 186/1/1 192/1/1 190/1/1
f 193/193/98 194/194/98 195/195/98
f 196/196/98 195/195/98 194/194/98
f 195/195/99 196/196/99 197/197/99
f 198/198/99 197/197/99 196/196/99
f 197/197/100 198/198/100 199/199/100
f 200/200/100 199/199/100 198/198/100
f 199/199/101 200/200/101 193/193/101
f 194/194/101 193/193/101 200/200/101
f 194/1/1 198/1/1 196/1/1
f 194/1/1 200/1/1 198/1/1
f 201/201/102 202/202/102 203/203/102
f 204/204/102 203/203/102 202/202/102
f 203/203/103 204/204/103 205/205/103
f 206/206/103 205/205/103 204/204/103
f 205/205/104 206/206/104 207/207/104
f 208/208/104 207/207/104 206/206/104
f 207/207/105 208/208/105 201/201/105
f 202/202/105 201/201/105 208/208/105
f 202/1/1 206/1/1 204/1/1
f 202/1/1 208/1/1 206/1/1
f 209/209/106 210/210/106 211/211/106
f 212/212/106 211/211/106 210/210/106
f 211/211/107 212/212/107 213/213/107
f 214/214/107 213/213/107 212/212/107
f 213/213/108 214/214/108 215/215/108
f 216/216/108 215/215/108 214/214/108
f 215/215/109 216/216/109 209/209/109
f 210/210/109 209/209/109 216/216/109
f 210/1/1 214/1/1 212/1/1
f 210/1/1 216/1/1 214/1/1
f 217/217/110 218/218/110 219/219/110
f 220/220/110 219/219/110 218/218/110
f 219/219/111 220/220/111 221/221/111
f 222/222/111 221/221/111 220/220/111
f 221/221/112 222/222/112 223/223/112
f 224/224/112 223/223/112 222/222/112
f 223/223/113 224/224/113 217/217/113
f 218/218/113 217/217/113 224/224/113
f 218/1/1 222/1/1 220/1/1
f 218/1/1 224/1/1 222/1/1
f 225/225/114 226/226/114 227/227/114
f 228/228/114 227/227/114 226/226/114
f 227/227/115 228/228/115 229/229/115
f 230/230/115 229/229/115 228/228/115
f 229/229/116 230/230/116 231/231/116
f 232/232/116 231/231/116 230/230/116
f 231/231/117 232/232/117 225/225/117
f 226/226/117 225/225/117 232/232/117
f 226/1/1 230/1/1 228/1/1
f 226/1/1 232/1/1 230/1/1
f 233/233/118 234/234/118 235/235/118
f 236/236/118 235/235/118 234/234/118
f 235/235/119 236/236/119 237/237/119
f 238/238/119 237/237/119 236/236/119
f 237/237/120 238/238/120 239/239/120
f 240/240/120 239/239/120 238/238/120
f 239/239/121 240/240/121 233/233/121
f 234/234/121 233/233/121 240/240/121
f 234/1/1 238/1/1 236/1/1
f 234/1/1 240/1/1 238/1/1
f 241/241/122 242/242/122 243/243/122
f 244/244/122 243/243/122 242/242/122
f 243/243/123 244/244/123 245/245/123
f 246/246/123 245/245/123 244/244/123
f 245/245/124 246/246/124 247/247/124
f 248/248/124 247/247/124 246/246/124
f 247/247/125 248/248/125 241/241/125
f 242/242/125 241/241/125 248/248/125
f 242/1/1 246/1/1 244/1/1
f 242/1/1 248/1/1 246/1/1
f 249/249/126 250/250/126 251/251/126
f 252/252/126 251/251/126 250/250/126
f 251/251/127 252/252/127 253/253/127
f 254/254/127 253/253/127 252/252/127
f 253/253/128 254/254/128 255/255/128
f 256/256/128 255/255/128 254/254/128
f 255/255/129 256/256/129 249/249/129
f 250/250/129 249/249/129 256/256/129
f 250/1/1 254/1/1 252/1/1
f 250/1/1 256/1/1 254/1/1
f 257/257/130 258/258/130 259/259/130
f 260/260/130 259/259/130 258/258/130
f 259/259/131 260/260/131 261/261/131
f 262/262/131 261/261/131 260/260/131
f 261/261/132 262/262/132 263/263/132
f 264/264/132 263/263/132 262/262/132
f 263/263/133 264/264/133 257/257/133
f 258/258/133 257/257/133 264/264/133
f 258/1/1 262/1/1 260/1/1
f 258/1/1 264/1/1 262/1/1
f 265/265/134 266/266/134 267/267/134
f 268/268/134 267/267/134 266/266/134
f 267/267/135 268/268/135 269/269/135
f 270/270/135 269/269/135 268/268/135
f 269/269/136 270/270/136 271/271/136
f 272/272/136 271/271/136 270/270/136
f 271/271/137 272/272/137 265/265/137
f 266/266/137 265/265/137 272/272/137
f 266/1/1 270/1/1 268/1/1
f 266/1/1 272/1/1 270/1/1
f 273/273/138 274/274/138 275/275/138
f 276/276/138 275/275/138 274/274/138
f 275/275/139 276/276/139 277/277/139
f 278/278/139 277/277/139 276/276/139
f 277/277/140 278/278/140 279/279/140
f 280/280/140 279/279/140 278/278/140
f 279/279/141 280/280/141 273/273/141
f 274/274/141 273/273/141 280/280/141
f 274/1/1 278/1/1 276/1/1
f 274/1/1 280/1/1 278/1/1
f 281/281/142 282/282/142 283/283/142
f 284/284/142 283/283/142 282/282/142
f 283/283/143 284/284/143 285/285/143
f 286/286/143 285/285/143 284/284/143
f 285/285/144 286/286/144 287/287/144
f 288/288/144 287/287/144 286/286/144
f 287/287/145 288/288/145 281/281/145
f 282/282/145 281/281/145 288/288/145
f 282/1/1 286/1/1 284/1/1
f 282/1/1 288/1/1 286/1/1
f 289/289/146 290/290/146 291/291/146
f 292/292/146 291/291/146 290/290/146
f 291/291/147 292/292/147 293/293/147
f 294/294/147 293/293/147 292/292/147
f 293/293/148 294/294/148 295/295/148
f 296/296/148 295/295/148 294/294/148
f 295/295/149 296/296/149 289/289/149
f 290/290/149 289/289/149 296/296/149
f 290/1/1 294/1/1 292/1/1
f 290/1/1 296/1/1 294/1/1
f 297/297/150 298/298/150 299/299/150
f 300/300/150 299/299/150 298/298/150
f 299/299/151 300/300/151 301/301/151
f 302/302/151 301/301/151 300/300/151
f 301/301/152 302/302/152 303/303/152
f 304/304/152 303/303/152 302/302/152
f 303/303/153 304/304/153 297/297/153
f 298/298/153 297/297/153 304/304/153
f 298/1/1 302/1/1 300/1/1
f 298/1/1 304/1/1 302/1/1
f 305/305/154 306/306/154 307/307/154
f 308/308/154 307/307/154 306/306/154
f 307/307/155 308/308/155 309/309/155
f 310/310/155 309/309/155 308/308/155
f 309/309/156 310/310/156 311/311/156
f 312/312/156 311/311/156 310/310/156
f 311/311/157 312/312/157 305/305/157
f 306/306/157 305/305/157 312/312/157
f 306/1/1 310/1/1 308/1/1
f 306/1/1 312/1/1 310/1/1
f 313/313/158 314/314/158 315/315/158
f 316/316/158 315/315/158 314/314/158
f 315/315/159 316/316/159 317/317/159
f 318/318/159 317/317/159 316/316/159
f 317/317/160 318/318/160 319/319/160
f 320/320/160 319/319/160 318/318/160
f 319/319/161 320/320/161 313/313/161
f 314/314/161 313/313/161 320/320/161
f 314/1/1 318/1/1 316/1/1
f 314/1/1 320/1/1 318/1/1
f 321/321/162 322/322/162 323/323/162
f 324/324/162 323/323/162 322/322/162
f 323/323/163 324/324/163 325/325/163
f 326/326/163 325/325/163 324/324/163
f 325/325/164 326/326/164 327/327/164
f 328/328/164 327/327/164 326/326/164
f 327/327/165 328/328/165 321/321/165
f 322/322/165 321/321/165 328/328/165
f 322/1/1 326/1/1 324/1/1
f 322/1/1 328/1/1 326/1/1
f 329/329/166 330/330/166 331/331/166
f 332/332/166 331/331/166 330/330/166
f 331/331/167 332/332/167 333/333/167
f 334/334/167 333/333/167 332/332/167
f 333/333/168 334/334/168 335/335/168
f 336/336/168 335/335/168 334/334/168
f 335/335/169 336/336/169 329/329/169
f 330/330/169 329/329/169 336/336/169
f 330/1/1 334/1/1 332/1/1
f 330/1/1 336/1/1 334/1/1
f 337/337/170 338/338/170 339/339/170
f 340/340/170 339/339/170 338/338/170
f 339/339/171 340/340/171 341/341/171
f 342/342/171 341/341/171 340/340/171
f 341/341/172 342/342/172 343/343/172
f 344/344/172 343/343/172 342/342/172
f 343/343/173 344/344/173 337/337/173
f 338/338/173 337/337/173 344/344/173
f 338/1/1 342/1/1 340/1/1
f 338/1/1 344/1/1 342/1/1
f 345/345/174 346/346/174 347/347/174
f 348/348/174 347/347/174 346/346/174
f 347/347/175 348/348/175 349/349/175
f 350/350/175 349/349/175 348/348/175
f 349/349/176 350/350/176 351/351/176
f 352/352/176 351/351/176 350/350/176
f 351/351/177 352/352/177 345/345/177
f 346/346/177 345/345/177 352/352/177
f 346/1/1 350/1/1 348/1/1
f 346/1/1 352/1/1 350/1/1
f 353/353/178 354/354/178 355/355/178
f 356/356/178 355/355/178 354/354/178
f 355/355/179 356/356/179 357/357/179
f 358/358/179 357/357/179 356/356/179
f 357/357/180 358/358/180 359/359/180
f 360/360/180 359/359/180 358/358/180
f 359/359/181 360/360/181 353/353/181
f 354/354/181 353/353/181 360/360/181
f 354/1/1 358/1/1 356/1/1
f 354/1/1 360/1/1 358/1/1
f 361/361/182 362/362/182 363/363/182
f 364/364/182 363/363/182 362/362/182
f 363/363/183 364/364/183 365/365/183
f 366/366/183 365/365/183 364/364/183
f 365/365/184 366/366/184 367/367/184
f 368/368/184 367/367/184 366/366/184
f 367/367/185 368/368/185 361/361/185
f 362/362/185 361/361/185 368/368/185
f 362/1/1 366/1/1 364/1/1
f 362/1/1 368/1/1 366/1/1
f 369/369/186 370/370/186 371/371/186
f 372/372/186 371/371/186 370/370/186
f 371/371/187 372/372/187 373/373/187
f 374/374/187 373/373/187 372/372/187
f 373/373/188 374/374/188 375/375/188
f 376/376/188 375/375/188 374/374/188
f 375/375/189 376/376/189 369/369/189
f 370/370/189 369/369/189 376/376/189
f 370/1/1 374/1/1 372/1/1
f 370/1/1 376/1/1 374/1/1
f 377/377/190 378/378/190 379/379/190
f 380/380/190 379/379/190 378/378/190
f 379/379/191 380/380/191 381/381/191
f 382/382/191 381/381/191 380/380/191
f 381/381/192 382/382/192 383/383/192
f 384/384/192 383/383/192 382/382/192
f 383/383/193 384/384/193 377/377/193
f 378/378/193 377/377/193 384/384/193
f 378/1/1 382/1/1 380/1/1
f 378/1/1 384/1/1 382/1/1
f 385/385/194 386/386/194 387/387/194
f 388/388/194 387/387/194 386/386/194
f 387/387/195 388/388/195 389/389/195
f 390/390/195 389/389/195 388/388/195
f 389/389/196 390/390/196 391/391/196
f 392/392/196 391/391/196 390/390/196
f 391/391/197 392/392/197 385/385/197
f 386/386/197 385/385/197 392/392/197
f 386/1/1 390/1/1 388/1/1
f 386/1/1 392/1/1 390/1/1
f 393/393/198 394/394/198 395/395/198
f 396/396/198 395/395/198 394/394/198
f 395/395/199 396/396/199 397/397/199
f 398/398/199 397/397/199 396/396/199
f 397/397/200 398/398/200 399/399/200
f 400/400/200 399/399/200 398/398/200
f 399/399/201 400/400/201 393/393/201
f 394/394/201 393/393/201 400/400/201
f 394/1/1 398/1/1 396/1/1
f 394/1/1 400/1/1 398/1/1
f 401/401/202 402/402/202 403/403/202
f 404/404/202 403/403/202 402/402/202
f 403/403/203 404/404/203 405/405/203
f 406/406/203 405/405/203 404/404/203
f 405/405/204 406/406/204 407/407/204
f 408/408/204 407/407/204 406/406/204
f 407/407/205 408/408/205 401/401/205
f 402/402/205 401/401/205 408/408/205
f 402/1/1 406/1/1 404/1/1
f 402/1/1 408/1/1 406/1/1
f 409/409/206 410/410/206 411/411/206
f 412/412/206 411/411/206 410/410/206
f 411/411/207 412/412/207 413/413/207
f 414/414/207 413/413/207 412/412/207
f 413/413/208 414/414/208 415/415/208
f 416/416/208 415/415/208 414/414/208
f 415/415/209 416/416/209 409/409/209
f 410/410/209 409/409/209 416/416/209
f 410/1/1 414/1/1 412/1/1
f 410/1/1 416/1/1 414/1/1
f 417/417/210 418/418/210 419/419/210
f 420/420/210 419/419/210 418/418/210
f 419/419/211 420/420/211 421/421/211
f 422/422/211 421/421/211 420/420/211
f 421/421/212 422/422/212 423/423/212
f 424/424/212 423/423/212 422/422/212
f 423/423/213 424/424/213 417/417/213
f 418/418/213 417/417/213 424/424/213
f 418/1/1 422/1/1 420/1/1
f 418/1/1 424/1/1 422/1/1
f 425/425/214 426/426/214 427/427/214
f 428/428/214 427/427/214 426/426/214
f 427/427/215 428/428/215 429/429/215
f 430/430/215 429/429/215 428/428/215
f 429/429/216 430/430/216 431/431/216
f 432/432/216 431/431/216 430/430/216
f 431/431/217 432/432/217 425/425/217
f 426/426/217 425/425/217 432/432/217
f 426/1/1 430/1/1 428/1/1
f 426/1/1 432/1/1 430/1/1
f 433/433/218 434/434/218 435/435/218
f 436/436/218 435/435/218 434/434/218
f 435/435/219 436/436/219 437/437/219
f 438/438/219 437/437/219 436/436/219
f 437/437/220 438/438/220 439/439/220
f 440/440/220 439/439/220 438/438/220
f 439/439/221 440/440/221 433/433/221
f 434/434/221 433/433/221 440/440/221
f 434/1/1 438/1/1 436/1/1
f 434/1/1 440/1/1 438/1/1
f 441/441/222 442/442/222 443/443/222
f 444/444/222 443/443/222 442/442/222
f 443/443/223 444/444/223 445/445/223
f 446/446/223 445/445/223 444/444/223
f 445/445/224 446/446/224 447/447/224
f 448/448/224 447/447/224 446/446/224
f 447/447/225 448/448/225 441/441/225
f 442/442/225 441/441/225 448/448/225
f 442/1/1 446/1/1 444/1/1
f 442/1/1 448/1/1 446/1/1
f 449/449/226 450/450/226 451/451/226
f 452/452/226 451/451/226 450/450/226
f 451/451/227 452/452/227 453/453/227
f 454/454/227 453/453/227 452/452/227
f 453/453/228 454/454/228 455/455/228
f 456/456/228 455/455/228 454/454/228
f 455/455/229 456/456/229 449/449/229
f 450/450/229 449/449/229 456/456/229
f 450/1/1 454/1/1 452/1/1
f 450/1/1 456/1/1 454/1/1
f 457/457/230 458/458/230 459/459/230
f 460/460/230 459/459/230 458/458/230
f 459/459/231 460/460/231 461/461/231
f 462/462/231 461/461/231 460/460/231
f 461/461/232 462/462/232 463/463/232
f 464/464/232 463/463/232 462/462/232
f 463/463/233 464/464/233 457/457/233
f 458/458/233 457/457/233 464/464/233
f 458/1/1 462/1/1 460/1/1
f 458/1/1 464/1/1 462/1/1
f 465/465/234 466/466/234 467/467/234
f 468/468/234 467/467/234 466/466/234
f 467/467/235 468/468/235 469/469/235
f 470/470/235 469/469/235 468/468/235
f 469/469/236 470/470/236 471/471/236
f 472/472/236 471/471/236 470/470/236
f 471/471/237 472/472/237 465/465/237
f 466/466/237 465/465/237 472/472/237
f 466/1/1 470/1/1 468/1/1
f 466/1/1 472/1/1 470/1/1
f 473/473/238 474/474/238 475/475/238
f 476/476/238 475/475/238 474/474/238
f 475/475/239 476/476/239 477/477/239
f 478/478/239 477/477/239 476/476/239
f 477/477/240 478/478/240 479/479/240
f 480/480/240 479/479/240 478/478/240
f 479/479/241 480/480/241 473/473/241
f 474/474/241 473/473/241 480/480/241
f 474/1/1 478/1/1 476/1/1
f 474/1/1 480/1/1 478/1/1
f 481/481/242 482/482/242 483/483/242
f 484/484/242 483/483/242 482/482/242
f 483/483/243 484/484/243 485/485/243
f 486/486/243 485/485/243 484/484/243
f 485/485/244 486/486/244 487/487/244
f 488/488/244 487/487/244 486/486/244
f 487/487/245 488/488/245 481/481/245
f 482/482/245 481/481/245 488/488/245
f 482/1/1 486/1/1 484/1/1
f 482/1/1 488/1/1 486/1/1
f 489/489/246 490/490/246 491/491/246
f 492/492/246 491/491/246 490/490/246
f 491/491/247 492/492/247 493/493/247
f 494/494/247 493/493/247 492/492/247
f 493/493/248 494/494/248 495/495/248
f 496/496/248 495/495/248 494/494/248
f 495/495/249 496/496/249 489/489/249
f 490/490/249 489/489/249 496/496/249
f 490/1/1 494/1/1 492/1/1
f 490/1/1 496/1/1 494/1/1
f 497/497/250 498/498/250 499/499/250
f 500/500/250 499/499/250 498/498/250
f 499/499/251 500/500/251 501/501/251
f 502/502/251 501/501/251 500/500/251
f 501/501/252 502/502/252 503/503/252
f 504/504/252 503/503/252 502/502/252
f 503/503/253 504/504/253 497/497/253
f 498/498/253 497/497/253 504/504/253
f 498/1/1 502/1/1 500/1/1
f 498/1/1 504/1/1 502/1/1
f 505/505/254 506/506/254 507/507/254
f 508/508/254 507/507/254 506/506/254
f 507/507/255 508/508/255 509/509/255
f 510/510/255 509/509/255 508/508/255
f 509/509/256 510/510/256 511/511/256
f 512/512/256 511/511/256 510/510/256
f 511/511/257 512/512/257 505/505/257
f 506/506/257 505/505/257 512/512/257
f 506/1/1 510/1/1 508/1/1
f 506/1/1 512/1/1 510/1/1
f 513/513/258 514/514/258 515/515/258
f 516/516/258 515/515/258 514/514/258
f 515/515/259 516/516/259 517/517/259
f 518/518/259 517/517/259 516/516/259
f 517/517/260 518/518/260 519/519/260
f 520/520/260 519/519/260 518/518/260
f 519/519/261 520/520/261 513/513/261
f 514/514/261 513/513/261 520/520/261
f 514/1/1 518/1/1 516/1/1
f 514/1/1 520/1/1 518/1/1
f 521/521/262 522/522/262 523/523/262
f 524/524/262 523/523/262 522/522/262
f 523/523/263 524/524/263 525/525/263
f 526/526/263 525/525/263 524/524/263
f 525/525/264 526/526/264 527/527/264
f 528/528/264 527/527/264 526/526/264
f 527/527/265 528/528/265 521/521/265
f 522/522/265 521/521/265 528/528/265
f 522/1/1 526/1/1 524/1/1
f 522/1/1 528/1/1 526/1/1
f 529/529/266 530/530/266 531/531/266
f 532/532/266 531/531/266 530/530/266
f 531/531/267 532/532/267 533/533/267
f 534/534/267 533/533/267 532/532/267
f 533/533/268 534/534/268 535/535/268
f 536/536/268 535/535/268 534/534/268
f 535/535/269 536/536/269 529/529/269
f 530/530/269 529/529/269 536/536/269
f 530/1/1 534/1/1 532/1/1
f 530/1/1 536/1/1 534/1/1
f 537/537/270 538/538/270 539/539/270
f 540/540/270 539/539/270 538/538/270
f 539/539/271 540/540/271 541/541/271
f 542/542/271 541/541/271 540/540/271
f 541/541/272 542/542/272 543/543/272
f 544/544/272 543/543/272 542/542/272
f 543/543/273 544/544/273 537/537/273
f 538/538/273 537/537/273 544/544/273
f 538/1/1 542/1/1 540/1/1
f 538/1/1 544/1/1 542/1/1
f 545/545/274 546/546/274 547/547/274
f 548/548/274 547/547/274 546/546/274
f 547/547/275 548/548/275 549/549/275
f 550/550/275 549/549/275 548/548/275
f 549/549/276 550/550/276 551/551/276
f 552/552/276 551/551/276 550/550/276
f 551/551/277 552/552/277 545/545/277
f 546/546/277 545/545/277 552/552/277
f 546/1/1 550/1/1 548/1/1
f 546/1/1 552/1/1 550/1/1
f 553/553/278 554/554/278 555/555/278
f 556/556/278 555/555/278 554/554/278
f 555/555/279 556/556/279 557/557/279
f 558/558/279 557/557/279 556/556/279
f 557/557/280 558/558/280 559/559/280
f 560/560/280 559/559/280 558/558/280
f 559/559/281 560/560/281 553/553/281
f 554/554/281 553/553/281 560/560/281
f 554/1/1 558/1/1 556/1/1
f 554/1/1 560/1/1 558/1/1
f 561/561/282 562/562/282 563/563/282
f 564/564/282 563/563/282 562/562/282
f 563/563/283 564/564/283 565/565/283
f 566/566/283 565/565/283 564/564/283
f 565/565/284 566/566/284 567/567/284
f 568/568/284 567/567/284 566/566/284
f 567/567/285 568/568/285 561/561/285
f 562/562/285 561/561/285 568/568/285
f 562/1/1 566/1/1 564/1/1
f 562/1/1 568/1/1 566/1/1
f 569/569/286 570/570/286 571/571/286
f 572/572/286 571/571/286 570/570/286
f 571/571/287 572/572/287 573/573/287
f 574/574/287 573/573/287 572/572/287
f 573/573/288 574/574/288 575/575/288
f 576/576/288 575/575/288 574/574/288
f 575/575/289 576/576/289 569/569/289
f 570/570/289 569/569/289 576/576/289
f 570/1/1 574/1/1 572/1/1
f 570/1/1 576/1/1 574/1/1
f 577/577/290 578/578/290 579/579/290
f 580/580/290 579/579/290 578/578/290
f 579/579/291 580/580/291 581/581/291
f 582/582/291 581/581/291 580/580/291
f 581/581/292 582/582/292 583/583/292
f 584/584/292 583/583/292 582/582/292
f 583/583/293 584/584/293 577/577/293
f 578/578/293 577/577/293 584/584/293
f 578/1/1 582/1/1 580/1/1
f 578/1/1 584/1/1 582/1/1
f 585/585/294 586/586/294 587/587/294
f 588/588/294 587/587/294 586/586/294
f 587/587/295 588/588/295 589/589/295
f 590/590/295 589/589/295 588/588/295
f 589/589/296 590/590/296 591/591/296
f 592/592/296 591/591/296 590/590/296
f 591/591/297 592/592/297 585/585/297
f 586/586/297 585/585/297 592/592/297
f 586/1/1 590/1/1 588/1/1
f 586/1/1 592/1/1 590/1/1
f 593/593/298 594/594/298 595/595/298
f 596/596/298 595/595/298 594/594/298
f 595/595/299 596/596/299 597/597/299
f 598/598/299 597/597/299 596/596/299
f 597/597/300 598/598/300 599/599/300
f 600/600/300 599/599/300 598/598/300
f 599/599/301 600/600/301 593/593/301
f 594/594/301 593/593/301 600/600/301
f 594/1/1 598/1/1 596/1/1
f 594/1/1 600/1/1 598/1/1
f 601/601/302 602/602/302 603/603/302
f 604/604/302 603/603/302 602/602/302
f 603/603/303 604/604/303 605/605/303
f 606/606/303 605/605/303 604/604/303
f 605/605/304 606/606/304 607/607/304
f 608/608/304 607/607/304 606/606/304
f 607/607/305 608/608/305 601/601/305
f 602/602/305 601/601/305 608/608/305
f 602/1/1 606/1/1 604/1/1
f 602/1/1 608/1/1 606/1/1
f 609/609/306 610/610/306 611/611/306
f 612/612/306 611/611/306 610/610/306
f 611/611/307 612/612/307 613/613/307
f 614/614/307 613/613/307 612/612/307
f 613/613/308 614/614/308 615/615/308
f 616/616/308 615/615/308 614/614/308
f 615/615/309 616/616/309 609/609/309
f 610/610/309 609/609/309 616/616/309
f 610/1/1 614/1/1 612/1/1
f 610/1/1 616/1/1 614/1/1
f 617/617/310 618/618/310 619/619/310
f 620/620/310 619/619/310 618/618/310
f 619/619/311 620/620/311 621/621/311
f 622/622/311 621/621/311 620/620/311
f 621/621/312 622/622/312 623/623/312
f 624/624/312 623/623/312 622/622/312
f 623/623/313 624/624/313 617/617/313
f 618/618/313 617/617/313 624/624/313
f 618/1/1 622/1/1 620/1/1
f 618/1/1 624/1/1 622/1/1
f 625/625/314 626/626/314 627/627/314
f 628/628/314 627/627/314 626/626/314
f 627/627/315 628/628/315 629/629/315
f 630/630/315 629/629/315 628/628/315
f 629/629/316 630/630/316 631/631/316
f 632/632/316 631/631/316 630/630/316
f 631/631/317 632/632/317 625/625/317
f 626/626/317 625/625/317 632/632/317
f 626/1/1 630/1/1 628/1/1
f 626/1/1 632/1/1 630/1/1
f 633/633/318 634/634/318 635/635/318
f 636/636/318 635/635/318 634/634/318
f 635/635/319 636/636/319 637/637/319
f 638/638/319 637/637/319 636/636/319
f 637/637/320 638/638/320 639/639/320
f 640/640/320 639/639/320 638/638/320
f 639/639/321 640/640/321 633/633/321
f 634/634/321 633/633/321 640/640/321
f 634/1/1 638/1/1 636/1/1
f 634/1/1 640/1/1 638/1/1
f 641/641/322 642/642/322 643/643/322
f 644/644/322 643/643/322 642/642/322
f 643/643/323 644/644/323 645/645/323
f 646/646/323 645/645/323 644/644/323
f 645/645/324 646/646/324 647/647/324
f 648/648/324 647/647/324 646/646/324
f 647/647/325 648/648/325 641/641/325
f 642/642/325 641/641/325 648/648/325
f 642/1/1 646/1/1 644/1/1
f 642/1/1 648/1/1 646/1/1
f 649/649/326 650/650/326 651/651/326
f 652/652/326 651/651/326 650/650/326
f 651/651/327 652/652/327 653/653/327
f 654/654/327 653/653/327 652/652/327
f 653/653/328 654/654/328 655/655/328
f 656/656/328 655/655/328 654/654/328
f 655/655/329 656/656/329 649/649/329
f 650/650/329 649/649/329 656/656/329
f 650/1/1 654/1/1 652/1/1
f 650/1/1 656/1/1 654/1/1
f 657/657/330 658/658/330 659/659/330
f 660/660/330 659/659/330 658/658/330
f 659/659/331 660/660/331 661/661/331
f 662/662/331 661/661/331 660/660/331
f 661/661/332 662/662/332 663/663/332
f 664/664/332 663/663/332 662/662/332
f 663/663/333 664/664/333 657/657/333
f 658/658/333 657/657/333 664/664/333
f 658/1/1 662/1/1 660/1/1
f 658/1/1 664/1/1 662/1/1
f 665/665/334 666/666/334 667/667/334
f 668/668/334 667/667/334 666/666/334
f 667/667/335 668/668/335 669/669/335
f 670/670/335 669/669/335 668/668/335
f 669/669/336 670/670/336 671/671/336
f 672/672/336 671/671/336 670/670/336
f 671/671/337 672/672/337 665/665/337
f 666/666/337 665/665/337 672/672/337
f 666/1/1 670/1/1 668/1/1
f 666/1/1 672/1/1 670/1/1
f 673/673/338 674/674/338 675/675/338
f 676/676/338 675/675/338 674/674/338
f 675/675/339 676/676/339 677/677/339
f 678/678/339 677/677/339 676/676/339
f 677/677/340 678/678/340 679/679/340
f 680/680/340 679/679/340 678/678/340
f 679/679/341 680/680/341 673/673/341
f 674/674/341 673/673/341 680/680/341
f 674/1/1 678/1/1 676/1/1
f 674/1/1 680/1/1 678/1/1
f 681/681/342 682/682/342 683/683/342
f 684/684/342 683/683/342 682/682/342
f 683/683/343 684/684/343 685/685/343
f 686/686/343 685/685/343 684/684/343
f 685/685/344 686/686/344 687/687/344
f 688/688/344 687/687/344 686/686/344
f 687/687/345 688/688/345 681/681/345
f 682/682/345 681/681/345 688/688/345
f 682/1/1 686/1/1 684/1/1
f 682/1/1 688/1/1 686/1/1
f 689/689/346 690/690/346 691/691/346
f 692/692/346 691/691/346 690/690/346
f 691/691/347 692/692/347 693/693/347
f 694/694/347 693/693/347 692/692/347
f 693/693/348 694/694/348 695/695/348
f 696/696/348 695/695/348 694/694/348
f 695/695/349 696/696/349 689/689/349
f 690/690/349 689/689/349 696/696/349
f 690/1/1 694/1/1 692/1/1
f 690/1/1 696/1/1 694/1/1
f 697/697/350 698/698/350 699/699/350
f 700/700/350 699/699/350 698/698/350
f 699/699/351 700/700/351 701/701/351
f 702/702/351 701/701/351 700/700/351
f 701/701/352 702/702/352 703/703/352
f 704/704/352 703/703/352 702/702/352
f 703/703/353 704/704/353 697/697/353
f 698/698/353 697/697/353 704/704/353
f 698/1/1 702/1/1 700/1/1
f 698/1/1 704/1/1 702/1/1
f 705/705/354 706/706/354 707/707/354
f 708/708/354 707/707/354 706/706/354
f 707/707/355 708/708/355 709/709/355
f 710/710/355 709/709/355 708/708/355
f 709/709/356 710/710/356 711/711/356
f 712/712/356 711/711/356 710/710/356
f 711/711/357 712/712/357 705/705/357
f 706/706/357 705/705/357 712/712/357
f 706/1/1 710/1/1 708/1/1
f 706/1/1 712/1/1 710/1/1
f 713/713/358 714/714/358 715/715/358
f 716/716/358 715/715/358 714/714/358
f 715/715/359 716/716/359 717/717/359
f 718/718/359 717/717/359 716/716/359
f 717/717/360 718/718/360 719/719/360
f 720/720/360 719/719/360 718/718/360
f 719/719/361 720/720/361 713/713/361
f 714/714/361 713/713/361 720/720/361
f 714/1/1 718/1/1 716/1/1
f 714/1/1 720/1/1 718/1/1
f 721/721/362 722/722/362 723/723/362
f 724/724/362 723/723/362 722/722/362
f 723/723/363 724/724/363 725/725/363
f 726/726/363 725/725/363 724/724/363
f 725/725/364 726/726/364 727/727/364
f 728/728/364 727/727/364 726/726/364
f 727/727/365 728/728/365 721/721/365
f 722/722/365 721/721/365 728/728/365
f 722/1/1 726/1/1 724/1/1
f 722/1/1 728/1/1 726/1/1
f 729/729/366 730/730/366 731/731/366
f 732/732/366 731/731/366 730/730/366
f 731/731/367 732/732/367 733/733/367
f 734/734/367 733/733/367 732/732/367
f 733/733/368 734/734/368 735/735/368
f 736/736/368 735/735/368 734/734/368
f 735/735/369 736/736/369 729/729/369
f 730/730/369 729/729/369 736/736/369
f 730/1/1 734/1/1 732/1/1
f 730/1/1 736/1/1 734/1/1
f 737/737/370 738/738/370 739/739/370
f 740/740/370 739/739/370 738/738/370
f 739/739/371 740/740/371 741/741/371
f 742/742/371 741/741/371 740/740/371
f 741/741/372 742/742/372 743/743/372
f 744/744/372 743/743/372 742/742/372
f 743/743/373 744/744/373 737/737/373
f 738/738/373 737/737/373 744/744/373
f 738/1/1 742/1/1 740/1/1
f 738/1/1 744/1/1 742/1/1
f 745/745/374 746/746/374 747/747/374
f 748/748/374 747/747/374 746/746/374
f 747/747/375 748/748/375 749/749/375
f 750/750/375 749/749/375 748/748/375
f 749/749/376 750/750/376 751/751/376
f 752/752/376 751/751/376 750/750/376
f 751/751/377 752/752/377 745/745/377
f 746/746/377 745/745/377 752/752/377
f 746/1/1 750/1/1 748/1/1
f 746/1/1 752/1/1 750/1/1
f 753/753/378 754/754/378 755/755/378
f 756/756/378 755/755/378 754/754/378
f 755/755/379 756/756/379 757/757/379
f 758/758/379 757/757/379 756/756/379
f 757/757/380 758/758/380 759/759/380
f 760/760/380 759/759/380 758/758/380
f 759/759/381 760/760/381 753/753/381
f 754/754/381 753/753/381 760/760/381
f 754/1/1 758/1/1 756/1/1
f 754/1/1 760/1/1 758/1/1
f 761/761/382 762/762/382 763/763/382
f 764/764/382 763/763/382 762/762/382
f 763/763/383 764/764/383 765/765/383
f 766/766/383 765/765/383 764/764/383
f 765/765/384 766/766/384 767/767/384
f 768/768/384 767/767/384 766/766/384
f 767/767/385 768/768/385 761/761/385
f 762/762/385 761/761/385 768/768/385
f 762/1/1 766/1/1 764/1/1
f 762/1/1 768/1/1 766/1/1
f 769/769/386 770/770/386 771/771/386
f 772/772/386 771/771/386 770/770/386
f 771/771/387 772/772/387 773/773/387
f 774/774/387 773/773/387 772/772/387
f 773/773/388 774/774/388 775/775/388
f 776/776/388 775/775/388 774/774/388
f 775/775/389 776/776/389 769/769/389
f 770/770/389 769/769/389 776/776/389
f 770/1/1 774/1/1 772/1/1
f 770/1/1 776/1/1 774/1/1
f 777/777/390 778/778/390 779/779/390
f 780/780/390 779/779/390 778/778/390
f 779/779/391 780/780/391 781/781/391
f 782/782/391 781/781/391 780/780/391
f 781/781/392 782/782/392 783/783/392
f 784/784/392 783/783/392 782/782/392
f 783/783/393 784/784/393 777/777/393
f 778/778/393 777/777/393 784/784/393
f 778/1/1 782/1/1 780/1/1
f 778/1/1 784/1/1 782/1/1
f 785/785/394 786/786/394 787/787/394
f 788/788/394 787/787/394 786/786/394
f 787/787/395 788/788/395 789/789/395
f 790/790/395 789/789/395 788/788/395
f 789/789/396 790/790/396 791/791/396
f 792/792/396 791/791/396 790/790/396
f 791/791/397 792/792/397 785/785/397
f 786/786/397 785/785/397 792/792/397
f 786/1/1 790/1/1 788/1/1
f 786/1/1 792/1/1 790/1/1
f 793/793/398 794/794/398 795/795/398
f 796/796/398 795/795/398 794/794/398
f 795/795/399 796/796/399 797/797/399
f 798/798/399 797/797/399 796/796/399
f 797/797/400 798/798/400 799/799/400
f 800/800/400 799/799/400 798/798/400
f 799/799/401 800/800/401 793/793/401
f 794/794/401 793/793/401 800/800/401
f 794/1/1 798/1/1 796/1/1
f 794/1/1 800/1/1 798/1/1
f 801/801/402 802/802/402 803/803/402
f 804/804/402 803/803/402 802/802/402
f 803/803/403 804/804/403 805/805/403
f 806/806/403 805/805/403 804/804/403
f 805/805/404 806/806/404 807/807/404
f 808/808/404 807/807/404 806/806/404
f 807/807/405 808/808/405 801/801/405
f 802/802/405 801/801/405 808/808/405
f 802/1/1 806/1/1 804/1/1
f 802/1/1 808/1/1 806/1/1
f 809/809/406 810/810/406 811/811/406
f 812/812/406 811/811/406 810/810/406
f 811/811/407 812/812/407 813/813/407
f 814/814/407 813/813/407 812/812/407
f 813/813/408 814/814/408 815/815/408
f 816/816/408 815/815/408 814/814/408
f 815/815/409 816/816/409 809/809/409
f 810/810/409 809/809/409 816/816/409
f 810/1/1 814/1/1 812/1/1
f 810/1/1 816/1/1 814/1/1
f 817/817/410 818/818/410 819/819/410
f 820/820/410 819/819/410 818/818/410
f 819/819/411 820/820/411 821/821/411
f 822/822/411 821/821/411 820/820/411
f 821/821/412 822/822/412 823/823/412
f 824/824/412 823/823/412 822/822/412
f 823/823/413 824/824/413 817/817/413
f 818/818/413 817/817/413 824/824/413
f 818/1/1 822/1/1 820/1/1
f 818/1/1 824/1/1 822/1/1
f 825/825/414 826/826/414 827/827/414
f 828/828/414 827/827/414 826/826/414
f 827/827/415 828/828/415 829/829/415
f 830/830/415 829/829/415 828/828/415
f 829/829/416 830/830/416 831/831/416
f 832/832/416 831/831/416 830/830/416
f 831/831/417 832/832/417 825/825/417
f 826/826/417 825/825/417 832/832/417
f 826/1/1 830/1/1 828/1/1
f 826/1/1 832/1/1 830/1/1
f 833/833/418 834/834/418 835/835/418
f 836/836/418 835/835/418 834/834/418
f 835/835/419 836/836/419 837/837/419
f 838/838/419 837/837/419 836/836/419
f 837/837/420 838/838/420 839/839/420
f 840/840/420 839/839/420 838/838/420
f 839/839/421 840/840/421 833/833/421
f 834/834/421 833/833/421 840/840/421
f 834/1/1 838/1/1 836/1/1
f 834/1/1 840/1/1 838/1/1
f 841/841/422 842/842/422 843/843/422
f 844/844/422 843/843/422 842/842/422
f 843/843/423 844/844/423 845/845/423
f 846/846/423 845/845/423 844/844/423
f 845/845/424 846/846/424 847/847/424
f 848/848/424 847/847/424 846/846/424
f 847/847/425 848/848/425 841/841/425
f 842/842/425 841/841/425 848/848/425
f 842/1/1 846/1/1 844/1/1
f 842/1/1 848/1/1 846/1/1
f 849/849/426 850/850/426 851/851/426
f 852/852/426 851/851/426 850/850/426
f 851/851/427 852/852/427 853/853/427
f 854/854/427 853/853/427 852/852/427
f 853/853/428 854/854/428 855/855/428
f 856/856/428 855/855/428 854/854/428
f 855/855/429 856/856/429 849/849/429
f 850/850/429 849/849/429 856/856/429
f 850/1/1 854/1/1 852/1/1
f 850/1/1 856/1/1 854/1/1
f 857/857/430 858/858/430 859/859/430
f 860/860/430 859/859/430 858/858/430
f 859/859/431 860/860/431 861/861/431
f 862/862/431 861/861/431 860/860/431
f 861/861/432 862/862/432 863/863/432
f 864/864/432 863/863/432 862/862/432
f 863/863/433 864/864/433 857/857/433
f 858/858/433 857/857/433 864/864/433
f 858/1/1 862/1/1 860/1/1
f 858/1/1 864/1/1 862/1/1
f 865/865/434 866/866/434 867/867/434
f 868/868/434 867/867/434 866/866/434
f 867/867/435 868/868/435 869/869/435
f 870/870/435 869/869/435 868/868/435
f 869/869/436 870/870/436 871/871/436
f 872/872/436 871/871/436 870/870/436
f 871/871/437 872/872/437 865/865/437
f 866/866/437 865/865/437 872/872/437
f 866/1/1 870/1/1 868/1/1
f 866/1/1 872/1/1 870/1/1
f 873/873/438 874/874/438 875/875/438
f 876/876/438 875/875/438 874/874/438
f 875/875/439 876/876/439 877/877/439
f 878/878/439 877/877/439 876/876/439
f 877/877/440 878/878/440 879/879/440
f 880/880/440 879/879/440 878/878/440
f 879/879/441 880/880/441 873/873/441
f 874/874/441 873/873/441 880/880/441
f 874/1/1 878/1/1 876/1/1
f 874/1/1 880/1/1 878/1/1
f 881/881/442 882/882/442 883/883/442
f 884/884/442 883/883/442 882/882/442
f 883/883/443 884/884/443 885/885/443
f 886/886/443 885/885/443 884/884/443
f 885/885/444 886/886/444 887/887/444
f 888/888/444 887/887/444 886/886/444
f 887/887/445 888/888/445 881/881/445
f 882/882/445 881/881/445 888/888/445
f 882/1/1 886/1/1 884/1/1
f 882/1/1 888/1/1 886/1/1
f 889/889/446 890/890/446 891/891/446
f 892/892/446 891/891/446 890/890/446
f 891/891/447 892/892/447 893/893/447
f 894/894/447 893/893/447 892/892/447
f 893/893/448 894/894/448 895/895/448
f 896/896/448 895/895/448 894/894/448
f 895/895/449 896/896/449 889/889/449
f 890/890/449 889/889/449 896/896/449
f 890/1/1 894/1/1 892/1/1
f 890/1/1 896/1/1 894/1/1
f 897/897/450 898/898/450 899/899/450
f 900/900/450 899/899/450 898/898/450
f 899/899/451 900/900/451 901/901/451
f 902/902/451 901/901/451 900/900/451
f 901/901/452 902/902/452 903/903/452
f 904/904/452 903/903/452 902/902/452
f 903/903/453 904/904/453 897/897/453
f 898/898/453 897/897/453 904/904/453
f 898/1/1 902/1/1 900/1/1
f 898/1/1 904/1/1 902/1/1
f 905/905/454 906/906/454 907/907/454
f 908/908/454 907/907/454 906/906/454
f 907/907/455 908/908/455 909/909/455
f 910/910/455 909/909/455 908/908/455
f 909/909/456 910/910/456 911/911/456
f 912/912/456 911/911/456 910/910/456
f 911/911/457 912/912/457 905/905/457
f 906/906/457 905/905/457 912/912/457
f 906/1/1 910/1/1 908/1/1
f 906/1/1 912/1/1 910/1/1
f 913/913/458 914/914/458 915/915/458
f 916/916/458 915/915/458 914/914/458
f 915/915/459 916/916/459 917/917/459
f 918/918/459 917/917/459 916/916/459
f 917/917/460 918/918/460 919/919/460
f 920/920/460 919/919/460 918/918/460
f 919/919/461 920/920/461 913/913/461
f 914/914/461 913/913/461 920/920/461
f 914/1/1 918/1/1 916/1/1
f 914/1/1 920/1/1 918/1/1
f 921/921/462 922/922/462 923/923/462
f 924/924/462 923/923/462 922/922/462
f 923/923/463 924/924/463 925/925/463
f 926/926/463 925/925/463 924/924/463
f 925/925/464 926/926/464 927/927/464
f 928/928/464 927/927/464 926/926/464
f 927/927/465 928/928/465 921/921/465
f 922/922/465 921/921/465 928/928/465
f 922/1/1 926/1/1 924/1/1
f 922/1/1 928/1/1 926/1/1
f 929/929/466 930/930/466 931/931/466
f 932/932/466 931/931/466 930/930/466
f 931/931/467 932/932/467 933/933/467
f 934/934/467 933/933/467 932/932/467
f 933/933/468 934/934/468 935/935/468
f 936/936/468 935/935/468 934/934/468
f 935/935/469 936/936/469 929/929/469
f 930/930/469 929/929/469 936/936/469
f 930/1/1 934/1/1 932/1/1
f 930/1/1 936/1/1 934/1/1
f 937/937/470 938/938/470 939/939/470
f 940/940/470 939/939/470 938/938/470
f 939/939/471 940/940/471 941/941/471
f 942/942/471 941/941/471 940/940/471
f 941/941/472 942/942/472 943/943/472
f 944/944/472 943/943/472 942/942/472
f 943/943/473 944/944/473 937/937/473
f 938/938/473 937/937/473 944/944/473
f 938/1/1 942/1/1 940/1/1
f 938/1/1 944/1/1 942/1/1
f 945/945/474 946/946/474 947/947/474
f 948/948/474 947/947/474 946/946/474
f 947/947/475 948/948/475 949/949/475
f 950/950/475 949/949/475 948/948/475
f 949/949/476 950/950/476 951/951/476
f 952/952/476 951/951/476 950/950/476
f 951/951/477 952/952/477 945/945/477
f 946/946/477 945/945/477 952/952/477
f 946/1/1 950/1/1 948/1/1
f 946/1/1 952/1/1 950/1/1
f 953/953/478 954/954/478 955/955/478
f 956/956/478 955/955/478 954/954/478
f 955/955/479 956/956/479 957/957/479
f 958/958/479 957/957/479 956/956/479
f 957/957/480 958/958/480 959/959/480
f 960/960/480 959/959/480 958/958/480
f 959/959/481 960/960/481 953/953/481
f 954/954/481 953/953/481 960/960/481
f 954/1/1 958/1/1 956/1/1
f 954/1/1 960/1/1 958/1/1
f 961/961/482 962/962/482 963/963/482
f 964/964/482 963/963/482 962/962/482
f 963/963/483 964/964/483 965/965/483
f 966/966/483 965/965/483 964/964/483
f 965/965/484 966/966/484 967/967/484
f 968/968/484 967/967/484 966/966/484
f 967/967/485 968/968/485 961/961/485
f 962/962/485 961/961/485 968/968/485
f 962/1/1 966/1/1 964/1/1
f 962/1/1 968/1/1 966/1/1
f 969/969/486 970/970/486 971/971/486
f 972/972/486 971/971/486 970/970/486
f 971/971/487 972/972/487 973/973/487
f 974/974/487 973/973/487 972/972/487
f 973/973/488 974/974/488 975/975/488
f 976/976/488 975/975/488 974/974/488
f 975/975/489 976/976/489 969/969/489
f 970/970/489 969/969/489 976/976/489
f 970/1/1 974/1/1 972/1/1
f 970/1/1 976/1/1 974/1/1
f 977/977/490 978/978/490 979/979/490
f 980/980/490 979/979/490 978/978/490
f 979/979/491 980/980/491 981/981/491
f 982/982/491 981/981/491 980/980/491
f 981/981/492 982/982/492 983/983/492
f 984/984/492 983/983/492 982/982/492
f 983/983/493 984/984/493 977/977/493
f 978/978/493 977/977/493 984/984/493
f 978/1/1 982/1/1 980/1/1
f 978/1/1 984/1/1 982/1/1
f 985/985/494 986/986/494 987/987/494
f 988/988/494 987/987/494 986/986/494
f 987/987/495 988/988/495 989/989/495
f 990/990/495 989/989/495 988/988/495
f 989/989/496 990/990/496 991/991/496
f 992/992/496 991/991/496 990/990/496
f 991/991/497 992/992/497 985/985/497
f 986/986/497 985/985/497 992/992/497
f 986/1/1 990/1/1 988/1/1
f 986/1/1 992/1/1 990/1/1
f 993/993/498 994/994/498 995/995/498
f 996/996/498 995/995/498 994/994/498
f 995/995/499 996/996/499 997/997/499
f 998/998/499 997/997/499 996/996/499
f 997/997/500 998/998/500 999/999/500
f 1000/1000/500 999/999/500 998/998/500
f 999/999/501 1000/1000/501 993/993/501
f 994/994/501 993/993/501 1000/1000/501
f 994/1/1 998/1/1 996/1/1
f 994/1/1 1000/1/1 998/1/1
f 1001/1001/502 1002/1002/502 1003/1003/502
f 1004/1004/502 1003/1003/502 1002/1002/502
f 1003/1003/503 1004/1004/503 1005/1005/503
f 1006/1006/503 1005/1005/503 1004/1004/503
f 1005/1005/504 1006/1006/504 1007/1007/504
f 1008/1008/504 1007/1007/504 1006/1006/504
f 1007/1007/505 1008/1008/505 1001/1001/505
f 1002/1002/505 1001/1001/505 1008/1008/505
f 1002/1/1 1006/1/1 1004/1/1
f 1002/1/1 1008/1/1 1006/1/1
f 1009/1009/506 1010/1010/506 1011/1011/506
f 1012/1012/506 1011/1011/506 1010/1010/506
f 1011/1011/507 1012/1012/507 1013/1013/507
f 1014/1014/507 1013/1013/507 1012/1012/507
f 1013/1013/508 1014/1014/508 1015/1015/508
f 1016/1016/508 1015/1015/508 1014/1014/508
f 1015/1015/509 1016/1016/509 1009/1009/509
f 1010/1010/509 1009/1009/509 1016/1016/509
f 1010/1/1 1014/1/1 1012/1/1
f 1010/1/1 1016/1/1 1014/1/1
f 1017/1017/510 1018/1018/510 1019/1019/510
f 1020/1020/510 1019/1019/510 1018/1018/510
f 1019/1019/511 1020/1020/511 1021/1021/511
f 1022/1022/511 1021/1021/511 1020/1020/511
f 1021/1021/512 1022/1022/512 1023/1023/512
f 1024/1024/512 1023/1023/512 1022/1022/512
f 1023/1023/513 1024/1024/513 1017/1017/513
f 1018/1018/513 1017/1017/513 1024/1024/513
f 1018/1/1 1022/1/1 1020/1/1
f 1018/1/1 1024/1/1 1022/1/1
f 1025/1025/514 1026/1026/514 1027/1027/514
f 1028/1028/514 1027/1027/514 1026/1026/514
f 1027/1027/515 1028/1028/515 1029/1029/515
f 1030/1030/515 1029/1029/515 1028/1028/515
f 1029/1029/516 1030/1030/516 1031/1031/516
f 1032/1032/516 1031/1031/516 1030/1030/516
f 1031/1031/517 1032/1032/517 1025/1025/517
f 1026/1026/517 1025/1025/517 1032/1032/517
f 1026/1/1 1030/1/1 1028/1/1
f 1026/1/1 1032/1/1 1030/1/1
f 1033/1033/518 1034/1034/518 1035/1035/518
f 1036/1036/518 1035/1035/518 1034/1034/518
f 1035/1035/519 1036/1036/519 1037/1037/519
f 1038/1038/519 1037/1037/519 1036/1036/519
f 1037/1037/520 1038/1038/520 1039/1039/520
f 1040/1040/520 1039/1039/520 1038/1038/520
f 1039/1039/521 1040/1040/521 1033/1033/521
f 1034/1034/521 1033/1033/521 1040/1040/521
f 1034/1/1 1038/1/1 1036/1/1
f 1034/1/1 1040/1/1 1038/1/1
f 1041/1041/522 1042/1042/522 1043/1043/522
f 1044/1044/522 1043/1043/522 1042/1042/522
f 1043/1043/523 1044/1044/523 1045/1045/523
f 1046/1046/523 1045/1045/523 1044/1044/523
f 1045/1045/524 1046/1046/524 1047/1047/524
f 1048/1048/524 1047/1047/524 1046/1046/524
f 1047/1047/525 1048/1048/525 1041/1041/525
f 1042/1042/525 1041/1041/525 1048/1048/525
f 1042/1/1 1046/1/1 1044/1/1
f 1042/1/1 1048/1/1 1046/1/1
f 1049/1049/526 1050/1050/526 1051/1051/526
f 1052/1052/526 1051/1051/526 1050/1050/526
f 1051/1051/527 1052/1052/527 1053/1053/527
f 1054/1054/527 1053/1053/527 1052/1052/527
f 1053/1053/528 1054/1054/528 1055/1055/528
f 1056/1056/528 1055/1055/528 1054/1054/528
f 1055/1055/529 1056/1056/529 1049/1049/529
f 1050/1050/529 1049/1049/529 1056/1056/529
f 1050/1/1 1054/1/1 1052/1/1
f 1050/1/1 1056/1/1 1054/1/1
f 1057/1057/530 1058/1058/530 1059/1059/530
f 1060/1060/530 1059/1059/530 1058/1058/530
f 1059/1059/531 1060/1060/531 1061/1061/531
f 1062/1062/531 1061/1061/531 1060/1060/531
f 1061/1061/532 1062/1062/532 1063/1063/532
f 1064/1064/532 1063/1063/532 1062/1062/532
f 1063/1063/533 1064/1064/533 1057/1057/533
f 1058/1058/533 1057/1057/533 1064/1064/533
f 1058/1/1 1062/1/1 1060/1/1
f 1058/1/1 1064/1/1 1062/1/1
f 1065/1065/534 1066/1066/534 1067/1067/534
f 1068/1068/534 1067/1067/534 1066/1066/534
f 1067/1067/535 1068/1068/535 1069/1069/535
f 1070/1070/535 1069/1069/535 1068/1068/535
f 1069/1069/536 1070/1070/536 1071/1071/536
f 1072/1072/536 1071/1071/536 1070/1070/536
f 1071/1071/537 1072/1072/537 1065/1065/537
f 1066/1066/537 1065/1065/537 1072/1072/537
f 1066/1/1 1070/1/1 1068/1/1
f 1066/1/1 1072/1/1 1070/1/1
f 1073/1073/538 1074/1074/538 1075/1075/538
f 1076/1076/538 1075/1075/538 1074/1074/538
f 1075/1075/539 1076/1076/539 1077/1077/539
f 1078/1078/539 1077/1077/539 1076/1076/539
f 1077/1077/540 1078/1078/540 1079/1079/540
f 1080/1080/540 1079/1079/540 1078/1078/540
f 1079/1079/541 1080/1080/541 1073/1073/541
f 1074/1074/541 1073/1073/541 1080/1080/541
f 1074/1/1 1078/1/1 1076/1/1
f 1074/1/1 1080/1/1 1078/1/1
f 1081/1081/542 1082/1082/542 1083/1083/542
f 1084/1084/542 1083/1083/542 1082/1082/542
f 1083/1083/543 1084/1084/543 1085/1085/543
f 1086/1086/543 1085/1085/543 1084/1084/543
f 1085/1085/544 1086/1086/544 1087/1087/544
f 1088/1088/544 1087/1087/544 1086/1086/544
f 1087/1087/545 1088/1088/545 1081/1081/545
f 1082/1082/545 1081/1081/545 1088/1088/545
f 1082/1/1 1086/1/1 1084/1/1
f 1082/1/1 1088/1/1 1086/1/1
f 1089/1089/546 1090/1090/546 1091/1091/546
f 1092/1092/546 1091/1091/546 1090/1090/546
f 1091/1091/547 1092/1092/547 1093/1093/547
f 1094/1094/547 1093/1093/547 1092/1092/547
f 1093/1093/548 1094/1094/548 1095/1095/548
f 1096/1096/548 1095/1095/548 1094/1094/548
f 1095/1095/549 1096/1096/549 1089/1089/549
f 1090/1090/549 1089/1089/549 1096/1096/549
f 1090/1/1 1094/1/1 1092/1/1
f 1090/1/1 1096/1/1 1094/1/1
f 1097/1097/550 1098/1098/550 1099/1099/550
f 1100/1100/550 1099/1099/550 1098/1098/550
f 1099/1099/551 1100/1100/551 1101/1101/551
f 1102/1102/551 1101/1101/551 1100/1100/551
f 1101/1101/552 1102/1102/552 1103/1103/552
f 1104/1104/552 1103/1103/552 1102/1102/552
f 1103/1103/553 1104/1104/553 1097/1097/553
f 1098/1098/553 1097/1097/553 1104/1104/553
f 1098/1/1 1102/1/1 1100/1/1
f 1098/1/1 1104/1/1 1102/1/1
f 1105/1105/554 1106/1106/554 1107/1107/554
f 1108/1108/554 1107/1107/554 1106/1106/554
f 1107/1107/555 1108/1108/555 1109/1109/555
f 1110/1110/555 1109/1109/555 1108/1108/555
f 1109/1109/556 1110/1110/556 1111/1111/556
f 1112/1112/556 1111/1111/556 1110/1110/556
f 1111/1111/557 1112/1112/557 1105/1105/557
f 1106/1106/557 1105/1105/557 1112/1112/557
f 1106/1/1 1110/1/1 1108/1/1
f 1106/1/1 1112/1/1 1110/1/1
f 1113/1113/558 1114/1114/558 1115/1115/558
f 1116/1116/558 1115/1115/558 1114/1114/558
f 1115/1115/559 1116/1116/559 1117/1117/559
f 1118/1118/559 1117/1117/559 1116/1116/559
f 1117/1117/560 1118/1118/560 1119/1119/560
f 1120/1120/560 1119/1119/560 1118/1118/560
f 1119/1119/561 1120/1120/561 1113/1113/561
f 1114/1114/561 1113/1113/561 1120/1120/561
f 1114/1/1 1118/1/1 1116/1/1
f 1114/1/1 1120/1/1 1118/1/1
f 1121/1121/562 1122/1122/562 1123/1123/562
f 1124/1124/562 1123/1123/562 1122/1122/562
f 1123/1123/563 1124/1124/563 1125/1125/563
f 1126/1126/563 1125/1125/563 1124/1124/563
f 1125/1125/564 1126/1126/564 1127/1127/564
f 1128/1128/564 1127/1127/564 1126/1126/564
f 1127/1127/565 1128/1128/565 1121/1121/565
f 1122/1122/565 1121/1121/565 1128/1128/565
f 1122/1/1 1126/1/1 1124/1/1
f 1122/1/1 1128/1/1 1126/1/1
f 1129/1129/566 1130/1130/566 1131/1131/566
f 1132/1132/566 1131/1131/566 1130/1130/566
f 1131/1131/567 1132/1132/567 1133/1133/567
f 1134/1134/567 1133/1133/567 1132/1132/567
f 1133/1133/568 1134/1134/568 1135/1135/568
f 1136/1136/568 1135/1135/568 1134/1134/568
f 1135/1135/569 1136/1136/569 1129/1129/569
f 1130/1130/569 1129/1129/569 1136/1136/569
f 1130/1/1 1134/1/1 1132/1/1
f 1130/1/1 1136/1/1 1134/1/1
f 1137/1137/570 1138/1138/570 1139/1139/570
f 1140/1140/570 1139/1139/570 1138/1138/570
f 1139/1139/571 1140/1140/571 1141/1141/571
f 1142/1142/571 1141/1141/571 1140/1140/571
f 1141/1141/572 1142/1142/572 1143/1143/572
f 1144/1144/572 1143/1143/572 1142/1142/572
f 1143/1143/573 1144/1144/573 1137/1137/573
f 1138/1138/573 1137/1137/573 1144/1144/573
f 1138/1/1 1142/1/1 1140/1/1
f 1138/1/1 1144/1/1 1142/1/1
f 1145/1145/574 1146/1146/574 1147/1147/574
f 1148/1148/574 1147/1147/574 1146/1146/574
f 1147/1147/575 1148/1148/575 1149/1149/575
f 1150/1150/575 1149/1149/575 1148/1148/575
f 1149/1149/576 1150/1150/576 1151/1151/576
f 1152/1152/576 1151/1151/576 1150/1150/576
f 1151/1151/577 1152/1152/577 1145/1145/577
f 1146/1146/577 1145/1145/577 1152/1152/577
f 1146/1/1 1150/1/1 1148/1/1
f 1146/1/1 1152/1/1 1150/1/1
f 1153/1153/578 1154/1154/578 1155/1155/578
f 1156/1156/578 1155/1155/578 1154/1154/578
f 1155/1155/579 1156/1156/579 1157/1157/579
f 1158/1158/579 1157/1157/579 1156/1156/579
f 1157/1157/580 1158/1158/580 1159/1159/580
f 1160/1160/580 1159/1159/580 1158/1158/580
f 1159/1159/581 1160/1160/581 1153/1153/581
f 1154/1154/581 1153/1153/581 1160/1160/581
f 1154/1/1 1158/1/1 1156/1/1
f 1154/1/1 1160/1/1 1158/1/1
f 1161/1161/582 1162/1162/582 1163/1163/582
f 1164/1164/582 1163/1163/582 1162/1162/582
f 1163/1163/583 1164/1164/583 1165/1165/583
f 1166/1166/583 1165/1165/583 1164/1164/583
f 1165/1165/584 1166/1166/584 1167/1167/584
f 1168/1168/584 1167/1167/584 1166/1166/584
f 1167/1167/585 1168/1168/585 1161/1161/585
f 1162/1162/585 1161/1161/585 1168/1168/585
f 1162/1/1 1166/1/1 1164/1/1
f 1162/1/1 1168/1/1 1166/1/1
f 1169/1169/586 1170/1170/586 1171/1171/586
f 1172/1172/586 1171/1171/586 1170/1170/586
f 1171/1171/587 1172/1172/587 1173/1173/587
f 1174/1174/587 1173/1173/587 1172/1172/587
f 1173/1173/588 1174/1174/588 1175/1175/588
f 1176/1176/588 1175/1175/588 1174/1174/588
f 1175/1175/589 1176/1176/589 1169/1169/589
f 1170/1170/589 1169/1169/589 1176/1176/589
f 1170/1/1 1174/1/1 1172/1/1
f 1170/1/1 1176/1/1 1174/1/1
f 1177/1177/590 1178/1178/590 1179/1179/590
f 1180/1180/590 1179/1179/590 1178/1178/590
f 1179/1179/591 1180/1180/591 1181/1181/591
f 1182/1182/591 1181/1181/591 1180/1180/591
f 1181/1181/592 1182/1182/592 1183/1183/592
f 1184/1184/592 1183/1183/592 1182/1182/592
f 1183/1183/593 1184/1184/593 1177/1177/593
f 1178/1178/593 1177/1177/593 1184/1184/593
f 1178/1/1 1182/1/1 1180/1/1
f 1178/1/1 1184/1/1 1182/1/1
f 1185/1185/594 1186/1186/594 1187/1187/594
f 1188/1188/594 1187/1187/594 1186/1186/594
f 1187/1187/595 1188/1188/595 1189/1189/595
f 1190/1190/595 1189/1189/595 1188/1188/595
f 1189/1189/596 1190/1190/596 1191/1191/596
f 1192/1192/596 1191/1191/596 1190/1190/596
f 1191/1191/597 1192/1192/597 1185/1185/597
f 1186/1186/597 1185/1185/597 1192/1192/597
f 1186/1/1 1190/1/1 1188/1/1
f 1186/1/1 1192/1/1 1190/1/1
f 1193/1193/598 1194/1194/598 1195/1195/598
f 1196/1196/598 1195/1195/598 1194/1194/598
f 1195/1195/599 1196/1196/599 1197/1197/599
f 1198/1198/599 1197/1197/599 1196/1196/599
f 1197/1197/600 1198/1198/600 1199/1199/600
f 1200/1200/600 1199/1199/600 1198/1198/600
f 1199/1199/601 1200/1200/601 1193/1193/601
f 1194/1194/601 1193/1193/601 1200/1200/601
f 1194/1/1 1198/1/1 1196/1/1
f 1194/1/1 1200/1/1 1198/1/1
f 1201/1201/602 1202/1202/602 1203/1203/602
f 1204/1204/602 1203/1203/602 1202/1202/602
f 1203/1203/603 1204/1204/603 1205/1205/603
f 1206/1206/603 1205/1205/603 1204/1204/603
f 1205/1205/604 1206/1206/604 1207/1207/604
f 1208/1208/604 1207/1207/604 1206/1206/604
f 1207/1207/605 1208/1208/605 1201/1201/605
f 1202/1202/605 1201/1201/605 1208/1208/605
f 1202/1/1 1206/1/1 1204/1/1
f 1202/1/1 1208/1/1 1206/1/1
f 1209/1209/606 1210/1210/606 1211/1211/606
f 1212/1212/606 1211/1211/606 1210/1210/606
f 1211/1211/607 1212/1212/607 1213/1213/607
f 1214/1214/607 1213/1213/607 1212/1212/607
f 1213/1213/608 1214/1214/608 1215/1215/608
f 1216/1216/608 1215/1215/608 1214/1214/608
f 1215/1215/609 1216/1216/609 1209/1209/609
f 1210/1210/609 1209/1209/609 1216/1216/609
f 1210/1/1 1214/1/1 1212/1/1
f 1210/1/1 1216/1/1 1214/1/1
f 1217/1217/610 1218/1218/610 1219/1219/610
f 1220/1220/610 1219/1219/610 1218/1218/610
f 1219/1219/611 1220/1220/611 1221/1221/611
f 1222/1222/611 1221/1221/611 1220/1220/611
f 1221/1221/612 1222/1222/612 1223/1223/612
f 1224/1224/612 1223/1223/612 1222/1222/612
f 1223/1223/613 1224/1224/613 1217/1217/613
f 1218/1218/613 1217/1217/613 1224/1224/613
f 1218/1/1 1222/1/1 1220/1/1
f 1218/1/1 1224/1/1 1222/1/1
f 1225/1225/614 1226/1226/614 1227/1227/614
f 1228/1228/614 1227/1227/614 1226/1226/614
f 1227/1227/615 1228/1228/615 1229/1229/615
f 1230/1230/615 1229/1229/615 1228/1228/615
f 1229/1229/616 1230/1230/616 1231/1231/616
f 1232/1232/616 1231/1231/616 1230/1230/616
f 1231/1231/617 1232/1232/617 1225/1225/617
f 1226/1226/617 1225/1225/617 1232/1232/617
f 1226/1/1 1230/1/1 1228/1/1
f 1226/1/1 1232/1/1 1230/1/1
f 1233/1233/618 1234/1234/618 1235/1235/618
f 1236/1236/618 1235/1235/618 1234/1234/618
f 1235/1235/619 1236/1236/619 1237/1237/619
f 1238/1238/619 1237/1237/619 1236/1236/619
f 1237/1237/620 1238/1238/620 1239/1239/620
f 1240/1240/620 1239/1239/620 1238/1238/620
f 1239/1239/621 1240/1240/621 1233/1233/621
f 1234/1234/621 1233/1233/621 1240/1240/621
f 1234/1/1 1238/1/1 1236/1/1
f 1234/1/1 1240/1/1 1238/1/1
f 1241/1241/622 1242/1242/622 1243/1243/622
f 1244/1244/622 1243/1243/622 1242/1242/622
f 1243/1243/623 1244/1244/623 1245/1245/623
f 1246/1246/623 1245/1245/623 1244/1244/623
f 1245/1245/624 1246/1246/624 1247/1247/624
f 1248/1248/624 1247/1247/624 1246/1246/624
f 1247/1247/625 1248/1248/625 1241/1241/625
f 1242/1242/625 1241/1241/625 1248/1248/625
f 1242/1/1 1246/1/1 1244/1/1
f 1242/1/1 1248/1/1 1246/1/1
f 1249/1249/626 1250/1250/626 1251/1251/626
f 1252/1252/626 1251/1251/626 1250/1250/626
f 1251/1251/627 1252/1252/627 1253/1253/627
f 1254/1254/627 1253/1253/627 1252/1252/627
f 1253/1253/628 1254/1254/628 1255/1255/628
f 1256/1256/628 1255/1255/628 1254/1254/628
f 1255/1255/629 1256/1256/629 1249/1249/629
f 1250/1250/629 1249/1249/629 1256/1256/629
f 1250/1/1 1254/1/1 1252/1/1
f 1250/1/1 1256/1/1 1254/1/1
f 1257/1257/630 1258/1258/630 1259/1259/630
f 1260/1260/630 1259/1259/630 1258/1258/630
f 1259/1259/631 1260/1260/631 1261/1261/631
f 1262/1262/631 1261/1261/631 1260/1260/631
f 1261/1261/632 1262/1262/632 1263/1263/632
f 1264/1264/632 1263/1263/632 1262/1262/632
f 1263/1263/633 1264/1264/633 1257/1257/633
f 1258/1258/633 1257/1257/633 1264/1264/633
f 1258/1/1 1262/1/1 1260/1/1
f 1258/1/1 1264/1/1 1262/1/1
f 1265/1265/634 1266/1266/634 1267/1267/634
f 1268/1268/634 1267/1267/634 1266/1266/634
f 1267/1267/635 1268/1268/635 1269/1269/635
f 1270/1270/635 1269/1269/635 1268/1268/635
f 1269/1269/636 1270/1270/636 1271/1271/636
f 1272/1272/636 1271/1271/636 1270/1270/636
f 1271/1271/637 1272/1272/637 1265/1265/637
f 1266/1266/637 1265/1265/637 1272/1272/637
f 1266/1/1 1270/1/1 1268/1/1
f 1266/1/1 1272/1/1 1270/1/1
f 1273/1273/638 1274/1274/638 1275/1275/638
f 1276/1276/638 1275/1275/638 1274/1274/638
f 1275/1275/639 1276/1276/639 1277/1277/639
f 1278/1278/639 1277/1277/639 1276/1276/639
f 1277/1277/640 1278/1278/640 1279/1279/640
f 1280/1280/640 1279/1279/640 1278/1278/640
f 1279/1279/641 1280/1280/641 1273/1273/641
f 1274/1274/641 1273/1273/641 1280/1280/641
f 1274/1/1 1278/1/1 1276/1/1
f 1274/1/1 1280/1/1 1278/1/1
f 1281/1281/642 1282/1282/642 1283/1283/642
f 1284/1284/642 1283/1283/642 1282/1282/642
f 1283/1283/643 1284/1284/643 1285/1285/643
f 1286/1286/643 1285/1285/643 1284/1284/643
f 1285/1285/644 1286/1286/644 1287/1287/644
f 1288/1288/644 1287/1287/644 1286/1286/644
f 1287/1287/645 1288/1288/645 1281/1281/645
f 1282/1282/645 1281/1281/645 1288/1288/645
f 1282/1/1 1286/1/1 1284/1/1
f 1282/1/1 1288/1/1 1286/1/1
f 1289/1289/646 1290/1290/646 1291/1291/646
f 1292/1292/646 1291/1291/646 1290/1290/646
f 1291/1291/647 1292/1292/647 1293/1293/647
f 1294/1294/647 1293/1293/647 1292/1292/647
f 1293/1293/648 1294/1294/648 1295/1295/648
f 1296/1296/648 1295/1295/648 1294/1294/648
f 1295/1295/649 1296/1296/649 1289/1289/649
f 1290/1290/649 1289/1289/649 1296/1296/649
f 1290/1/1 1294/1/1 1292/1/1
f 1290/1/1 1296/1/1 1294/1/1
f 1297/1297/650 1298/1298/650 1299/1299/650
f 1300/1300/650 1299/1299/650 1298/1298/650
f 1299/1299/651 1300/1300/651 1301/1301/651
f 1302/1302/651 1301/1301/651 1300/1300/651
f 1301/1301/652 1302/1302/652 1303/1303/652
f 1304/1304/652 1303/1303/652 1302/1302/652
f 1303/1303/653 1304/1304/653 1297/1297/653
f 1298/1298/653 1297/1297/653 1304/1304/653
f 1298/1/1 1302/1/1 1300/1/1
f 1298/1/1 1304/1/1 1302/1/1
f 1305/1305/654 1306/1306/654 1307/1307/654
f 1308/1308/654 1307/1307/654 1306/1306/654
f 1307/1307/655 1308/1308/655 1309/1309/655
f 1310/1310/655 1309/1309/655 1308/1308/655
f 1309/1309/656 1310/1310/656 1311/1311/656
f 1312/1312/656 1311/1311/656 1310/1310/656
f 1311/1311/657 1312/1312/657 1305/1305/657
f 1306/1306/657 1305/1305/657 1312/1312/657
f 1306/1/1 1310/1/1 1308/1/1
f 1306/1/1 1312/1/1 1310/1/1
f 1313/1313/658 1314/1314/658 1315/1315/658
f 1316/1316/658 1315/1315/658 1314/1314/658
f 1315/1315/659 1316/1316/659 1317/1317/659
f 1318/1318/659 1317/1317/659 1316/1316/659
f 1317/1317/660 1318/1318/660 1319/1319/660
f 1320/1320/660 1319/1319/660 1318/1318/660
f 1319/1319/661 1320/1320/661 1313/1313/661
f 1314/1314/661 1313/1313/661 1320/1320/661
f 1314/1/1 1318/1/1 1316/1/1
f 1314/1/1 1320/1/1 1318/1/1
f 1321/1321/662 1322/1322/662 1323/1323/662
f 1324/1324/662 1323/1323/662 1322/1322/662
f 1323/1323/663 1324/1324/663 1325/1325/663
f 1326/1326/663 1325/1325/663 1324/1324/663
f 1325/1325/664 1326/1326/664 1327/1327/664
f 1328/1328/664 1327/1327/664 1326/1326/664
f 1327/1327/665 1328/1328/665 1321/1321/665
f 1322/1322/665 1321/1321/665 1328/1328/665
f 1322/1/1 1326/1/1 1324/1/1
f 1322/1/1 1328/1/1 1326/1/1
f 1329/1329/666 1330/1330/666 1331/1331/666
f 1332/1332/666 1331/1331/666 1330/1330/666
f 1331/1331/667 1332/1332/667 1333/1333/667
f 1334/1334/667 1333/1333/667 1332/1332/667
f 1333/1333/668 1334/1334/668 1335/1335/668
f 1336/1336/668 1335/1335/668 1334/1334/668
f 1335/1335/669 1336/1336/669 1329/1329/669
f 1330/1330/669 1329/1329/669 1336/1336/669
f 1330/1/1 1334/1/1 1332/1/1
f 1330/1/1 1336/1/1 1334/1/1
f 1337/1337/670 1338/1338/670 1339/1339/670
f 1340/1340/670 1339/1339/670 1338/1338/670
f 1339/1339/671 1340/1340/671 1341/1341/671
f 1342/1342/671 1341/1341/671 1340/1340/671
f 1341/1341/672 1342/1342/672 1343/1343/672
f 1344/1344/672 1343/1343/672 1342/1342/672
f 1343/1343/673 1344/1344/673 1337/1337/673
f 1338/1338/673 1337/1337/673 1344/1344/673
f 1338/1/1 1342/1/1 1340/1/1
f 1338/1/1 1344/1/1 1342/1/1
f 1345/1345/674 1346/1346/674 1347/1347/674
f 1348/1348/674 1347/1347/674 1346/1346/674
f 1347/1347/675 1348/1348/675 1349/1349/675
f 1350/1350/675 1349/1349/675 1348/1348/675
f 1349/1349/676 1350/1350/676 1351/1351/676
f 1352/1352/676 1351/1351/676 1350/1350/676
f 1351/1351/677 1352/1352/677 1345/1345/677
f 1346/1346/677 1345/1345/677 1352/1352/677
f 1346/1/1 1350/1/1 1348/1/1
f 1346/1/1 1352/1/1 1350/1/1
f 1353/1353/678 1354/1354/678 1355/1355/678
f 1356/1356/678 1355/1355/678 1354/1354/678
f 1355/1355/679 1356/1356/679 1357/1357/679
f 1358/1358/679 1357/1357/679 1356/1356/679
f 1357/1357/680 1358/1358/680 1359/1359/680
f 1360/1360/680 1359/1359/680 1358/1358/680
f 1359/1359/681 1360/1360/681 1353/1353/681
f 1354/1354/681 1353/1353/681 1360/1360/681
f 1354/1/1 1358/1/1 1356/1/1
f 1354/1/1 1360/1/1 1358/1/1
f 1361/1361/682 1362/1362/682 1363/1363/682
f 1364/1364/682 1363/1363/682 1362/1362/682
f 1363/1363/683 1364/1364/683 1365/1365/683
f 1366/1366/683 1365/1365/683 1364/1364/683
f 1365/1365/684 1366/1366/684 1367/1367/684
f 1368/1368/684 1367/1367/684 1366/1366/684
f 1367/1367/685 1368/1368/685 1361/1361/685
f 1362/1362/685 1361/1361/685 1368/1368/685
f 1362/1/1 1366/1/1 1364/1/1
f 1362/1/1 1368/1/1 1366/1/1
f 1369/1369/686 1370/1370/686 1371/1371/686
f 1372/1372/686 1371/1371/686 1370/1370/686
f 1371/1371/687 1372/1372/687 1373/1373/687
f 1374/1374/687 1373/1373/687 1372/1372/687
f 1373/1373/688 1374/1374/688 1375/1375/688
f 1376/1376/688 1375/1375/688 1374/1374/688
f 1375/1375/689 1376/1376/689 1369/1369/689
f 1370/1370/689 1369/1369/689 1376/1376/689
f 1370/1/1 1374/1/1 1372/1/1
f 1370/1/1 1376/1/1 1374/1/1
f 1377/1377/690 1378/1378/690 1379/1379/690
f 1380/1380/690 1379/1379/690 1378/1378/690
f 1379/1379/691 1380/1380/691 1381/1381/691
f 1382/1382/691 1381/1381/691 1380/1380/691
f 1381/1381/692 1382/1382/692 1383/1383/692
f 1384/1384/692 1383/1383/692 1382/1382/692
f 1383/1383/693 1384/1384/693 1377/1377/693
f 1378/1378/693 1377/1377/693 1384/1384/693
f 1378/1/1 1382/1/1 1380/1/1
f 1378/1/1 1384/1/1 1382/1/1
f 1385/1385/694 1386/1386/694 1387/1387/694
f 1388/1388/694 1387/1387/694 1386/1386/694
f 1387/1387/695 1388/1388/695 1389/1389/695
f 1390/1390/695 1389/1389/695 1388/1388/695
f 1389/1389/696 1390/1390/696 1391/1391/696
f 1392/1392/696 1391/1391/696 1390/1390/696
f 1391/1391/697 1392/1392/697 1385/1385/697
f 1386/1386/697 1385/1385/697 1392/1392/697
f 1386/1/1 1390/1/1 1388/1/1
f 1386/1/1 1392/1/1 1390/1/1
f 1393/1393/698 1394/1394/698 1395/1395/698
f 1396/1396/698 1395/1395/698 1394/1394/698
f 1395/1395/699 1396/1396/699 1397/1397/699
f 1398/1398/699 1397/1397/699 1396/1396/699
f 1397/1397/700 1398/1398/700 1399/1399/700
f 1400/1400/700 1399/1399/700 1398/1398/700
f 1399/1399/701 1400/1400/701 1393/1393/701
f 1394/1394/701 1393/1393/701 1400/1400/701
f 1394/1/1 1398/1/1 1396/1/1
f 1394/1/1 1400/1/1 1398/1/1
f 1401/1401/702 1402/1402/702 1403/1403/702
f 1404/1404/702 1403/1403/702 1402/1402/702
f 1403/1403/703 1404/1404/703 1405/1405/703
f 1406/1406/703 1405/1405/703 1404/1404/703
f 1405/1405/704 1406/1406/704 1407/1407/704
f 1408/1408/704 1407/1407/704 1406/1406/704
f 1407/1407/705 1408/1408/705 1401/1401/705
f 1402/1402/705 1401/1401/705 1408/1408/705
f 1402/1/1 1406/1/1 1404/1/1
f 1402/1/1 1408/1/1 1406/1/1
f 1409/1409/706 1410/1410/706 1411/1411/706
f 1412/1412/706 1411/1411/706 1410/1410/706
f 1411/1411/707 1412/1412/707 1413/1413/707
f 1414/1414/707 1413/1413/707 1412/1412/707
f 1413/1413/708 1414/1414/708 1415/1415/708
f 1416/1416/708 1415/1415/708 1414/1414/708
f 1415/1415/709 1416/1416/709 1409/1409/709
f 1410/1410/709 1409/1409/709 1416/1416/709
f 1410/1/1 1414/1/1 1412/1/1
f 1410/1/1 1416/1/1 1414/1/1
f 1417/1417/710 1418/1418/710 1419/1419/710
f 1420/1420/710 1419/1419/710 1418/1418/710
f 1419/1419/711 1420/1420/711 1421/1421/711
f 1422/1422/711 1421/1421/711 1420/1420/711
f 1421/1421/712 1422/1422/712 1423/1423/712
f 1424/1424/712 1423/1423/712 1422/1422/712
f 1423/1423/713 1424/1424/713 1417/1417/713
f 1418/1418/713 1417/1417/713 1424/1424/713
f 1418/1/1 1422/1/1 1420/1/1
f 1418/1/1 1424/1/1 1422/1/1
f 1425/1425/714 1426/1426/714 1427/1427/714
f 1428/1428/714 1427/1427/714 1426/1426/714
f 1427/1427/715 1428/1428/715 1429/1429/715
f 1430/1430/715 1429/1429/715 1428/1428/715
f 1429/1429/716 1430/1430/716 1431/1431/716
f 1432/1432/716 1431/1431/716 1430/1430/716
f 1431/1431/717 1432/1432/717 1425/1425/717
f 1426/1426/717 1425/1425/717 1432/1432/717
f 1426/1/1 1430/1/1 1428/1/1
f 1426/1/1 1432/1/1 1430/1/1
f 1433/1433/718 1434/1434/718 1435/1435/718
f 1436/1436/718 1435/1435/718 1434/1434/718
f 1435/1435/719 1436/1436/719 1437/1437/719
f 1438/1438/719 1437/1437/719 1436/1436/719
f 1437/1437/720 1438/1438/720 1439/1439/720
f 1440/1440/720 1439/1439/720 1438/1438/720
f 1439/1439/721 1440/1440/721 1433/1433/721
f 1434/1434/721 1433/1433/721 1440/1440/721
f 1434/1/1 1438/1/1 1436/1/1
f 1434/1/1 1440/1/1 1438/1/1
f 1441/1441/722 1442/1442/722 1443/1443/722
f 1444/1444/722 1443/1443/722 1442/1442/722
f 1443/1443/723 1444/1444/723 1445/1445/723
f 1446/1446/723 1445/1445/723 1444/1444/723
f 1445/1445/724 1446/1446/724 1447/1447/724
f 1448/1448/724 1447/1447/724 1446/1446/724
f 1447/1447/725 1448/1448/725 1441/1441/725
f 1442/1442/725 1441/1441/725 1448/1448/725
f 1442/1/1 1446/1/1 1444/1/1
f 1442/1/1 1448/1/1 1446/1/1
f 1449/1449/726 1450/1450/726 1451/1451/726
f 1452/1452/726 1451/1451/726 1450/1450/726
f 1451/1451/727 1452/1452/727 1453/1453/727
f 1454/1454/727 1453/1453/727 1452/1452/727
f 1453/1453/728 1454/1454/728 1455/1455/728
f 1456/1456/728 1455/1455/728 1454/1454/728
f 1455/1455/729 1456/1456/729 1449/1449/729
f 1450/1450/729 1449/1449/729 1456/1456/729
f 1450/1/1 1454/1/1 1452/1/1
f 1450/1/1 1456/1/1 1454/1/1
f 1457/1457/730 1458/1458/730 1459/1459/730
f 1460/1460/730 1459/1459/730 1458/1458/730
f 1459/1459/731 1460/1460/731 1461/1461/731
f 1462/1462/731 1461/1461/731 1460/1460/731
f 1461/1461/732 1462/1462/732 1463/1463/732
f 1464/1464/732 1463/1463/732 1462/1462/732
f 1463/1463/733 1464/1464/733 1457/1457/733
f 1458/1458/733 1457/1457/733 1464/1464/733
f 1458/1/1 1462/1/1 1460/1/1
f 1458/1/1 1464/1/1 1462/1/1
