# The Great Editor v0.0.1
mtllib wall_1.mtl
o walls
v 68.1787 0.0000 0.000
v 68.1787 0.0000 2.5000
v 68.1787 8.8542 0.000
v 68.1787 8.8542 2.5000
v 68.2787 8.8542 0.000
v 68.2787 8.8542 2.5000
v 68.2787 0.0000 0.000
v 68.2787 0.0000 2.5000
v 68.2802 55.6772 0.000
v 68.2802 55.6772 2.5000
v 61.0376 55.7051 0.000
v 61.0376 55.7051 2.5000
v 61.0380 55.8051 0.000
v 61.0380 55.8051 2.5000
v 68.2805 55.7772 0.000
v 68.2805 55.7772 2.5000
v 61.0378 55.7049 0.000
v 61.0378 55.7049 2.5000
v 61.0378 61.6813 0.000
v 61.0378 61.6813 2.5000
v 61.1378 61.6813 0.000
v 61.1378 61.6813 2.5000
v 61.1378 55.7049 0.000
v 61.1378 55.7049 2.5000
v 27.4990 84.0491 0.000
v 27.4990 84.0491 2.5000
v 0.0649 84.0497 0.000
v 0.0649 84.0497 2.5000
v 0.0649 84.1497 0.000
v 0.0649 84.1497 2.5000
v 27.4990 84.1491 0.000
v 27.4990 84.1491 2.5000
v 0.1650 84.1496 0.000
v 0.1650 84.1496 2.5000
v 0.1000 54.9870 0.000
v 0.1000 54.9870 2.5000
v 0.0000 54.9872 0.000
v 0.0000 54.9872 2.5000
v 0.0650 84.1498 0.000
v 0.0650 84.1498 2.5000
v 0.0420 61.9220 0.000
v 0.0420 61.9220 2.5000
v 11.3635 61.9220 0.000
v 11.3635 61.9220 2.5000
v 11.3635 61.8220 0.000
v 11.3635 61.8220 2.5000
v 0.0420 61.8220 0.000
v 0.0420 61.8220 2.5000
v 11.2635 61.8220 0.000
v 11.2635 61.8220 2.5000
v 11.2635 65.0785 0.000
v 11.2635 65.0785 2.5000
v 11.3635 65.0785 0.000
v 11.3635 65.0785 2.5000
v 11.3635 61.8220 0.000
v 11.3635 61.8220 2.5000
v 11.2635 65.0785 0.000
v 11.2635 65.0785 2.5000
v 40.5927 65.0785 0.000
v 40.5927 65.0785 2.5000
v 40.5927 64.9785 0.000
v 40.5927 64.9785 2.5000
v 11.2635 64.9785 0.000
v 11.2635 64.9785 2.5000
v 40.5927 65.0785 0.000
v 40.5927 65.0785 2.5000
v 40.5927 61.7804 0.000
v 40.5927 61.7804 2.5000
v 40.4927 61.7804 0.000
v 40.4927 61.7804 2.5000
v 40.4927 65.0785 0.000
v 40.4927 65.0785 2.5000
v 40.4927 61.8804 0.000
v 40.4927 61.8804 2.5000
v 42.2145 61.8804 0.000
v 42.2145 61.8804 2.5000
v 42.2145 61.7804 0.000
v 42.2145 61.7804 2.5000
v 40.4927 61.7804 0.000
v 40.4927 61.7804 2.5000
v 42.2145 61.8804 0.000
v 42.2145 61.8804 2.5000
v 42.2145 55.4044 0.000
v 42.2145 55.4044 2.5000
v 42.1145 55.4044 0.000
v 42.1145 55.4044 2.5000
v 42.1145 61.8804 0.000
v 42.1145 61.8804 2.5000
v 42.1145 55.5044 0.000
v 42.1145 55.5044 2.5000
v 42.5080 55.5044 0.000
v 42.5080 55.5044 2.5000
v 42.5080 55.4044 0.000
v 42.5080 55.4044 2.5000
v 42.1145 55.4044 0.000
v 42.1145 55.4044 2.5000
v 42.5080 55.5044 0.000
v 42.5080 55.5044 2.5000
v 42.5080 54.8041 0.000
v 42.5080 54.8041 2.5000
v 42.4080 54.8041 0.000
v 42.4080 54.8041 2.5000
v 42.4080 55.5044 0.000
v 42.4080 55.5044 2.5000
v 42.4080 54.9041 0.000
v 42.4080 54.9041 2.5000
v 45.1676 54.9041 0.000
v 45.1676 54.9041 2.5000
v 45.1676 54.8041 0.000
v 45.1676 54.8041 2.5000
v 42.4080 54.8041 0.000
v 42.4080 54.8041 2.5000
v 45.0676 54.8041 0.000
v 45.0676 54.8041 2.5000
v 45.0676 55.7743 0.000
v 45.0676 55.7743 2.5000
v 45.1676 55.7743 0.000
v 45.1676 55.7743 2.5000
v 45.1676 54.8041 0.000
v 45.1676 54.8041 2.5000
v 45.0676 55.7743 0.000
v 45.0676 55.7743 2.5000
v 45.5405 55.7743 0.000
v 45.5405 55.7743 2.5000
v 45.5405 55.6743 0.000
v 45.5405 55.6743 2.5000
v 45.0676 55.6743 0.000
v 45.0676 55.6743 2.5000
v 45.4405 55.6743 0.000
v 45.4405 55.6743 2.5000
v 45.4404 56.2477 0.000
v 45.4404 56.2477 2.5000
v 45.5404 56.2477 0.000
v 45.5404 56.2477 2.5000
v 45.5405 55.6743 0.000
v 45.5405 55.6743 2.5000
v 45.4404 56.2477 0.000
v 45.4404 56.2477 2.5000
v 54.7835 56.2477 0.000
v 54.7835 56.2477 2.5000
v 54.7835 56.1477 0.000
v 54.7835 56.1477 2.5000
v 45.4404 56.1477 0.000
v 45.4404 56.1477 2.5000
v 54.7835 56.2477 0.000
v 54.7835 56.2477 2.5000
v 54.7835 55.6095 0.000
v 54.7835 55.6095 2.5000
v 54.6835 55.6095 0.000
v 54.6835 55.6095 2.5000
v 54.6835 56.2477 0.000
v 54.6835 56.2477 2.5000
v 54.6828 55.7088 0.000
v 54.6828 55.7088 2.5000
v 61.1371 55.8057 0.000
v 61.1371 55.8057 2.5000
v 61.1386 55.7057 0.000
v 61.1386 55.7057 2.5000
v 54.6843 55.6088 0.000
v 54.6843 55.6088 2.5000
v 54.7814 55.7115 0.000
v 54.7814 55.7115 2.5000
v 54.8008 55.2391 0.000
v 54.8008 55.2391 2.5000
v 54.7009 55.2350 0.000
v 54.7009 55.2350 2.5000
v 54.6815 55.7074 0.000
v 54.6815 55.7074 2.5000
v 54.7988 55.3370 0.000
v 54.7988 55.3370 2.5000
v 54.7988 54.3202 0.000
v 54.7988 54.3202 2.5000
v 54.6988 54.3202 0.000
v 54.6988 54.3202 2.5000
v 54.6988 55.3370 0.000
v 54.6988 55.3370 2.5000
v 54.7988 54.3202 0.000
v 54.7988 54.3202 2.5000
v 53.2726 54.3202 0.000
v 53.2726 54.3202 2.5000
v 53.2726 54.4202 0.000
v 53.2726 54.4202 2.5000
v 54.7988 54.4202 0.000
v 54.7988 54.4202 2.5000
v 53.3726 54.4202 0.000
v 53.3726 54.4202 2.5000
v 53.3726 52.8771 0.000
v 53.3726 52.8771 2.5000
v 53.2726 52.8771 0.000
v 53.2726 52.8771 2.5000
v 53.2726 54.4202 0.000
v 53.2726 54.4202 2.5000
v 53.2726 52.9771 0.000
v 53.2726 52.9771 2.5000
v 54.8157 52.9771 0.000
v 54.8157 52.9771 2.5000
v 54.8157 52.8771 0.000
v 54.8157 52.8771 2.5000
v 53.2726 52.8771 0.000
v 53.2726 52.8771 2.5000
v 54.8157 52.9771 0.000
v 54.8157 52.9771 2.5000
v 54.8157 52.5884 0.000
v 54.8157 52.5884 2.5000
v 54.7157 52.5884 0.000
v 54.7157 52.5884 2.5000
v 54.7157 52.9771 0.000
v 54.7157 52.9771 2.5000
v 54.8157 52.5884 0.000
v 54.8157 52.5884 2.5000
v 52.8652 52.5884 0.000
v 52.8652 52.5884 2.5000
v 52.8652 52.6884 0.000
v 52.8652 52.6884 2.5000
v 54.8157 52.6884 0.000
v 54.8157 52.6884 2.5000
v 52.9652 52.6884 0.000
v 52.9652 52.6884 2.5000
v 52.9652 48.5308 0.000
v 52.9652 48.5308 2.5000
v 52.8652 48.5308 0.000
v 52.8652 48.5308 2.5000
v 52.8652 52.6884 0.000
v 52.8652 52.6884 2.5000
v 52.8652 48.6308 0.000
v 52.8652 48.6308 2.5000
v 54.7648 48.6308 0.000
v 54.7648 48.6308 2.5000
v 54.7648 48.5308 0.000
v 54.7648 48.5308 2.5000
v 52.8652 48.5308 0.000
v 52.8652 48.5308 2.5000
v 54.7648 48.6308 0.000
v 54.7648 48.6308 2.5000
v 54.7648 47.4612 0.000
v 54.7648 47.4612 2.5000
v 54.6648 47.4612 0.000
v 54.6648 47.4612 2.5000
v 54.6648 48.6308 0.000
v 54.6648 48.6308 2.5000
v 54.7648 47.4612 0.000
v 54.7648 47.4612 2.5000
v 45.4406 47.4612 0.000
v 45.4406 47.4612 2.5000
v 45.4406 47.5612 0.000
v 45.4406 47.5612 2.5000
v 54.7648 47.5612 0.000
v 54.7648 47.5612 2.5000
v 45.4406 47.4612 0.000
v 45.4406 47.4612 2.5000
v 45.4406 54.5279 0.000
v 45.4406 54.5279 2.5000
v 45.5406 54.5279 0.000
v 45.5406 54.5279 2.5000
v 45.5406 47.4612 0.000
v 45.5406 47.4612 2.5000
v 45.5407 54.4280 0.000
v 45.5407 54.4280 2.5000
v 42.2601 54.4206 0.000
v 42.2601 54.4206 2.5000
v 42.2599 54.5206 0.000
v 42.2599 54.5206 2.5000
v 45.5405 54.5280 0.000
v 45.5405 54.5280 2.5000
v 42.3596 54.5212 0.000
v 42.3596 54.5212 2.5000
v 42.3952 49.9783 0.000
v 42.3952 49.9783 2.5000
v 42.2952 49.9775 0.000
v 42.2952 49.9775 2.5000
v 42.2596 54.5204 0.000
v 42.2596 54.5204 2.5000
v 42.2953 50.0784 0.000
v 42.2953 50.0784 2.5000
v 44.2048 50.0615 0.000
v 44.2048 50.0615 2.5000
v 44.2039 49.9615 0.000
v 44.2039 49.9615 2.5000
v 42.2944 49.9784 0.000
v 42.2944 49.9784 2.5000
v 54.6988 54.4202 0.000
v 54.6988 54.4202 2.5000
v 55.4321 54.4202 0.000
v 55.4321 54.4202 2.5000
v 55.4321 54.3202 0.000
v 55.4321 54.3202 2.5000
v 54.6988 54.3202 0.000
v 54.6988 54.3202 2.5000
v 55.4321 54.4202 0.000
v 55.4321 54.4202 2.5000
v 55.4321 53.9148 0.000
v 55.4321 53.9148 2.5000
v 55.3321 53.9148 0.000
v 55.3321 53.9148 2.5000
v 55.3321 54.4202 0.000
v 55.3321 54.4202 2.5000
v 55.4321 53.9148 0.000
v 55.4321 53.9148 2.5000
v 54.7741 53.9147 0.000
v 54.7741 53.9147 2.5000
v 54.7741 54.0147 0.000
v 54.7741 54.0147 2.5000
v 55.4321 54.0148 0.000
v 55.4321 54.0148 2.5000
v 54.7841 53.9065 0.000
v 54.7841 53.9065 2.5000
v 54.6905 54.4102 0.000
v 54.6905 54.4102 2.5000
v 54.7888 54.4285 0.000
v 54.7888 54.4285 2.5000
v 54.8824 53.9247 0.000
v 54.8824 53.9247 2.5000
v 54.8914 50.8130 0.000
v 54.8914 50.8130 2.5000
v 54.8953 50.4308 0.000
v 54.8953 50.4308 2.5000
v 54.7953 50.4298 0.000
v 54.7953 50.4298 2.5000
v 54.7914 50.8120 0.000
v 54.7914 50.8120 2.5000
v 54.7948 50.5303 0.000
v 54.7948 50.5303 2.5000
v 55.4333 50.5303 0.000
v 55.4333 50.5303 2.5000
v 55.4333 50.4303 0.000
v 55.4333 50.4303 2.5000
v 54.7948 50.4303 0.000
v 54.7948 50.4303 2.5000
v 55.3333 50.4303 0.000
v 55.3333 50.4303 2.5000
v 55.3333 50.7981 0.000
v 55.3333 50.7981 2.5000
v 55.4333 50.7981 0.000
v 55.4333 50.7981 2.5000
v 55.4333 50.4303 0.000
v 55.4333 50.4303 2.5000
v 55.4319 50.6968 0.000
v 55.4319 50.6968 2.5000
v 54.7906 50.7138 0.000
v 54.7906 50.7138 2.5000
v 54.7932 50.8138 0.000
v 54.7932 50.8138 2.5000
v 55.4346 50.7968 0.000
v 55.4346 50.7968 2.5000
v 54.9087 47.3124 0.000
v 54.9087 47.3124 2.5000
v 54.9088 46.9472 0.000
v 54.9088 46.9472 2.5000
v 54.8088 46.9472 0.000
v 54.8088 46.9472 2.5000
v 54.8087 47.3123 0.000
v 54.8087 47.3123 2.5000
v 54.8088 47.0472 0.000
v 54.8088 47.0472 2.5000
v 55.4177 47.0472 0.000
v 55.4177 47.0472 2.5000
v 55.4177 46.9472 0.000
v 55.4177 46.9472 2.5000
v 54.8088 46.9472 0.000
v 54.8088 46.9472 2.5000
v 55.3177 46.9472 0.000
v 55.3177 46.9472 2.5000
v 55.3177 47.2858 0.000
v 55.3177 47.2858 2.5000
v 55.4177 47.2858 0.000
v 55.4177 47.2858 2.5000
v 55.4177 46.9472 0.000
v 55.4177 46.9472 2.5000
v 55.4151 47.1833 0.000
v 55.4151 47.1833 2.5000
v 54.8062 47.2150 0.000
v 54.8062 47.2150 2.5000
v 54.8114 47.3149 0.000
v 54.8114 47.3149 2.5000
v 55.4203 47.2831 0.000
v 55.4203 47.2831 2.5000
v 54.6988 55.3370 0.000
v 54.6988 55.3370 2.5000
v 57.9552 55.3370 0.000
v 57.9552 55.3370 2.5000
v 57.9552 55.2370 0.000
v 57.9552 55.2370 2.5000
v 54.6988 55.2370 0.000
v 54.6988 55.2370 2.5000
v 67.0934 46.9807 0.000
v 67.0934 46.9807 2.5000
v 67.0934 55.3921 0.000
v 67.0934 55.3921 2.5000
v 67.1934 55.3921 0.000
v 67.1934 55.3921 2.5000
v 67.1934 46.9807 0.000
v 67.1934 46.9807 2.5000
v 67.1934 55.2921 0.000
v 67.1934 55.2921 2.5000
v 58.3164 55.2921 0.000
v 58.3164 55.2921 2.5000
v 58.3164 55.3921 0.000
v 58.3164 55.3921 2.5000
v 67.1934 55.3921 0.000
v 67.1934 55.3921 2.5000
v 67.1206 43.5322 0.000
v 67.1206 43.5322 2.5000
v 67.0930 47.0803 0.000
v 67.0930 47.0803 2.5000
v 67.1930 47.0811 0.000
v 67.1930 47.0811 2.5000
v 67.2206 43.5330 0.000
v 67.2206 43.5330 2.5000
v 67.2202 43.6326 0.000
v 67.2202 43.6326 2.5000
v 67.2202 0.3658 0.000
v 67.2202 0.3658 2.5000
v 67.1202 0.3658 0.000
v 67.1202 0.3658 2.5000
v 67.1202 43.6326 0.000
v 67.1202 43.6326 2.5000
v 67.2202 0.3658 0.000
v 67.2202 0.3658 2.5000
v 62.0146 0.3658 0.000
v 62.0146 0.3658 2.5000
v 62.0146 0.4658 0.000
v 62.0146 0.4658 2.5000
v 67.2202 0.4658 0.000
v 67.2202 0.4658 2.5000
v 63.3335 12.1917 0.000
v 63.3335 12.1917 2.5000
v 67.2632 12.1917 0.000
v 67.2632 12.1917 2.5000
v 67.2632 12.0917 0.000
v 67.2632 12.0917 2.5000
v 63.3335 12.0917 0.000
v 63.3335 12.0917 2.5000
v 63.3125 13.3100 0.000
v 63.3125 13.3100 2.5000
v 63.3125 18.0865 0.000
v 63.3125 18.0865 2.5000
v 63.4125 18.0865 0.000
v 63.4125 18.0865 2.5000
v 63.4125 13.3100 0.000
v 63.4125 13.3100 2.5000
v 63.5071 31.4931 0.000
v 63.5071 31.4931 2.5000
v 63.4390 27.2019 0.000
v 63.4390 27.2019 2.5000
v 63.3390 27.2035 0.000
v 63.3390 27.2035 2.5000
v 63.4072 31.4947 0.000
v 63.4072 31.4947 2.5000
v 63.4630 19.4669 0.000
v 63.4630 19.4669 2.5000
v 63.4630 18.9183 0.000
v 63.4630 18.9183 2.5000
v 63.3630 18.9183 0.000
v 63.3630 18.9183 2.5000
v 63.3630 19.4669 0.000
v 63.3630 19.4669 2.5000
v 63.4752 22.6824 0.000
v 63.4752 22.6824 2.5000
v 67.2123 22.6825 0.000
v 67.2123 22.6825 2.5000
v 67.2123 22.5825 0.000
v 67.2123 22.5825 2.5000
v 63.4752 22.5824 0.000
v 63.4752 22.5824 2.5000
v 63.3853 15.7524 0.000
v 63.3853 15.7524 2.5000
v 67.1790 15.7524 0.000
v 67.1790 15.7524 2.5000
v 67.1790 15.6524 0.000
v 67.1790 15.6524 2.5000
v 63.3853 15.6524 0.000
v 63.3853 15.6524 2.5000
v 62.1146 0.3658 0.000
v 62.1146 0.3658 2.5000
v 58.3048 0.3658 0.000
v 58.3048 0.3658 2.5000
v 58.3048 0.4658 0.000
v 58.3048 0.4658 2.5000
v 62.1146 0.4658 0.000
v 62.1146 0.4658 2.5000
v 55.3676 8.4259 0.000
v 55.3676 8.4259 2.5000
v 54.6315 8.4259 0.000
v 54.6315 8.4259 2.5000
v 54.6315 8.5259 0.000
v 54.6315 8.5259 2.5000
v 55.3676 8.5259 0.000
v 55.3676 8.5259 2.5000
v 54.7315 8.5259 0.000
v 54.7315 8.5259 2.5000
v 54.7315 7.1961 0.000
v 54.7315 7.1961 2.5000
v 54.6315 7.1961 0.000
v 54.6315 7.1961 2.5000
v 54.6315 8.5259 0.000
v 54.6315 8.5259 2.5000
v 54.7315 7.1961 0.000
v 54.7315 7.1961 2.5000
v 52.9352 7.1961 0.000
v 52.9352 7.1961 2.5000
v 52.9352 7.2961 0.000
v 52.9352 7.2961 2.5000
v 54.7315 7.2961 0.000
v 54.7315 7.2961 2.5000
v 53.0352 7.2961 0.000
v 53.0352 7.2961 2.5000
v 53.0352 2.9978 0.000
v 53.0352 2.9978 2.5000
v 52.9352 2.9978 0.000
v 52.9352 2.9978 2.5000
v 52.9352 7.2961 0.000
v 52.9352 7.2961 2.5000
v 52.9352 3.0978 0.000
v 52.9352 3.0978 2.5000
v 54.7739 3.0978 0.000
v 54.7739 3.0978 2.5000
v 54.7739 2.9978 0.000
v 54.7739 2.9978 2.5000
v 52.9352 2.9978 0.000
v 52.9352 2.9978 2.5000
v 54.7739 3.0978 0.000
v 54.7739 3.0978 2.5000
v 54.7739 1.8316 0.000
v 54.7739 1.8316 2.5000
v 54.6739 1.8316 0.000
v 54.6739 1.8316 2.5000
v 54.6739 3.0978 0.000
v 54.6739 3.0978 2.5000
v 54.6739 1.9316 0.000
v 54.6739 1.9316 2.5000
v 56.2581 1.9316 0.000
v 56.2581 1.9316 2.5000
v 56.2581 1.8316 0.000
v 56.2581 1.8316 2.5000
v 54.6739 1.8316 0.000
v 54.6739 1.8316 2.5000
v 56.9215 1.9316 0.000
v 56.9215 1.9316 2.5000
v 58.0180 1.9316 0.000
v 58.0180 1.9316 2.5000
v 58.0180 1.8316 0.000
v 58.0180 1.8316 2.5000
v 56.9215 1.8316 0.000
v 56.9215 1.8316 2.5000
v 58.0180 1.9316 0.000
v 58.0180 1.9316 2.5000
v 58.0181 0.3261 0.000
v 58.0181 0.3261 2.5000
v 57.9181 0.3261 0.000
v 57.9181 0.3261 2.5000
v 57.9180 1.9316 0.000
v 57.9180 1.9316 2.5000
v 58.0181 0.3261 0.000
v 58.0181 0.3261 2.5000
v 55.1191 0.3261 0.000
v 55.1191 0.3261 2.5000
v 55.1191 0.4261 0.000
v 55.1191 0.4261 2.5000
v 58.0181 0.4261 0.000
v 58.0181 0.4261 2.5000
v 55.1191 0.3261 0.000
v 55.1191 0.3261 2.5000
v 55.1192 1.9316 0.000
v 55.1192 1.9316 2.5000
v 55.2192 1.9316 0.000
v 55.2192 1.9316 2.5000
v 55.2191 0.3261 0.000
v 55.2191 0.3261 2.5000
v 46.9073 8.8440 0.000
v 46.9073 8.8440 2.5000
v 46.9073 8.5320 0.000
v 46.9073 8.5320 2.5000
v 46.8073 8.5320 0.000
v 46.8073 8.5320 2.5000
v 46.8073 8.8440 0.000
v 46.8073 8.8440 2.5000
v 46.8080 8.6327 0.000
v 46.8080 8.6327 2.5000
v 54.7322 8.5253 0.000
v 54.7322 8.5253 2.5000
v 54.7308 8.4253 0.000
v 54.7308 8.4253 2.5000
v 46.8066 8.5327 0.000
v 46.8066 8.5327 2.5000
v 55.2676 8.4259 0.000
v 55.2676 8.4259 2.5000
v 55.2676 9.3819 0.000
v 55.2676 9.3819 2.5000
v 55.3676 9.3819 0.000
v 55.3676 9.3819 2.5000
v 55.3676 8.4259 0.000
v 55.3676 8.4259 2.5000
v 55.3183 31.4775 0.000
v 55.3183 31.4775 2.5000
v 55.3183 34.8814 0.000
v 55.3183 34.8814 2.5000
v 55.4183 34.8814 0.000
v 55.4183 34.8814 2.5000
v 55.4183 31.4775 0.000
v 55.4183 31.4775 2.5000
v 55.3665 36.1718 0.000
v 55.3665 36.1718 2.5000
v 55.3740 36.8280 0.000
v 55.3740 36.8280 2.5000
v 55.4740 36.8269 0.000
v 55.4740 36.8269 2.5000
v 55.4665 36.1706 0.000
v 55.4665 36.1706 2.5000
v 55.4427 43.7422 0.000
v 55.4427 43.7422 2.5000
v 45.5122 43.7422 0.000
v 45.5122 43.7422 2.5000
v 45.5122 43.8422 0.000
v 45.5122 43.8422 2.5000
v 55.4427 43.8422 0.000
v 55.4427 43.8422 2.5000
v 45.5122 43.7422 0.000
v 45.5122 43.7422 2.5000
v 45.5122 45.5871 0.000
v 45.5122 45.5871 2.5000
v 45.6122 45.5871 0.000
v 45.6122 45.5871 2.5000
v 45.6122 43.7422 0.000
v 45.6122 43.7422 2.5000
v 45.4691 46.9014 0.000
v 45.4691 46.9014 2.5000
v 45.4383 47.5588 0.000
v 45.4383 47.5588 2.5000
v 45.5382 47.5635 0.000
v 45.5382 47.5635 2.5000
v 45.5690 46.9061 0.000
v 45.5690 46.9061 2.5000
v 46.2964 19.5080 0.000
v 46.2964 19.5080 2.5000
v 46.2965 19.1537 0.000
v 46.2965 19.1537 2.5000
v 46.1965 19.1537 0.000
v 46.1965 19.1537 2.5000
v 46.1964 19.5080 0.000
v 46.1964 19.5080 2.5000
v 46.1964 19.4080 0.000
v 46.1964 19.4080 2.5000
v 46.1965 43.8386 0.000
v 46.1965 43.8386 2.5000
v 46.2965 43.8386 0.000
v 46.2965 43.8386 2.5000
v 46.2964 19.4080 0.000
v 46.2964 19.4080 2.5000
v 46.1746 36.7584 0.000
v 46.1746 36.7584 2.5000
v 55.4625 36.7584 0.000
v 55.4625 36.7584 2.5000
v 55.4625 36.6584 0.000
v 55.4625 36.6584 2.5000
v 46.1746 36.6584 0.000
v 46.1746 36.6584 2.5000
v 55.4200 33.0995 0.000
v 55.4200 33.0995 2.5000
v 46.2030 33.0995 0.000
v 46.2030 33.0995 2.5000
v 46.2030 33.1995 0.000
v 46.2030 33.1995 2.5000
v 55.4200 33.1995 0.000
v 55.4200 33.1995 2.5000
v 55.4436 26.1595 0.000
v 55.4436 26.1595 2.5000
v 46.2212 26.1595 0.000
v 46.2212 26.1595 2.5000
v 46.2212 26.2595 0.000
v 46.2212 26.2595 2.5000
v 55.4436 26.2595 0.000
v 55.4436 26.2595 2.5000
v 46.2241 15.7690 0.000
v 46.2241 15.7690 2.5000
v 46.2241 8.7978 0.000
v 46.2241 8.7978 2.5000
v 46.1241 8.7978 0.000
v 46.1241 8.7978 2.5000
v 46.1241 15.7690 0.000
v 46.1241 15.7690 2.5000
v 0.5323 48.8528 0.000
v 0.5323 48.8528 2.5000
v 0.5323 49.8111 0.000
v 0.5323 49.8111 2.5000
v 0.6323 49.8111 0.000
v 0.6323 49.8111 2.5000
v 0.6323 48.8528 0.000
v 0.6323 48.8528 2.5000
v 0.5323 49.8111 0.000
v 0.5323 49.8111 2.5000
v 3.7793 49.8111 0.000
v 3.7793 49.8111 2.5000
v 3.7793 49.7111 0.000
v 3.7793 49.7111 2.5000
v 0.5323 49.7111 0.000
v 0.5323 49.7111 2.5000
v 3.7793 49.8111 0.000
v 3.7793 49.8111 2.5000
v 3.7793 49.5680 0.000
v 3.7793 49.5680 2.5000
v 3.6793 49.5680 0.000
v 3.6793 49.5680 2.5000
v 3.6793 49.8111 0.000
v 3.6793 49.8111 2.5000
v 3.6624 49.7840 0.000
v 3.6624 49.7840 2.5000
v 4.0555 49.9767 0.000
v 4.0555 49.9767 2.5000
v 4.0995 49.8870 0.000
v 4.0995 49.8870 2.5000
v 3.7065 49.6942 0.000
v 3.7065 49.6942 2.5000
v 3.9826 49.9598 0.000
v 3.9826 49.9598 2.5000
v 5.7076 49.9599 0.000
v 5.7076 49.9599 2.5000
v 5.7076 49.8599 0.000
v 5.7076 49.8599 2.5000
v 3.9826 49.8598 0.000
v 3.9826 49.8598 2.5000
v 5.7076 49.9599 0.000
v 5.7076 49.9599 2.5000
v 5.7076 46.3008 0.000
v 5.7076 46.3008 2.5000
v 5.6076 46.3008 0.000
v 5.6076 46.3008 2.5000
v 5.6076 49.9599 0.000
v 5.6076 49.9599 2.5000
v 5.7076 46.3008 0.000
v 5.7076 46.3008 2.5000
v 3.7079 46.3008 0.000
v 3.7079 46.3008 2.5000
v 3.7080 46.4008 0.000
v 3.7080 46.4008 2.5000
v 5.7076 46.4008 0.000
v 5.7076 46.4008 2.5000
v 3.7080 46.3008 0.000
v 3.7080 46.3008 2.5000
v 3.7079 46.9730 0.000
v 3.7079 46.9730 2.5000
v 3.8079 46.9730 0.000
v 3.8079 46.9730 2.5000
v 3.8080 46.3008 0.000
v 3.8080 46.3008 2.5000
v 0.6467 47.8269 0.000
v 0.6467 47.8269 2.5000
v 0.6467 46.3102 0.000
v 0.6467 46.3102 2.5000
v 0.5467 46.3102 0.000
v 0.5467 46.3102 2.5000
v 0.5467 47.8269 0.000
v 0.5467 47.8269 2.5000
v 0.5467 46.4102 0.000
v 0.5467 46.4102 2.5000
v 1.3689 46.4102 0.000
v 1.3689 46.4102 2.5000
v 1.3689 46.3102 0.000
v 1.3689 46.3102 2.5000
v 0.5467 46.3102 0.000
v 0.5467 46.3102 2.5000
v 1.3689 46.4102 0.000
v 1.3689 46.4102 2.5000
v 1.3689 44.9214 0.000
v 1.3689 44.9214 2.5000
v 1.2689 44.9214 0.000
v 1.2689 44.9214 2.5000
v 1.2689 46.4102 0.000
v 1.2689 46.4102 2.5000
v 1.2717 44.0631 0.000
v 1.2717 44.0631 2.5000
v 1.2717 43.5047 0.000
v 1.2717 43.5047 2.5000
v 1.1717 43.5047 0.000
v 1.1717 43.5047 2.5000
v 1.1717 44.0631 0.000
v 1.1717 44.0631 2.5000
v 1.1717 43.6047 0.000
v 1.1717 43.6047 2.5000
v 3.7855 43.6047 0.000
v 3.7855 43.6047 2.5000
v 3.7855 43.5047 0.000
v 3.7855 43.5047 2.5000
v 1.1717 43.5047 0.000
v 1.1717 43.5047 2.5000
v 3.6855 43.5047 0.000
v 3.6855 43.5047 2.5000
v 3.6855 44.8686 0.000
v 3.6855 44.8686 2.5000
v 3.7855 44.8686 0.000
v 3.7855 44.8686 2.5000
v 3.7855 43.5047 0.000
v 3.7855 43.5047 2.5000
v 3.6855 44.8686 0.000
v 3.6855 44.8686 2.5000
v 4.5772 44.8686 0.000
v 4.5772 44.8686 2.5000
v 4.5772 44.7686 0.000
v 4.5772 44.7686 2.5000
v 3.6855 44.7686 0.000
v 3.6855 44.7686 2.5000
v 0.6467 47.7269 0.000
v 0.6467 47.7269 2.5000
v 0.0412 47.7269 0.000
v 0.0412 47.7269 2.5000
v 0.0412 47.8269 0.000
v 0.0412 47.8269 2.5000
v 0.6467 47.8269 0.000
v 0.6467 47.8269 2.5000
v 42.2624 43.8558 0.000
v 42.2624 43.8558 2.5000
v 45.6124 43.8420 0.000
v 45.6124 43.8420 2.5000
v 45.6120 43.7420 0.000
v 45.6120 43.7420 2.5000
v 42.2620 43.7558 0.000
v 42.2620 43.7558 2.5000
v 3.6855 43.6047 0.000
v 3.6855 43.6047 2.5000
v 42.3263 43.6048 0.000
v 42.3263 43.6048 2.5000
v 42.3263 43.5048 0.000
v 42.3263 43.5048 2.5000
v 3.6855 43.5047 0.000
v 3.6855 43.5047 2.5000
v 42.2263 43.5048 0.000
v 42.2263 43.5048 2.5000
v 42.2262 48.4841 0.000
v 42.2262 48.4841 2.5000
v 42.3262 48.4841 0.000
v 42.3262 48.4841 2.5000
v 42.3263 43.5048 0.000
v 42.3263 43.5048 2.5000
v 42.3262 48.3841 0.000
v 42.3262 48.3841 2.5000
v 40.0771 48.3841 0.000
v 40.0771 48.3841 2.5000
v 40.0771 48.4841 0.000
v 40.0771 48.4841 2.5000
v 42.3262 48.4841 0.000
v 42.3262 48.4841 2.5000
v 39.1992 48.4287 0.000
v 39.1992 48.4287 2.5000
v 38.3690 48.3813 0.000
v 38.3690 48.3813 2.5000
v 38.3633 48.4812 0.000
v 38.3633 48.4812 2.5000
v 39.1935 48.5286 0.000
v 39.1935 48.5286 2.5000
v 3.9465 49.9879 0.000
v 3.9465 49.9879 2.5000
v 3.9465 55.1912 0.000
v 3.9465 55.1912 2.5000
v 4.0465 55.1912 0.000
v 4.0465 55.1912 2.5000
v 4.0465 49.9879 0.000
v 4.0465 49.9879 2.5000
v 3.9465 55.1912 0.000
v 3.9465 55.1912 2.5000
v 42.2344 55.1912 0.000
v 42.2344 55.1912 2.5000
v 42.2344 55.0912 0.000
v 42.2344 55.0912 2.5000
v 3.9465 55.0912 0.000
v 3.9465 55.0912 2.5000
v 42.1377 55.0881 0.000
v 42.1377 55.0881 2.5000
v 42.1115 55.5012 0.000
v 42.1115 55.5012 2.5000
v 42.2113 55.5075 0.000
v 42.2113 55.5075 2.5000
v 42.2375 55.0944 0.000
v 42.2375 55.0944 2.5000
v 42.3952 49.9783 0.000
v 42.3952 49.9783 2.5000
v 40.1184 49.9616 0.000
v 40.1184 49.9616 2.5000
v 40.1177 50.0616 0.000
v 40.1177 50.0616 2.5000
v 42.3945 50.0783 0.000
v 42.3945 50.0783 2.5000
v 39.2863 49.9876 0.000
v 39.2863 49.9876 2.5000
v 38.4215 49.9876 0.000
v 38.4215 49.9876 2.5000
v 38.4215 50.0876 0.000
v 38.4215 50.0876 2.5000
v 39.2863 50.0876 0.000
v 39.2863 50.0876 2.5000
v 37.5812 48.4292 0.000
v 37.5812 48.4292 2.5000
v 33.0510 48.4292 0.000
v 33.0510 48.4292 2.5000
v 33.0510 48.5292 0.000
v 33.0510 48.5292 2.5000
v 37.5812 48.5292 0.000
v 37.5812 48.5292 2.5000
v 37.6409 50.0117 0.000
v 37.6409 50.0117 2.5000
v 33.4368 49.9824 0.000
v 33.4368 49.9824 2.5000
v 33.4361 50.0824 0.000
v 33.4361 50.0824 2.5000
v 37.6402 50.1117 0.000
v 37.6402 50.1117 2.5000
v 35.3266 55.2140 0.000
v 35.3266 55.2140 2.5000
v 35.3266 50.0905 0.000
v 35.3266 50.0905 2.5000
v 35.2266 50.0905 0.000
v 35.2266 50.0905 2.5000
v 35.2266 55.2140 0.000
v 35.2266 55.2140 2.5000
v 35.3265 48.5292 0.000
v 35.3265 48.5292 2.5000
v 35.3265 43.5837 0.000
v 35.3265 43.5837 2.5000
v 35.2265 43.5837 0.000
v 35.2265 43.5837 2.5000
v 35.2265 48.5292 0.000
v 35.2265 48.5292 2.5000
v 38.4661 48.4841 0.000
v 38.4661 48.4841 2.5000
v 38.4660 43.5243 0.000
v 38.4660 43.5243 2.5000
v 38.3660 43.5243 0.000
v 38.3660 43.5243 2.5000
v 38.3661 48.4841 0.000
v 38.3661 48.4841 2.5000
v 39.1964 48.5258 0.000
v 39.1964 48.5258 2.5000
v 39.1964 43.5046 0.000
v 39.1964 43.5046 2.5000
v 39.0964 43.5046 0.000
v 39.0964 43.5046 2.5000
v 39.0964 48.5258 0.000
v 39.0964 48.5258 2.5000
v 39.1863 49.9876 0.000
v 39.1863 49.9876 2.5000
v 39.1864 55.2337 0.000
v 39.1864 55.2337 2.5000
v 39.2864 55.2337 0.000
v 39.2864 55.2337 2.5000
v 39.2863 49.9876 0.000
v 39.2863 49.9876 2.5000
v 38.4215 49.9876 0.000
v 38.4215 49.9876 2.5000
v 38.4215 55.1942 0.000
v 38.4215 55.1942 2.5000
v 38.5215 55.1942 0.000
v 38.5215 55.1942 2.5000
v 38.5215 49.9876 0.000
v 38.5215 49.9876 2.5000
v 7.3227 55.2181 0.000
v 7.3227 55.2181 2.5000
v 7.3227 50.0100 0.000
v 7.3227 50.0100 2.5000
v 7.2227 50.0100 0.000
v 7.2227 50.0100 2.5000
v 7.2227 55.2181 0.000
v 7.2227 55.2181 2.5000
v 7.2227 50.1100 0.000
v 7.2227 50.1100 2.5000
v 9.5280 50.1100 0.000
v 9.5280 50.1100 2.5000
v 9.5280 50.0100 0.000
v 9.5280 50.0100 2.5000
v 7.2227 50.0100 0.000
v 7.2227 50.0100 2.5000
v 5.6076 49.9599 0.000
v 5.6076 49.9599 2.5000
v 6.3802 49.9599 0.000
v 6.3802 49.9599 2.5000
v 6.3802 49.8599 0.000
v 6.3802 49.8599 2.5000
v 5.6076 49.8599 0.000
v 5.6076 49.8599 2.5000
v 7.2792 43.6768 0.000
v 7.2792 43.6768 2.5000
v 7.2792 48.5267 0.000
v 7.2792 48.5267 2.5000
v 7.3792 48.5267 0.000
v 7.3792 48.5267 2.5000
v 7.3792 43.6768 0.000
v 7.3792 43.6768 2.5000
v 7.2792 48.5267 0.000
v 7.2792 48.5267 2.5000
v 9.5280 48.5267 0.000
v 9.5280 48.5267 2.5000
v 9.5280 48.4267 0.000
v 9.5280 48.4267 2.5000
v 7.2792 48.4267 0.000
v 7.2792 48.4267 2.5000
v 10.5081 48.4702 0.000
v 10.5081 48.4702 2.5000
v 10.5082 43.5260 0.000
v 10.5082 43.5260 2.5000
v 10.4082 43.5260 0.000
v 10.4082 43.5260 2.5000
v 10.4081 48.4702 0.000
v 10.4081 48.4702 2.5000
v 11.0867 43.5260 0.000
v 11.0867 43.5260 2.5000
v 11.0867 48.4325 0.000
v 11.0867 48.4325 2.5000
v 11.1867 48.4325 0.000
v 11.1867 48.4325 2.5000
v 11.1867 43.5260 0.000
v 11.1867 43.5260 2.5000
v 11.1839 48.3298 0.000
v 11.1839 48.3298 2.5000
v 10.4054 48.3730 0.000
v 10.4054 48.3730 2.5000
v 10.4110 48.4728 0.000
v 10.4110 48.4728 2.5000
v 11.1894 48.4297 0.000
v 11.1894 48.4297 2.5000
v 11.2244 55.1804 0.000
v 11.2244 55.1804 2.5000
v 11.2244 50.0100 0.000
v 11.2244 50.0100 2.5000
v 11.1244 50.0100 0.000
v 11.1244 50.0100 2.5000
v 11.1244 55.1804 0.000
v 11.1244 55.1804 2.5000
v 11.2244 50.0100 0.000
v 11.2244 50.0100 2.5000
v 10.3705 50.0100 0.000
v 10.3705 50.0100 2.5000
v 10.3705 50.1100 0.000
v 10.3705 50.1100 2.5000
v 11.2244 50.1100 0.000
v 11.2244 50.1100 2.5000
v 10.3705 50.0100 0.000
v 10.3705 50.0100 2.5000
v 10.3705 55.1804 0.000
v 10.3705 55.1804 2.5000
v 10.4705 55.1804 0.000
v 10.4705 55.1804 2.5000
v 10.4705 50.0100 0.000
v 10.4705 50.0100 2.5000
v 11.9726 50.1100 0.000
v 11.9726 50.1100 2.5000
v 16.6341 50.1100 0.000
v 16.6341 50.1100 2.5000
v 16.6341 50.0100 0.000
v 16.6341 50.0100 2.5000
v 11.9726 50.0100 0.000
v 11.9726 50.0100 2.5000
v 14.2722 50.0477 0.000
v 14.2722 50.0477 2.5000
v 14.2722 55.1427 0.000
v 14.2722 55.1427 2.5000
v 14.3722 55.1427 0.000
v 14.3722 55.1427 2.5000
v 14.3722 50.0477 0.000
v 14.3722 50.0477 2.5000
v 12.0103 48.4890 0.000
v 12.0103 48.4890 2.5000
v 14.3722 48.4890 0.000
v 14.3722 48.4890 2.5000
v 14.3722 48.3890 0.000
v 14.3722 48.3890 2.5000
v 12.0103 48.3890 0.000
v 12.0103 48.3890 2.5000
v 14.3722 48.4890 0.000
v 14.3722 48.4890 2.5000
v 14.3722 43.5260 0.000
v 14.3722 43.5260 2.5000
v 14.2722 43.5260 0.000
v 14.2722 43.5260 2.5000
v 14.2722 48.4890 0.000
v 14.2722 48.4890 2.5000
v 14.2722 48.4890 0.000
v 14.2722 48.4890 2.5000
v 16.5586 48.4890 0.000
v 16.5586 48.4890 2.5000
v 16.5586 48.3890 0.000
v 16.5586 48.3890 2.5000
v 14.2722 48.3890 0.000
v 14.2722 48.3890 2.5000
v 17.4388 43.5637 0.000
v 17.4388 43.5637 2.5000
v 17.4388 48.5267 0.000
v 17.4388 48.5267 2.5000
v 17.5388 48.5267 0.000
v 17.5388 48.5267 2.5000
v 17.5388 43.5637 0.000
v 17.5388 43.5637 2.5000
v 17.4388 48.5267 0.000
v 17.4388 48.5267 2.5000
v 18.2550 48.5267 0.000
v 18.2550 48.5267 2.5000
v 18.2550 48.4267 0.000
v 18.2550 48.4267 2.5000
v 17.4388 48.4267 0.000
v 17.4388 48.4267 2.5000
v 18.2550 48.5267 0.000
v 18.2550 48.5267 2.5000
v 18.2550 43.5448 0.000
v 18.2550 43.5448 2.5000
v 18.1550 43.5448 0.000
v 18.1550 43.5448 2.5000
v 18.1550 48.5267 0.000
v 18.1550 48.5267 2.5000
v 19.0598 48.5079 0.000
v 19.0598 48.5079 2.5000
v 23.5516 48.5079 0.000
v 23.5516 48.5079 2.5000
v 23.5516 48.4079 0.000
v 23.5516 48.4079 2.5000
v 19.0598 48.4079 0.000
v 19.0598 48.4079 2.5000
v 17.5011 55.1615 0.000
v 17.5011 55.1615 2.5000
v 17.5011 50.0100 0.000
v 17.5011 50.0100 2.5000
v 17.4011 50.0100 0.000
v 17.4011 50.0100 2.5000
v 17.4011 55.1615 0.000
v 17.4011 55.1615 2.5000
v 17.4013 50.1102 0.000
v 17.4013 50.1102 2.5000
v 18.2568 50.1073 0.000
v 18.2568 50.1073 2.5000
v 18.2565 50.0073 0.000
v 18.2565 50.0073 2.5000
v 17.4009 50.0102 0.000
v 17.4009 50.0102 2.5000
v 18.1567 50.0075 0.000
v 18.1567 50.0075 2.5000
v 18.1566 55.1653 0.000
v 18.1566 55.1653 2.5000
v 18.2566 55.1653 0.000
v 18.2566 55.1653 2.5000
v 18.2567 50.0075 0.000
v 18.2567 50.0075 2.5000
v 19.0506 50.1180 0.000
v 19.0506 50.1180 2.5000
v 23.5657 50.1179 0.000
v 23.5657 50.1179 2.5000
v 23.5657 50.0179 0.000
v 23.5657 50.0179 2.5000
v 19.0506 50.0180 0.000
v 19.0506 50.0180 2.5000
v 24.5522 55.1154 0.000
v 24.5522 55.1154 2.5000
v 24.5522 49.9856 0.000
v 24.5522 49.9856 2.5000
v 24.4522 49.9856 0.000
v 24.4522 49.9856 2.5000
v 24.4522 55.1154 0.000
v 24.4522 55.1154 2.5000
v 24.4522 50.0856 0.000
v 24.4522 50.0856 2.5000
v 25.2962 50.0856 0.000
v 25.2962 50.0856 2.5000
v 25.2962 49.9856 0.000
v 25.2962 49.9856 2.5000
v 24.4522 49.9856 0.000
v 24.4522 49.9856 2.5000
v 25.1962 49.9856 0.000
v 25.1962 49.9856 2.5000
v 25.1962 55.1639 0.000
v 25.1962 55.1639 2.5000
v 25.2962 55.1639 0.000
v 25.2962 55.1639 2.5000
v 25.2962 49.9856 0.000
v 25.2962 49.9856 2.5000
v 24.3876 43.5973 0.000
v 24.3876 43.5973 2.5000
v 24.3876 48.4845 0.000
v 24.3876 48.4845 2.5000
v 24.4876 48.4845 0.000
v 24.4876 48.4845 2.5000
v 24.4876 43.5973 0.000
v 24.4876 43.5973 2.5000
v 24.3876 48.4845 0.000
v 24.3876 48.4845 2.5000
v 25.2477 48.4845 0.000
v 25.2477 48.4845 2.5000
v 25.2477 48.3845 0.000
v 25.2477 48.3845 2.5000
v 24.3876 48.3845 0.000
v 24.3876 48.3845 2.5000
v 25.2477 48.4845 0.000
v 25.2477 48.4845 2.5000
v 25.2477 43.4842 0.000
v 25.2477 43.4842 2.5000
v 25.1477 43.4842 0.000
v 25.1477 43.4842 2.5000
v 25.1477 48.4845 0.000
v 25.1477 48.4845 2.5000
v 25.9563 48.5330 0.000
v 25.9563 48.5330 2.5000
v 28.4014 48.5330 0.000
v 28.4014 48.5330 2.5000
v 28.4014 48.4330 0.000
v 28.4014 48.4330 2.5000
v 25.9563 48.4330 0.000
v 25.9563 48.4330 2.5000
v 28.4014 48.5330 0.000
v 28.4014 48.5330 2.5000
v 28.4014 43.5650 0.000
v 28.4014 43.5650 2.5000
v 28.3014 43.5650 0.000
v 28.3014 43.5650 2.5000
v 28.3014 48.5330 0.000
v 28.3014 48.5330 2.5000
v 28.3014 48.5330 0.000
v 28.3014 48.5330 2.5000
v 30.5362 48.5330 0.000
v 30.5362 48.5330 2.5000
v 30.5362 48.4330 0.000
v 30.5362 48.4330 2.5000
v 28.3014 48.4330 0.000
v 28.3014 48.4330 2.5000
v 31.4389 43.5004 0.000
v 31.4389 43.5004 2.5000
v 31.4389 48.4845 0.000
v 31.4389 48.4845 2.5000
v 31.5389 48.4845 0.000
v 31.5389 48.4845 2.5000
v 31.5389 43.5004 0.000
v 31.5389 43.5004 2.5000
v 31.4389 48.4845 0.000
v 31.4389 48.4845 2.5000
v 32.2182 48.4845 0.000
v 32.2182 48.4845 2.5000
v 32.2182 48.3845 0.000
v 32.2182 48.3845 2.5000
v 31.4389 48.3845 0.000
v 31.4389 48.3845 2.5000
v 32.2182 48.4845 0.000
v 32.2182 48.4845 2.5000
v 32.2182 43.4518 0.000
v 32.2182 43.4518 2.5000
v 32.1182 43.4518 0.000
v 32.1182 43.4518 2.5000
v 32.1182 48.4845 0.000
v 32.1182 48.4845 2.5000
v 28.3690 55.1315 0.000
v 28.3690 55.1315 2.5000
v 28.3690 50.0115 0.000
v 28.3690 50.0115 2.5000
v 28.2690 50.0115 0.000
v 28.2690 50.0115 2.5000
v 28.2690 55.1315 0.000
v 28.2690 55.1315 2.5000
v 28.3699 50.0124 0.000
v 28.3699 50.0124 2.5000
v 26.0704 49.9718 0.000
v 26.0704 49.9718 2.5000
v 26.0687 50.0718 0.000
v 26.0687 50.0718 2.5000
v 28.3681 50.1124 0.000
v 28.3681 50.1124 2.5000
v 26.0695 50.0726 0.000
v 26.0695 50.0726 2.5000
v 30.5944 50.0726 0.000
v 30.5944 50.0726 2.5000
v 30.5944 49.9726 0.000
v 30.5944 49.9726 2.5000
v 26.0695 49.9726 0.000
v 26.0695 49.9726 2.5000
v 31.5001 55.2221 0.000
v 31.5001 55.2221 2.5000
v 31.5001 50.0115 0.000
v 31.5001 50.0115 2.5000
v 31.4001 50.0115 0.000
v 31.4001 50.0115 2.5000
v 31.4001 55.2221 0.000
v 31.4001 55.2221 2.5000
v 31.4001 50.1115 0.000
v 31.4001 50.1115 2.5000
v 32.2505 50.1115 0.000
v 32.2505 50.1115 2.5000
v 32.2505 50.0115 0.000
v 32.2505 50.0115 2.5000
v 31.4001 50.0115 0.000
v 31.4001 50.0115 2.5000
v 32.1505 50.0115 0.000
v 32.1505 50.0115 2.5000
v 32.1505 55.1703 0.000
v 32.1505 55.1703 2.5000
v 32.2505 55.1703 0.000
v 32.2505 55.1703 2.5000
v 32.2505 50.0115 0.000
v 32.2505 50.0115 2.5000
v 42.2262 48.4841 0.000
v 42.2262 48.4841 2.5000
v 43.7910 48.4841 0.000
v 43.7910 48.4841 2.5000
v 43.7910 48.3841 0.000
v 43.7910 48.3841 2.5000
v 42.2262 48.3841 0.000
v 42.2262 48.3841 2.5000
v 42.2640 47.3446 0.000
v 42.2640 47.3446 2.5000
v 43.7709 47.3446 0.000
v 43.7709 47.3446 2.5000
v 43.7709 47.2446 0.000
v 43.7709 47.2446 2.5000
v 42.2640 47.2446 0.000
v 42.2640 47.2446 2.5000
v 43.7709 47.3446 0.000
v 43.7709 47.3446 2.5000
v 43.7709 46.9733 0.000
v 43.7709 46.9733 2.5000
v 43.6709 46.9733 0.000
v 43.6709 46.9733 2.5000
v 43.6709 47.3446 0.000
v 43.6709 47.3446 2.5000
v 43.7709 46.9733 0.000
v 43.7709 46.9733 2.5000
v 42.2439 46.9733 0.000
v 42.2439 46.9733 2.5000
v 42.2439 47.0733 0.000
v 42.2439 47.0733 2.5000
v 43.7709 47.0733 0.000
v 43.7709 47.0733 2.5000
v 43.7609 46.3396 0.000
v 43.7609 46.3396 2.5000
v 43.7609 45.3452 0.000
v 43.7609 45.3452 2.5000
v 43.6609 45.3452 0.000
v 43.6609 45.3452 2.5000
v 43.6609 46.3396 0.000
v 43.6609 46.3396 2.5000
v 43.6609 45.4452 0.000
v 43.6609 45.4452 2.5000
v 44.5146 45.4452 0.000
v 44.5146 45.4452 2.5000
v 44.5146 45.3452 0.000
v 44.5146 45.3452 2.5000
v 43.6609 45.3452 0.000
v 43.6609 45.3452 2.5000
v 44.5146 45.3452 0.000
v 44.5146 45.3452 2.5000
v 42.2741 45.3452 0.000
v 42.2741 45.3452 2.5000
v 42.2741 45.4452 0.000
v 42.2741 45.4452 2.5000
v 44.5146 45.4452 0.000
v 44.5146 45.4452 2.5000
v 27.4644 86.6681 0.000
v 27.4644 86.6681 2.5000
v 53.1863 86.4400 0.000
v 53.1863 86.4400 2.5000
v 53.1854 86.3400 0.000
v 53.1854 86.3400 2.5000
v 27.4635 86.5681 0.000
v 27.4635 86.5681 2.5000
v 53.1866 86.4397 0.000
v 53.1866 86.4397 2.5000
v 53.1686 85.2546 0.000
v 53.1686 85.2546 2.5000
v 53.0686 85.2561 0.000
v 53.0686 85.2561 2.5000
v 53.0866 86.4412 0.000
v 53.0866 86.4412 2.5000
v 53.1523 84.1558 0.000
v 53.1523 84.1558 2.5000
v 53.1864 81.2279 0.000
v 53.1864 81.2279 2.5000
v 53.0864 81.2268 0.000
v 53.0864 81.2268 2.5000
v 53.0523 84.1546 0.000
v 53.0523 84.1546 2.5000
v 53.1858 81.2273 0.000
v 53.1858 81.2273 2.5000
v 0.1129 81.2273 0.000
v 0.1129 81.2273 2.5000
v 0.1129 81.3273 0.000
v 0.1129 81.3273 2.5000
v 53.1858 81.3273 0.000
v 53.1858 81.3273 2.5000
v 0.1388 71.4129 0.000
v 0.1388 71.4129 2.5000
v 66.5294 71.4129 0.000
v 66.5294 71.4129 2.5000
v 66.5294 71.3129 0.000
v 66.5294 71.3129 2.5000
v 0.1388 71.3129 0.000
v 0.1388 71.3129 2.5000
v 46.1281 8.9015 0.000
v 46.1281 8.9015 2.5000
v 46.9111 8.8399 0.000
v 46.9111 8.8399 2.5000
v 46.9032 8.7402 0.000
v 46.9032 8.7402 2.5000
v 46.1203 8.8018 0.000
v 46.1203 8.8018 2.5000
v 57.3610 10.9949 0.000
v 57.3610 10.9949 2.5000
v 57.3735 22.9164 0.000
v 57.3735 22.9164 2.5000
v 57.4735 22.9163 0.000
v 57.4735 22.9163 2.5000
v 57.4610 10.9948 0.000
v 57.4610 10.9948 2.5000
v 57.3735 22.9164 0.000
v 57.3735 22.9164 2.5000
v 63.4063 22.9100 0.000
v 63.4063 22.9100 2.5000
v 63.4062 22.8100 0.000
v 63.4062 22.8100 2.5000
v 57.3734 22.8164 0.000
v 57.3734 22.8164 2.5000
v 57.4743 23.8443 0.000
v 57.4743 23.8443 2.5000
v 57.4778 27.2622 0.000
v 57.4778 27.2622 2.5000
v 57.5778 27.2621 0.000
v 57.5778 27.2621 2.5000
v 57.5743 23.8442 0.000
v 57.5743 23.8442 2.5000
v 57.3681 28.6796 0.000
v 57.3681 28.6796 2.5000
v 57.3717 32.1481 0.000
v 57.3717 32.1481 2.5000
v 57.4717 32.1480 0.000
v 57.4717 32.1480 2.5000
v 57.4681 28.6795 0.000
v 57.4681 28.6795 2.5000
v 57.3724 32.8574 0.000
v 57.3724 32.8574 2.5000
v 57.3731 33.4632 0.000
v 57.3731 33.4632 2.5000
v 57.4731 33.4631 0.000
v 57.4731 33.4631 2.5000
v 57.4724 32.8572 0.000
v 57.4724 32.8572 2.5000
v 57.3638 34.2837 0.000
v 57.3638 34.2837 2.5000
v 57.3645 34.9400 0.000
v 57.3645 34.9400 2.5000
v 57.4645 34.9399 0.000
v 57.4645 34.9399 2.5000
v 57.4638 34.2836 0.000
v 57.4638 34.2836 2.5000
v 57.3452 35.7909 0.000
v 57.3452 35.7909 2.5000
v 57.3487 39.1278 0.000
v 57.3487 39.1278 2.5000
v 57.4487 39.1277 0.000
v 57.4487 39.1277 2.5000
v 57.4452 35.7908 0.000
v 57.4452 35.7908 2.5000
v 57.3899 39.8674 0.000
v 57.3899 39.8674 2.5000
v 57.3902 40.1495 0.000
v 57.3902 40.1495 2.5000
v 57.4902 40.1494 0.000
v 57.4902 40.1494 2.5000
v 57.4899 39.8673 0.000
v 57.4899 39.8673 2.5000
v 57.3216 42.2244 0.000
v 57.3216 42.2244 2.5000
v 57.3234 43.9226 0.000
v 57.3234 43.9226 2.5000
v 57.4234 43.9225 0.000
v 57.4234 43.9225 2.5000
v 57.4216 42.2243 0.000
v 57.4216 42.2243 2.5000
v 57.3234 43.9226 0.000
v 57.3234 43.9226 2.5000
v 58.0265 43.9219 0.000
v 58.0265 43.9219 2.5000
v 58.0264 43.8219 0.000
v 58.0264 43.8219 2.5000
v 57.3233 43.8226 0.000
v 57.3233 43.8226 2.5000
v 57.9268 43.8216 0.000
v 57.9268 43.8216 2.5000
v 57.8548 55.3367 0.000
v 57.8548 55.3367 2.5000
v 57.9548 55.3373 0.000
v 57.9548 55.3373 2.5000
v 58.0268 43.8222 0.000
v 58.0268 43.8222 2.5000
v 57.8496 55.3307 0.000
v 57.8496 55.3307 2.5000
v 58.4101 55.3977 0.000
v 58.4101 55.3977 2.5000
v 58.4220 55.2984 0.000
v 58.4220 55.2984 2.5000
v 57.8615 55.2314 0.000
v 57.8615 55.2314 2.5000
v 57.3182 42.3206 0.000
v 57.3182 42.3206 2.5000
v 59.2024 42.4554 0.000
v 59.2024 42.4554 2.5000
v 59.2096 42.3557 0.000
v 59.2096 42.3557 2.5000
v 57.3254 42.2209 0.000
v 57.3254 42.2209 2.5000
v 59.1061 42.3520 0.000
v 59.1061 42.3520 2.5000
v 59.1149 50.7934 0.000
v 59.1149 50.7934 2.5000
v 59.2149 50.7933 0.000
v 59.2149 50.7933 2.5000
v 59.2061 42.3519 0.000
v 59.2061 42.3519 2.5000
v 59.2148 50.6933 0.000
v 59.2148 50.6933 2.5000
v 58.1530 50.6945 0.000
v 58.1530 50.6945 2.5000
v 58.1531 50.7945 0.000
v 58.1531 50.7945 2.5000
v 59.2149 50.7933 0.000
v 59.2149 50.7933 2.5000
v 58.1513 50.6962 0.000
v 58.1513 50.6962 2.5000
v 58.3182 55.3939 0.000
v 58.3182 55.3939 2.5000
v 58.4182 55.3903 0.000
v 58.4182 55.3903 2.5000
v 58.2513 50.6927 0.000
v 58.2513 50.6927 2.5000
v 60.4378 50.8288 0.000
v 60.4378 50.8288 2.5000
v 67.1631 50.8217 0.000
v 67.1631 50.8217 2.5000
v 67.1630 50.7217 0.000
v 67.1630 50.7217 2.5000
v 60.4377 50.7288 0.000
v 60.4377 50.7288 2.5000
v 68.1787 8.7542 0.000
v 68.1787 8.7542 2.5000
v 68.1803 55.7774 0.000
v 68.1803 55.7774 2.5000
v 68.2803 55.7774 0.000
v 68.2803 55.7774 2.5000
v 68.2787 8.7542 0.000
v 68.2787 8.7542 2.5000
v 57.9456 3.5407 0.000
v 57.9456 3.5407 2.5000
v 62.1015 3.5363 0.000
v 62.1015 3.5363 2.5000
v 62.1014 3.4363 0.000
v 62.1014 3.4363 2.5000
v 57.9455 3.4407 0.000
v 57.9455 3.4407 2.5000
v 63.0243 3.4997 0.000
v 63.0243 3.4997 2.5000
v 67.2040 3.4953 0.000
v 67.2040 3.4953 2.5000
v 67.2039 3.3953 0.000
v 67.2039 3.3953 2.5000
v 63.0242 3.3997 0.000
v 63.0242 3.3997 2.5000
v 63.3783 10.7027 0.000
v 63.3783 10.7027 2.5000
v 63.3707 3.4429 0.000
v 63.3707 3.4429 2.5000
v 63.2707 3.4430 0.000
v 63.2707 3.4430 2.5000
v 63.2783 10.7028 0.000
v 63.2783 10.7028 2.5000
v 61.7839 4.3963 0.000
v 61.7839 4.3963 2.5000
v 61.7829 3.4735 0.000
v 61.7829 3.4735 2.5000
v 61.6829 3.4736 0.000
v 61.6829 3.4736 2.5000
v 61.6839 4.3964 0.000
v 61.6839 4.3964 2.5000
v 61.6992 5.2491 0.000
v 61.6992 5.2491 2.5000
v 61.7004 6.4172 0.000
v 61.7004 6.4172 2.5000
v 61.8004 6.4171 0.000
v 61.8004 6.4171 2.5000
v 61.7992 5.2490 0.000
v 61.7992 5.2490 2.5000
v 61.7157 7.2266 0.000
v 61.7157 7.2266 2.5000
v 61.7168 8.2794 0.000
v 61.7168 8.2794 2.5000
v 61.8168 8.2792 0.000
v 61.8168 8.2792 2.5000
v 61.8157 7.2265 0.000
v 61.8157 7.2265 2.5000
v 57.9181 9.3633 0.000
v 57.9181 9.3633 2.5000
v 61.8179 9.3592 0.000
v 61.8179 9.3592 2.5000
v 61.8178 9.2592 0.000
v 61.8178 9.2592 2.5000
v 57.9180 9.2633 0.000
v 57.9180 9.2633 2.5000
v 57.3611 11.0949 0.000
v 57.3611 11.0949 2.5000
v 61.7909 11.0903 0.000
v 61.7909 11.0903 2.5000
v 61.7908 10.9903 0.000
v 61.7908 10.9903 2.5000
v 57.3610 10.9949 0.000
v 57.3610 10.9949 2.5000
v 61.7208 12.1345 0.000
v 61.7208 12.1345 2.5000
v 61.7224 13.6059 0.000
v 61.7224 13.6059 2.5000
v 61.8224 13.6058 0.000
v 61.8224 13.6058 2.5000
v 61.8208 12.1344 0.000
v 61.8208 12.1344 2.5000
v 61.6800 14.4442 0.000
v 61.6800 14.4442 2.5000
v 61.6815 15.8434 0.000
v 61.6815 15.8434 2.5000
v 61.7815 15.8433 0.000
v 61.7815 15.8433 2.5000
v 61.7800 14.4441 0.000
v 61.7800 14.4441 2.5000
v 61.6969 16.7827 0.000
v 61.6969 16.7827 2.5000
v 61.6983 18.1096 0.000
v 61.6983 18.1096 2.5000
v 61.7983 18.1095 0.000
v 61.7983 18.1095 2.5000
v 61.7969 16.7826 0.000
v 61.7969 16.7826 2.5000
v 61.7138 19.1644 0.000
v 61.7138 19.1644 2.5000
v 61.7151 20.3615 0.000
v 61.7151 20.3615 2.5000
v 61.8151 20.3614 0.000
v 61.8151 20.3614 2.5000
v 61.8138 19.1643 0.000
v 61.8138 19.1643 2.5000
v 61.6874 21.4452 0.000
v 61.6874 21.4452 2.5000
v 61.6888 22.8299 0.000
v 61.6888 22.8299 2.5000
v 61.7888 22.8298 0.000
v 61.7888 22.8298 2.5000
v 61.7874 21.4450 0.000
v 61.7874 21.4450 2.5000
v 61.8150 20.2614 0.000
v 61.8150 20.2614 2.5000
v 57.4422 20.2660 0.000
v 57.4422 20.2660 2.5000
v 57.4423 20.3660 0.000
v 57.4423 20.3660 2.5000
v 61.8151 20.3614 0.000
v 61.8151 20.3614 2.5000
v 61.7982 18.0095 0.000
v 61.7982 18.0095 2.5000
v 57.4543 18.0141 0.000
v 57.4543 18.0141 2.5000
v 57.4544 18.1141 0.000
v 57.4544 18.1141 2.5000
v 61.7983 18.1095 0.000
v 61.7983 18.1095 2.5000
v 61.7814 15.7433 0.000
v 61.7814 15.7433 2.5000
v 57.4375 15.7478 0.000
v 57.4375 15.7478 2.5000
v 57.4376 15.8478 0.000
v 57.4376 15.8478 2.5000
v 61.7815 15.8433 0.000
v 61.7815 15.8433 2.5000
v 63.3621 19.3679 0.000
v 63.3621 19.3679 2.5000
v 63.3818 20.4120 0.000
v 63.3818 20.4120 2.5000
v 63.4818 20.4101 0.000
v 63.4818 20.4101 2.5000
v 63.4620 19.3660 0.000
v 63.4620 19.3660 2.5000
v 61.8223 13.5058 0.000
v 61.8223 13.5058 2.5000
v 57.3932 13.5104 0.000
v 57.3932 13.5104 2.5000
v 57.3933 13.6104 0.000
v 57.3933 13.6104 2.5000
v 61.8224 13.6058 0.000
v 61.8224 13.6058 2.5000
v 61.7830 3.5735 0.000
v 61.7830 3.5735 2.5000
v 61.7797 0.4190 0.000
v 61.7797 0.4190 2.5000
v 61.6797 0.4191 0.000
v 61.6797 0.4191 2.5000
v 61.6830 3.5736 0.000
v 61.6830 3.5736 2.5000
v 58.0178 9.3635 0.000
v 58.0178 9.3635 2.5000
v 58.0458 3.4409 0.000
v 58.0458 3.4409 2.5000
v 57.9458 3.4404 0.000
v 57.9458 3.4404 2.5000
v 57.9178 9.3630 0.000
v 57.9178 9.3630 2.5000
v 58.0137 2.4434 0.000
v 58.0137 2.4434 2.5000
v 58.0184 1.8320 0.000
v 58.0184 1.8320 2.5000
v 57.9184 1.8312 0.000
v 57.9184 1.8312 2.5000
v 57.9137 2.4427 0.000
v 57.9137 2.4427 2.5000
v 55.2676 9.3819 0.000
v 55.2676 9.3819 2.5000
v 55.9003 9.3813 0.000
v 55.9003 9.3813 2.5000
v 55.9002 9.2813 0.000
v 55.9002 9.2813 2.5000
v 55.2675 9.2819 0.000
v 55.2675 9.2819 2.5000
v 55.8002 9.2814 0.000
v 55.8002 9.2814 2.5000
v 55.8020 10.9786 0.000
v 55.8020 10.9786 2.5000
v 55.9020 10.9785 0.000
v 55.9020 10.9785 2.5000
v 55.9002 9.2813 0.000
v 55.9002 9.2813 2.5000
v 55.8667 11.8735 0.000
v 55.8667 11.8735 2.5000
v 55.8671 12.2542 0.000
v 55.8671 12.2542 2.5000
v 55.9671 12.2541 0.000
v 55.9671 12.2541 2.5000
v 55.9667 11.8734 0.000
v 55.9667 11.8734 2.5000
v 55.9050 13.9521 0.000
v 55.9050 13.9521 2.5000
v 50.7992 13.9575 0.000
v 50.7992 13.9575 2.5000
v 50.7993 14.0575 0.000
v 50.7993 14.0575 2.5000
v 55.9051 14.0521 0.000
v 55.9051 14.0521 2.5000
v 50.7992 13.9575 0.000
v 50.7992 13.9575 2.5000
v 50.8005 15.2186 0.000
v 50.8005 15.2186 2.5000
v 50.9005 15.2185 0.000
v 50.9005 15.2185 2.5000
v 50.8992 13.9574 0.000
v 50.8992 13.9574 2.5000
v 49.1214 13.3916 0.000
v 49.1214 13.3916 2.5000
v 49.1238 15.7365 0.000
v 49.1238 15.7365 2.5000
v 49.2238 15.7364 0.000
v 49.2238 15.7364 2.5000
v 49.2214 13.3915 0.000
v 49.2214 13.3915 2.5000
v 49.1249 16.7460 0.000
v 49.1249 16.7460 2.5000
v 49.1277 19.3747 0.000
v 49.1277 19.3747 2.5000
v 49.2277 19.3746 0.000
v 49.2277 19.3746 2.5000
v 49.2249 16.7459 0.000
v 49.2249 16.7459 2.5000
v 49.1031 20.5133 0.000
v 49.1031 20.5133 2.5000
v 49.1054 22.7550 0.000
v 49.1054 22.7550 2.5000
v 49.2054 22.7549 0.000
v 49.2054 22.7549 2.5000
v 49.2031 20.5132 0.000
v 49.2031 20.5132 2.5000
v 49.2053 22.6549 0.000
v 49.2053 22.6549 2.5000
v 46.1895 22.6580 0.000
v 46.1895 22.6580 2.5000
v 46.1896 22.7580 0.000
v 46.1896 22.7580 2.5000
v 49.2054 22.7549 0.000
v 49.2054 22.7549 2.5000
v 46.1896 22.7580 0.000
v 46.1896 22.7580 2.5000
v 55.9150 22.7478 0.000
v 55.9150 22.7478 2.5000
v 55.9149 22.6478 0.000
v 55.9149 22.6478 2.5000
v 46.1895 22.6580 0.000
v 46.1895 22.6580 2.5000
v 50.3322 20.9504 0.000
v 50.3322 20.9504 2.5000
v 55.8586 20.9446 0.000
v 55.8586 20.9446 2.5000
v 55.8585 20.8446 0.000
v 55.8585 20.8446 2.5000
v 50.3321 20.8504 0.000
v 50.3321 20.8504 2.5000
v 50.8820 19.8526 0.000
v 50.8820 19.8526 2.5000
v 50.8805 18.4297 0.000
v 50.8805 18.4297 2.5000
v 50.7805 18.4298 0.000
v 50.7805 18.4298 2.5000
v 50.7820 19.8527 0.000
v 50.7820 19.8527 2.5000
v 50.7806 18.5298 0.000
v 50.7806 18.5298 2.5000
v 54.9542 18.5255 0.000
v 54.9542 18.5255 2.5000
v 54.9541 18.4255 0.000
v 54.9541 18.4255 2.5000
v 50.7805 18.4298 0.000
v 50.7805 18.4298 2.5000
v 54.8541 18.4256 0.000
v 54.8541 18.4256 2.5000
v 54.8549 19.2471 0.000
v 54.8549 19.2471 2.5000
v 54.9549 19.2470 0.000
v 54.9549 19.2470 2.5000
v 54.9541 18.4255 0.000
v 54.9541 18.4255 2.5000
v 54.8549 19.2471 0.000
v 54.8549 19.2471 2.5000
v 55.9019 19.2460 0.000
v 55.9019 19.2460 2.5000
v 55.9018 19.1460 0.000
v 55.9018 19.1460 2.5000
v 54.8548 19.1471 0.000
v 54.8548 19.1471 2.5000
v 50.8649 17.5951 0.000
v 50.8649 17.5951 2.5000
v 50.8633 16.1634 0.000
v 50.8633 16.1634 2.5000
v 50.7633 16.1635 0.000
v 50.7633 16.1635 2.5000
v 50.7649 17.5952 0.000
v 50.7649 17.5952 2.5000
v 50.7635 16.2635 0.000
v 50.7635 16.2635 2.5000
v 54.9316 16.2591 0.000
v 54.9316 16.2591 2.5000
v 54.9315 16.1591 0.000
v 54.9315 16.1591 2.5000
v 50.7633 16.1635 0.000
v 50.7633 16.1635 2.5000
v 54.9316 16.2591 0.000
v 54.9316 16.2591 2.5000
v 54.9309 15.6118 0.000
v 54.9309 15.6118 2.5000
v 54.8309 15.6119 0.000
v 54.8309 15.6119 2.5000
v 54.8316 16.2592 0.000
v 54.8316 16.2592 2.5000
v 54.8310 15.7119 0.000
v 54.8310 15.7119 2.5000
v 55.7519 15.7110 0.000
v 55.7519 15.7110 2.5000
v 55.7518 15.6110 0.000
v 55.7518 15.6110 2.5000
v 54.8309 15.6119 0.000
v 54.8309 15.6119 2.5000
v 46.0352 12.3106 0.000
v 46.0352 12.3106 2.5000
v 56.0044 12.1343 0.000
v 56.0044 12.1343 2.5000
v 56.0026 12.0343 0.000
v 56.0026 12.0343 2.5000
v 46.0335 12.2106 0.000
v 46.0335 12.2106 2.5000
v 46.2975 19.2526 0.000
v 46.2975 19.2526 2.5000
v 46.2230 15.6680 0.000
v 46.2230 15.6680 2.5000
v 46.1230 15.6701 0.000
v 46.1230 15.6701 2.5000
v 46.1975 19.2547 0.000
v 46.1975 19.2547 2.5000
v 46.1246 15.7696 0.000
v 46.1246 15.7696 2.5000
v 49.2243 15.7359 0.000
v 49.2243 15.7359 2.5000
v 49.2232 15.6359 0.000
v 49.2232 15.6359 2.5000
v 46.1235 15.6696 0.000
v 46.1235 15.6696 2.5000
v 49.2296 19.2768 0.000
v 49.2296 19.2768 2.5000
v 46.1986 19.1517 0.000
v 46.1986 19.1517 2.5000
v 46.1945 19.2516 0.000
v 46.1945 19.2516 2.5000
v 49.2255 19.3767 0.000
v 49.2255 19.3767 2.5000
v 50.5859 28.5547 0.000
v 50.5859 28.5547 2.5000
v 50.5809 23.7632 0.000
v 50.5809 23.7632 2.5000
v 50.4809 23.7633 0.000
v 50.4809 23.7633 2.5000
v 50.4859 28.5548 0.000
v 50.4859 28.5548 2.5000
v 50.4937 24.5162 0.000
v 50.4937 24.5162 2.5000
v 53.8584 24.5127 0.000
v 53.8584 24.5127 2.5000
v 53.8583 24.4127 0.000
v 53.8583 24.4127 2.5000
v 50.4936 24.4162 0.000
v 50.4936 24.4162 2.5000
v 55.3049 24.3880 0.000
v 55.3049 24.3880 2.5000
v 55.3447 26.2605 0.000
v 55.3447 26.2605 2.5000
v 55.4447 26.2584 0.000
v 55.4447 26.2584 2.5000
v 55.4049 24.3859 0.000
v 55.4049 24.3859 2.5000
v 55.3060 24.4870 0.000
v 55.3060 24.4870 2.5000
v 55.9622 24.4863 0.000
v 55.9622 24.4863 2.5000
v 55.9621 24.3863 0.000
v 55.9621 24.3863 2.5000
v 55.3059 24.3870 0.000
v 55.3059 24.3870 2.5000
v 55.8627 24.3859 0.000
v 55.8627 24.3859 2.5000
v 55.8200 28.7080 0.000
v 55.8200 28.7080 2.5000
v 55.9200 28.7089 0.000
v 55.9200 28.7089 2.5000
v 55.9627 24.3869 0.000
v 55.9627 24.3869 2.5000
v 50.5096 28.1557 0.000
v 50.5096 28.1557 2.5000
v 54.2733 28.1518 0.000
v 54.2733 28.1518 2.5000
v 54.2732 28.0518 0.000
v 54.2732 28.0518 2.5000
v 50.5095 28.0557 0.000
v 50.5095 28.0557 2.5000
v 46.2310 29.7200 0.000
v 46.2310 29.7200 2.5000
v 55.9557 29.7098 0.000
v 55.9557 29.7098 2.5000
v 55.9556 29.6098 0.000
v 55.9556 29.6098 2.5000
v 46.2309 29.6200 0.000
v 46.2309 29.6200 2.5000
v 50.5003 30.8126 0.000
v 50.5003 30.8126 2.5000
v 50.5054 35.6523 0.000
v 50.5054 35.6523 2.5000
v 50.6054 35.6522 0.000
v 50.6054 35.6522 2.5000
v 50.6003 30.8125 0.000
v 50.6003 30.8125 2.5000
v 50.4565 35.1325 0.000
v 50.4565 35.1325 2.5000
v 53.8333 35.1289 0.000
v 53.8333 35.1289 2.5000
v 53.8332 35.0289 0.000
v 53.8332 35.0289 2.5000
v 50.4564 35.0325 0.000
v 50.4564 35.0325 2.5000
v 54.7731 35.1038 0.000
v 54.7731 35.1038 2.5000
v 55.9734 35.1025 0.000
v 55.9734 35.1025 2.5000
v 55.9733 35.0025 0.000
v 55.9733 35.0025 2.5000
v 54.7730 35.0038 0.000
v 54.7730 35.0038 2.5000
v 55.9734 35.1025 0.000
v 55.9734 35.1025 2.5000
v 55.9693 31.2421 0.000
v 55.9693 31.2421 2.5000
v 55.8693 31.2422 0.000
v 55.8693 31.2422 2.5000
v 55.8734 35.1026 0.000
v 55.8734 35.1026 2.5000
v 50.5371 31.3765 0.000
v 50.5371 31.3765 2.5000
v 53.8684 31.3730 0.000
v 53.8684 31.3730 2.5000
v 53.8683 31.2730 0.000
v 53.8683 31.2730 2.5000
v 50.5370 31.2765 0.000
v 50.5370 31.2765 2.5000
v 54.9709 33.1768 0.000
v 54.9709 33.1768 2.5000
v 54.9689 31.2631 0.000
v 54.9689 31.2631 2.5000
v 54.8689 31.2632 0.000
v 54.8689 31.2632 2.5000
v 54.8709 33.1769 0.000
v 54.8709 33.1769 2.5000
v 54.8700 31.3641 0.000
v 54.8700 31.3641 2.5000
v 55.9704 31.3411 0.000
v 55.9704 31.3411 2.5000
v 55.9683 31.2411 0.000
v 55.9683 31.2411 2.5000
v 54.8679 31.2642 0.000
v 54.8679 31.2642 2.5000
v 55.2995 27.7678 0.000
v 55.2995 27.7678 2.5000
v 55.8521 28.7267 0.000
v 55.8521 28.7267 2.5000
v 55.9388 28.6768 0.000
v 55.9388 28.6768 2.5000
v 55.3861 27.7179 0.000
v 55.3861 27.7179 2.5000
v 55.4169 27.8370 0.000
v 55.4169 27.8370 2.5000
v 55.4445 26.1603 0.000
v 55.4445 26.1603 2.5000
v 55.3445 26.1587 0.000
v 55.3445 26.1587 2.5000
v 55.3169 27.8353 0.000
v 55.3169 27.8353 2.5000
v 55.4101 24.3914 0.000
v 55.4101 24.3914 2.5000
v 54.8759 24.3459 0.000
v 54.8759 24.3459 2.5000
v 54.8674 24.4455 0.000
v 54.8674 24.4455 2.5000
v 55.4016 24.4910 0.000
v 55.4016 24.4910 2.5000
v 55.9150 22.7478 0.000
v 55.9150 22.7478 2.5000
v 55.9050 13.9521 0.000
v 55.9050 13.9521 2.5000
v 55.8050 13.9522 0.000
v 55.8050 13.9522 2.5000
v 55.8150 22.7479 0.000
v 55.8150 22.7479 2.5000
v 57.4721 24.5379 0.000
v 57.4721 24.5379 2.5000
v 63.4742 24.5316 0.000
v 63.4742 24.5316 2.5000
v 63.4741 24.4316 0.000
v 63.4741 24.4316 2.5000
v 57.4720 24.4379 0.000
v 57.4720 24.4379 2.5000
v 63.3748 24.4311 0.000
v 63.3748 24.4311 2.5000
v 63.3392 27.3020 0.000
v 63.3392 27.3020 2.5000
v 63.4392 27.3033 0.000
v 63.4392 27.3033 2.5000
v 63.4748 24.4323 0.000
v 63.4748 24.4323 2.5000
v 63.3824 20.3096 0.000
v 63.3824 20.3096 2.5000
v 63.3048 22.9086 0.000
v 63.3048 22.9086 2.5000
v 63.4048 22.9116 0.000
v 63.4048 22.9116 2.5000
v 63.4823 20.3126 0.000
v 63.4823 20.3126 2.5000
v 63.3743 24.5318 0.000
v 63.3743 24.5318 2.5000
v 67.1973 24.5209 0.000
v 67.1973 24.5209 2.5000
v 67.1970 24.4209 0.000
v 67.1970 24.4209 2.5000
v 63.3741 24.4318 0.000
v 63.3741 24.4318 2.5000
v 57.4778 27.2622 0.000
v 57.4778 27.2622 2.5000
v 62.5186 27.2569 0.000
v 62.5186 27.2569 2.5000
v 62.5185 27.1569 0.000
v 62.5185 27.1569 2.5000
v 57.4777 27.1622 0.000
v 57.4777 27.1622 2.5000
v 57.3682 28.7796 0.000
v 57.3682 28.7796 2.5000
v 62.4126 28.7743 0.000
v 62.4126 28.7743 2.5000
v 62.4125 28.6743 0.000
v 62.4125 28.6743 2.5000
v 57.3681 28.6796 0.000
v 57.3681 28.6796 2.5000
v 57.4141 31.4695 0.000
v 57.4141 31.4695 2.5000
v 67.2247 31.4592 0.000
v 67.2247 31.4592 2.5000
v 67.2245 31.3592 0.000
v 67.2245 31.3592 2.5000
v 57.4140 31.3695 0.000
v 57.4140 31.3695 2.5000
v 57.3855 33.2675 0.000
v 57.3855 33.2675 2.5000
v 67.2142 33.1957 0.000
v 67.2142 33.1957 2.5000
v 67.2135 33.0957 0.000
v 67.2135 33.0957 2.5000
v 57.3848 33.1676 0.000
v 57.3848 33.1676 2.5000
v 57.4225 35.0332 0.000
v 57.4225 35.0332 2.5000
v 60.8436 34.7633 0.000
v 60.8436 34.7633 2.5000
v 60.8358 34.6636 0.000
v 60.8358 34.6636 2.5000
v 57.4147 34.9335 0.000
v 57.4147 34.9335 2.5000
v 60.7398 34.6674 0.000
v 60.7398 34.6674 2.5000
v 60.7420 36.7763 0.000
v 60.7420 36.7763 2.5000
v 60.8420 36.7762 0.000
v 60.8420 36.7762 2.5000
v 60.8398 34.6673 0.000
v 60.8398 34.6673 2.5000
v 60.7425 36.7768 0.000
v 60.7425 36.7768 2.5000
v 67.2553 36.7098 0.000
v 67.2553 36.7098 2.5000
v 67.2543 36.6098 0.000
v 67.2543 36.6098 2.5000
v 60.7414 36.6768 0.000
v 60.7414 36.6768 2.5000
v 67.2548 40.0424 0.000
v 67.2548 40.0424 2.5000
v 57.3901 40.0494 0.000
v 57.3901 40.0494 2.5000
v 57.3902 40.1494 0.000
v 57.3902 40.1494 2.5000
v 67.2549 40.1424 0.000
v 67.2549 40.1424 2.5000
v 57.4022 38.4904 0.000
v 57.4022 38.4904 2.5000
v 60.7443 38.4869 0.000
v 60.7443 38.4869 2.5000
v 60.7442 38.3869 0.000
v 60.7442 38.3869 2.5000
v 57.4021 38.3904 0.000
v 57.4021 38.3904 2.5000
v 60.7413 38.4897 0.000
v 60.7413 38.4897 2.5000
v 60.8447 36.6792 0.000
v 60.8447 36.6792 2.5000
v 60.7449 36.6735 0.000
v 60.7449 36.6735 2.5000
v 60.6415 38.4840 0.000
v 60.6415 38.4840 2.5000
v 55.9208 41.8507 0.000
v 55.9208 41.8507 2.5000
v 55.9562 38.0779 0.000
v 55.9562 38.0779 2.5000
v 55.8562 38.0769 0.000
v 55.8562 38.0769 2.5000
v 55.8208 41.8497 0.000
v 55.8208 41.8497 2.5000
v 56.0054 36.6287 0.000
v 56.0054 36.6287 2.5000
v 55.4588 36.1544 0.000
v 55.4588 36.1544 2.5000
v 55.3933 36.2300 0.000
v 55.3933 36.2300 2.5000
v 55.9398 36.7042 0.000
v 55.9398 36.7042 2.5000
v 55.3428 43.8422 0.000
v 55.3428 43.8422 2.5000
v 55.9288 43.8416 0.000
v 55.9288 43.8416 2.5000
v 55.9287 43.7416 0.000
v 55.9287 43.7416 2.5000
v 55.3427 43.7422 0.000
v 55.3427 43.7422 2.5000
v 55.9303 43.8401 0.000
v 55.9303 43.8401 2.5000
v 55.9107 43.1923 0.000
v 55.9107 43.1923 2.5000
v 55.8108 43.1954 0.000
v 55.8108 43.1954 2.5000
v 55.8303 43.8431 0.000
v 55.8303 43.8431 2.5000
v 61.4299 41.7654 0.000
v 61.4299 41.7654 2.5000
v 60.6753 41.7243 0.000
v 60.6753 41.7243 2.5000
v 60.6699 41.8241 0.000
v 60.6699 41.8241 2.5000
v 61.4245 41.8653 0.000
v 61.4245 41.8653 2.5000
v 60.6726 41.7269 0.000
v 60.6726 41.7269 2.5000
v 60.6644 49.5240 0.000
v 60.6644 49.5240 2.5000
v 60.7644 49.5241 0.000
v 60.7644 49.5241 2.5000
v 60.7726 41.7270 0.000
v 60.7726 41.7270 2.5000
v 60.6629 49.5224 0.000
v 60.6629 49.5224 2.5000
v 61.6268 49.5540 0.000
v 61.6268 49.5540 2.5000
v 61.6301 49.4541 0.000
v 61.6301 49.4541 2.5000
v 60.6661 49.4224 0.000
v 60.6661 49.4224 2.5000
vt 0.000 0.000
vt 0.000 1.0000
vt 8.7542 0.000
vt 8.7542 1.0000
vt 8.8542 0.000
vt 8.8542 1.0000
vt 17.6083 0.000
vt 17.6083 1.0000
vt 0.000 0.000
vt 0.000 1.0000
vt 7.1426 0.000
vt 7.1426 1.0000
vt 7.2426 0.000
vt 7.2426 1.0000
vt 14.3851 0.000
vt 14.3851 1.0000
vt 0.000 0.000
vt 0.000 1.0000
vt 5.8764 0.000
vt 5.8764 1.0000
vt 5.9764 0.000
vt 5.9764 1.0000
vt 11.8528 0.000
vt 11.8528 1.0000
vt 0.000 0.000
vt 0.000 1.0000
vt 27.3342 0.000
vt 27.3342 1.0000
vt 27.4342 0.000
vt 27.4342 1.0000
vt 54.7683 0.000
vt 54.7683 1.0000
vt 0.000 0.000
vt 0.000 1.0000
vt 29.0627 0.000
vt 29.0627 1.0000
vt 29.1627 0.000
vt 29.1627 1.0000
vt 58.2254 0.000
vt 58.2254 1.0000
vt 0.000 0.000
vt 0.000 1.0000
vt 11.2215 0.000
vt 11.2215 1.0000
vt 11.3215 0.000
vt 11.3215 1.0000
vt 22.5430 0.000
vt 22.5430 1.0000
vt 0.000 0.000
vt 0.000 1.0000
vt 3.1565 0.000
vt 3.1565 1.0000
vt 3.2565 0.000
vt 3.2565 1.0000
vt 6.4131 0.000
vt 6.4131 1.0000
vt 0.000 0.000
vt 0.000 1.0000
vt 29.2292 0.000
vt 29.2292 1.0000
vt 29.3292 0.000
vt 29.3292 1.0000
vt 58.5584 0.000
vt 58.5584 1.0000
vt 0.000 0.000
vt 0.000 1.0000
vt 3.1981 0.000
vt 3.1981 1.0000
vt 3.2981 0.000
vt 3.2981 1.0000
vt 6.4962 0.000
vt 6.4962 1.0000
vt 0.000 0.000
vt 0.000 1.0000
vt 1.6218 0.000
vt 1.6218 1.0000
vt 1.7218 0.000
vt 1.7218 1.0000
vt 3.3436 0.000
vt 3.3436 1.0000
vt 0.000 0.000
vt 0.000 1.0000
vt 6.3760 0.000
vt 6.3760 1.0000
vt 6.4760 0.000
vt 6.4760 1.0000
vt 12.8520 0.000
vt 12.8520 1.0000
vt 0.000 0.000
vt 0.000 1.0000
vt 0.2935 0.000
vt 0.2935 1.0000
vt 0.3935 0.000
vt 0.3935 1.0000
vt 0.6870 0.000
vt 0.6870 1.0000
vt 0.000 0.000
vt 0.000 1.0000
vt 0.6003 0.000
vt 0.6003 1.0000
vt 0.7003 0.000
vt 0.7003 1.0000
vt 1.3006 0.000
vt 1.3006 1.0000
vt 0.000 0.000
vt 0.000 1.0000
vt 2.6596 0.000
vt 2.6596 1.0000
vt 2.7596 0.000
vt 2.7596 1.0000
vt 5.4192 0.000
vt 5.4192 1.0000
vt 0.000 0.000
vt 0.000 1.0000
vt 0.8702 0.000
vt 0.8702 1.0000
vt 0.9702 0.000
vt 0.9702 1.0000
vt 1.8403 0.000
vt 1.8403 1.0000
vt 0.000 0.000
vt 0.000 1.0000
vt 0.3728 0.000
vt 0.3728 1.0000
vt 0.4728 0.000
vt 0.4728 1.0000
vt 0.8456 0.000
vt 0.8456 1.0000
vt 0.000 0.000
vt 0.000 1.0000
vt 0.4735 0.000
vt 0.4735 1.0000
vt 0.5735 0.000
vt 0.5735 1.0000
vt 1.0470 0.000
vt 1.0470 1.0000
vt 0.000 0.000
vt 0.000 1.0000
vt 9.2430 0.000
vt 9.2430 1.0000
vt 9.3430 0.000
vt 9.3430 1.0000
vt 18.5861 0.000
vt 18.5861 1.0000
vt 0.000 0.000
vt 0.000 1.0000
vt 0.5382 0.000
vt 0.5382 1.0000
vt 0.6382 0.000
vt 0.6382 1.0000
vt 1.1763 0.000
vt 1.1763 1.0000
vt 0.000 0.000
vt 0.000 1.0000
vt 6.3550 0.000
vt 6.3550 1.0000
vt 6.4550 0.000
vt 6.4550 1.0000
vt 12.8101 0.000
vt 12.8101 1.0000
vt 0.000 0.000
vt 0.000 1.0000
vt 0.3729 0.000
vt 0.3729 1.0000
vt 0.4729 0.000
vt 0.4729 1.0000
vt 0.8458 0.000
vt 0.8458 1.0000
vt 0.000 0.000
vt 0.000 1.0000
vt 0.9168 0.000
vt 0.9168 1.0000
vt 1.0168 0.000
vt 1.0168 1.0000
vt 1.9336 0.000
vt 1.9336 1.0000
vt 0.000 0.000
vt 0.000 1.0000
vt 1.4261 0.000
vt 1.4261 1.0000
vt 1.5261 0.000
vt 1.5261 1.0000
vt 2.9523 0.000
vt 2.9523 1.0000
vt 0.000 0.000
vt 0.000 1.0000
vt 1.4431 0.000
vt 1.4431 1.0000
vt 1.5431 0.000
vt 1.5431 1.0000
vt 2.9863 0.000
vt 2.9863 1.0000
vt 0.000 0.000
vt 0.000 1.0000
vt 1.4431 0.000
vt 1.4431 1.0000
vt 1.5431 0.000
vt 1.5431 1.0000
vt 2.9862 0.000
vt 2.9862 1.0000
vt 0.000 0.000
vt 0.000 1.0000
vt 0.2886 0.000
vt 0.2886 1.0000
vt 0.3886 0.000
vt 0.3886 1.0000
vt 0.6772 0.000
vt 0.6772 1.0000
vt 0.000 0.000
vt 0.000 1.0000
vt 1.8505 0.000
vt 1.8505 1.0000
vt 1.9505 0.000
vt 1.9505 1.0000
vt 3.8011 0.000
vt 3.8011 1.0000
vt 0.000 0.000
vt 0.000 1.0000
vt 4.0576 0.000
vt 4.0576 1.0000
vt 4.1576 0.000
vt 4.1576 1.0000
vt 8.2153 0.000
vt 8.2153 1.0000
vt 0.000 0.000
vt 0.000 1.0000
vt 1.7996 0.000
vt 1.7996 1.0000
vt 1.8996 0.000
vt 1.8996 1.0000
vt 3.6992 0.000
vt 3.6992 1.0000
vt 0.000 0.000
vt 0.000 1.0000
vt 1.0696 0.000
vt 1.0696 1.0000
vt 1.1696 0.000
vt 1.1696 1.0000
vt 2.2391 0.000
vt 2.2391 1.0000
vt 0.000 0.000
vt 0.000 1.0000
vt 9.2242 0.000
vt 9.2242 1.0000
vt 9.3242 0.000
vt 9.3242 1.0000
vt 18.5484 0.000
vt 18.5484 1.0000
vt 0.000 0.000
vt 0.000 1.0000
vt 6.9667 0.000
vt 6.9667 1.0000
vt 7.0667 0.000
vt 7.0667 1.0000
vt 14.0334 0.000
vt 14.0334 1.0000
vt 0.000 0.000
vt 0.000 1.0000
vt 3.1806 0.000
vt 3.1806 1.0000
vt 3.2806 0.000
vt 3.2806 1.0000
vt 6.4613 0.000
vt 6.4613 1.0000
vt 0.000 0.000
vt 0.000 1.0000
vt 4.4430 0.000
vt 4.4430 1.0000
vt 4.5430 0.000
vt 4.5430 1.0000
vt 8.9859 0.000
vt 8.9859 1.0000
vt 0.000 0.000
vt 0.000 1.0000
vt 1.8096 0.000
vt 1.8096 1.0000
vt 1.9096 0.000
vt 1.9096 1.0000
vt 3.7192 0.000
vt 3.7192 1.0000
vt 0.000 0.000
vt 0.000 1.0000
vt 0.6333 0.000
vt 0.6333 1.0000
vt 0.7333 0.000
vt 0.7333 1.0000
vt 1.3667 0.000
vt 1.3667 1.0000
vt 0.000 0.000
vt 0.000 1.0000
vt 0.4054 0.000
vt 0.4054 1.0000
vt 0.5054 0.000
vt 0.5054 1.0000
vt 0.9109 0.000
vt 0.9109 1.0000
vt 0.000 0.000
vt 0.000 1.0000
vt 0.5580 0.000
vt 0.5580 1.0000
vt 0.6580 0.000
vt 0.6580 1.0000
vt 1.2159 0.000
vt 1.2159 1.0000
vt 0.000 0.000
vt 0.000 1.0000
vt 0.4124 0.000
vt 0.4124 1.0000
vt 0.5124 0.000
vt 0.5124 1.0000
vt 0.9248 0.000
vt 0.9248 1.0000
vt 0.000 0.000
vt 0.000 1.0000
vt 0.2822 0.000
vt 0.2822 1.0000
vt 0.3822 0.000
vt 0.3822 1.0000
vt 0.6645 0.000
vt 0.6645 1.0000
vt 0.000 0.000
vt 0.000 1.0000
vt 0.5385 0.000
vt 0.5385 1.0000
vt 0.6385 0.000
vt 0.6385 1.0000
vt 1.1770 0.000
vt 1.1770 1.0000
vt 0.000 0.000
vt 0.000 1.0000
vt 0.2678 0.000
vt 0.2678 1.0000
vt 0.3678 0.000
vt 0.3678 1.0000
vt 0.6357 0.000
vt 0.6357 1.0000
vt 0.000 0.000
vt 0.000 1.0000
vt 0.5416 0.000
vt 0.5416 1.0000
vt 0.6416 0.000
vt 0.6416 1.0000
vt 1.1831 0.000
vt 1.1831 1.0000
vt 0.000 0.000
vt 0.000 1.0000
vt 0.2651 0.000
vt 0.2651 1.0000
vt 0.3651 0.000
vt 0.3651 1.0000
vt 0.6303 0.000
vt 0.6303 1.0000
vt 0.000 0.000
vt 0.000 1.0000
vt 0.5090 0.000
vt 0.5090 1.0000
vt 0.6090 0.000
vt 0.6090 1.0000
vt 1.1180 0.000
vt 1.1180 1.0000
vt 0.000 0.000
vt 0.000 1.0000
vt 0.2386 0.000
vt 0.2386 1.0000
vt 0.3386 0.000
vt 0.3386 1.0000
vt 0.5771 0.000
vt 0.5771 1.0000
vt 0.000 0.000
vt 0.000 1.0000
vt 0.5097 0.000
vt 0.5097 1.0000
vt 0.6097 0.000
vt 0.6097 1.0000
vt 1.1194 0.000
vt 1.1194 1.0000
vt 0.000 0.000
vt 0.000 1.0000
vt 3.1564 0.000
vt 3.1564 1.0000
vt 3.2564 0.000
vt 3.2564 1.0000
vt 6.4127 0.000
vt 6.4127 1.0000
vt 0.000 0.000
vt 0.000 1.0000
vt 8.3114 0.000
vt 8.3114 1.0000
vt 8.4114 0.000
vt 8.4114 1.0000
vt 16.7228 0.000
vt 16.7228 1.0000
vt 0.000 0.000
vt 0.000 1.0000
vt 8.7770 0.000
vt 8.7770 1.0000
vt 8.8770 0.000
vt 8.8770 1.0000
vt 17.6540 0.000
vt 17.6540 1.0000
vt 0.000 0.000
vt 0.000 1.0000
vt 3.4482 0.000
vt 3.4482 1.0000
vt 3.5482 0.000
vt 3.5482 1.0000
vt 6.9964 0.000
vt 6.9964 1.0000
vt 0.000 0.000
vt 0.000 1.0000
vt 43.1669 0.000
vt 43.1669 1.0000
vt 43.2669 0.000
vt 43.2669 1.0000
vt 86.4337 0.000
vt 86.4337 1.0000
vt 0.000 0.000
vt 0.000 1.0000
vt 5.1056 0.000
vt 5.1056 1.0000
vt 5.2056 0.000
vt 5.2056 1.0000
vt 10.3112 0.000
vt 10.3112 1.0000
vt 0.000 0.000
vt 0.000 1.0000
vt 3.8297 0.000
vt 3.8297 1.0000
vt 3.9297 0.000
vt 3.9297 1.0000
vt 7.7594 0.000
vt 7.7594 1.0000
vt 0.000 0.000
vt 0.000 1.0000
vt 4.6765 0.000
vt 4.6765 1.0000
vt 4.7765 0.000
vt 4.7765 1.0000
vt 9.4530 0.000
vt 9.4530 1.0000
vt 0.000 0.000
vt 0.000 1.0000
vt 4.1918 0.000
vt 4.1918 1.0000
vt 4.2918 0.000
vt 4.2918 1.0000
vt 8.4835 0.000
vt 8.4835 1.0000
vt 0.000 0.000
vt 0.000 1.0000
vt 0.4486 0.000
vt 0.4486 1.0000
vt 0.5486 0.000
vt 0.5486 1.0000
vt 0.9972 0.000
vt 0.9972 1.0000
vt 0.000 0.000
vt 0.000 1.0000
vt 3.6371 0.000
vt 3.6371 1.0000
vt 3.7371 0.000
vt 3.7371 1.0000
vt 7.3743 0.000
vt 7.3743 1.0000
vt 0.000 0.000
vt 0.000 1.0000
vt 3.6937 0.000
vt 3.6937 1.0000
vt 3.7937 0.000
vt 3.7937 1.0000
vt 7.4875 0.000
vt 7.4875 1.0000
vt 0.000 0.000
vt 0.000 1.0000
vt 3.7098 0.000
vt 3.7098 1.0000
vt 3.8098 0.000
vt 3.8098 1.0000
vt 7.5196 0.000
vt 7.5196 1.0000
vt 0.000 0.000
vt 0.000 1.0000
vt 0.6361 0.000
vt 0.6361 1.0000
vt 0.7361 0.000
vt 0.7361 1.0000
vt 1.3722 0.000
vt 1.3722 1.0000
vt 0.000 0.000
vt 0.000 1.0000
vt 1.2298 0.000
vt 1.2298 1.0000
vt 1.3298 0.000
vt 1.3298 1.0000
vt 2.5596 0.000
vt 2.5596 1.0000
vt 0.000 0.000
vt 0.000 1.0000
vt 1.6963 0.000
vt 1.6963 1.0000
vt 1.7963 0.000
vt 1.7963 1.0000
vt 3.4926 0.000
vt 3.4926 1.0000
vt 0.000 0.000
vt 0.000 1.0000
vt 4.1983 0.000
vt 4.1983 1.0000
vt 4.2983 0.000
vt 4.2983 1.0000
vt 8.4966 0.000
vt 8.4966 1.0000
vt 0.000 0.000
vt 0.000 1.0000
vt 1.7387 0.000
vt 1.7387 1.0000
vt 1.8387 0.000
vt 1.8387 1.0000
vt 3.5774 0.000
vt 3.5774 1.0000
vt 0.000 0.000
vt 0.000 1.0000
vt 1.1662 0.000
vt 1.1662 1.0000
vt 1.2662 0.000
vt 1.2662 1.0000
vt 2.4324 0.000
vt 2.4324 1.0000
vt 0.000 0.000
vt 0.000 1.0000
vt 1.4843 0.000
vt 1.4843 1.0000
vt 1.5843 0.000
vt 1.5843 1.0000
vt 3.0686 0.000
vt 3.0686 1.0000
vt 0.000 0.000
vt 0.000 1.0000
vt 0.9966 0.000
vt 0.9966 1.0000
vt 1.0966 0.000
vt 1.0966 1.0000
vt 2.0932 0.000
vt 2.0932 1.0000
vt 0.000 0.000
vt 0.000 1.0000
vt 1.5055 0.000
vt 1.5055 1.0000
vt 1.6055 0.000
vt 1.6055 1.0000
vt 3.1109 0.000
vt 3.1109 1.0000
vt 0.000 0.000
vt 0.000 1.0000
vt 2.7989 0.000
vt 2.7989 1.0000
vt 2.8989 0.000
vt 2.8989 1.0000
vt 5.6978 0.000
vt 5.6978 1.0000
vt 0.000 0.000
vt 0.000 1.0000
vt 1.5055 0.000
vt 1.5055 1.0000
vt 1.6055 0.000
vt 1.6055 1.0000
vt 3.1109 0.000
vt 3.1109 1.0000
vt 0.000 0.000
vt 0.000 1.0000
vt 0.2120 0.000
vt 0.2120 1.0000
vt 0.3120 0.000
vt 0.3120 1.0000
vt 0.5240 0.000
vt 0.5240 1.0000
vt 0.000 0.000
vt 0.000 1.0000
vt 7.8249 0.000
vt 7.8249 1.0000
vt 7.9249 0.000
vt 7.9249 1.0000
vt 15.7498 0.000
vt 15.7498 1.0000
vt 0.000 0.000
vt 0.000 1.0000
vt 0.8559 0.000
vt 0.8559 1.0000
vt 0.9559 0.000
vt 0.9559 1.0000
vt 1.8119 0.000
vt 1.8119 1.0000
vt 0.000 0.000
vt 0.000 1.0000
vt 3.3039 0.000
vt 3.3039 1.0000
vt 3.4039 0.000
vt 3.4039 1.0000
vt 6.7078 0.000
vt 6.7078 1.0000
vt 0.000 0.000
vt 0.000 1.0000
vt 0.5563 0.000
vt 0.5563 1.0000
vt 0.6563 0.000
vt 0.6563 1.0000
vt 1.2126 0.000
vt 1.2126 1.0000
vt 0.000 0.000
vt 0.000 1.0000
vt 9.8305 0.000
vt 9.8305 1.0000
vt 9.9305 0.000
vt 9.9305 1.0000
vt 19.7610 0.000
vt 19.7610 1.0000
vt 0.000 0.000
vt 0.000 1.0000
vt 1.7449 0.000
vt 1.7449 1.0000
vt 1.8449 0.000
vt 1.8449 1.0000
vt 3.5898 0.000
vt 3.5898 1.0000
vt 0.000 0.000
vt 0.000 1.0000
vt 0.5581 0.000
vt 0.5581 1.0000
vt 0.6581 0.000
vt 0.6581 1.0000
vt 1.2162 0.000
vt 1.2162 1.0000
vt 0.000 0.000
vt 0.000 1.0000
vt 0.2543 0.000
vt 0.2543 1.0000
vt 0.3543 0.000
vt 0.3543 1.0000
vt 0.6087 0.000
vt 0.6087 1.0000
vt 0.000 0.000
vt 0.000 1.0000
vt 24.3306 0.000
vt 24.3306 1.0000
vt 24.4306 0.000
vt 24.4306 1.0000
vt 48.7612 0.000
vt 48.7612 1.0000
vt 0.000 0.000
vt 0.000 1.0000
vt 9.1879 0.000
vt 9.1879 1.0000
vt 9.2879 0.000
vt 9.2879 1.0000
vt 18.4758 0.000
vt 18.4758 1.0000
vt 0.000 0.000
vt 0.000 1.0000
vt 9.1170 0.000
vt 9.1170 1.0000
vt 9.2170 0.000
vt 9.2170 1.0000
vt 18.3340 0.000
vt 18.3340 1.0000
vt 0.000 0.000
vt 0.000 1.0000
vt 9.1224 0.000
vt 9.1224 1.0000
vt 9.2224 0.000
vt 9.2224 1.0000
vt 18.3448 0.000
vt 18.3448 1.0000
vt 0.000 0.000
vt 0.000 1.0000
vt 6.8713 0.000
vt 6.8713 1.0000
vt 6.9713 0.000
vt 6.9713 1.0000
vt 13.8425 0.000
vt 13.8425 1.0000
vt 0.000 0.000
vt 0.000 1.0000
vt 0.8583 0.000
vt 0.8583 1.0000
vt 0.9583 0.000
vt 0.9583 1.0000
vt 1.8166 0.000
vt 1.8166 1.0000
vt 0.000 0.000
vt 0.000 1.0000
vt 3.1471 0.000
vt 3.1471 1.0000
vt 3.2471 0.000
vt 3.2471 1.0000
vt 6.3941 0.000
vt 6.3941 1.0000
vt 0.000 0.000
vt 0.000 1.0000
vt 0.1431 0.000
vt 0.1431 1.0000
vt 0.2431 0.000
vt 0.2431 1.0000
vt 0.3861 0.000
vt 0.3861 1.0000
vt 0.000 0.000
vt 0.000 1.0000
vt 0.3378 0.000
vt 0.3378 1.0000
vt 0.4378 0.000
vt 0.4378 1.0000
vt 0.7756 0.000
vt 0.7756 1.0000
vt 0.000 0.000
vt 0.000 1.0000
vt 1.6250 0.000
vt 1.6250 1.0000
vt 1.7250 0.000
vt 1.7250 1.0000
vt 3.3500 0.000
vt 3.3500 1.0000
vt 0.000 0.000
vt 0.000 1.0000
vt 3.5591 0.000
vt 3.5591 1.0000
vt 3.6591 0.000
vt 3.6591 1.0000
vt 7.2181 0.000
vt 7.2181 1.0000
vt 0.000 0.000
vt 0.000 1.0000
vt 1.8997 0.000
vt 1.8997 1.0000
vt 1.9997 0.000
vt 1.9997 1.0000
vt 3.8993 0.000
vt 3.8993 1.0000
vt 0.000 0.000
vt 0.000 1.0000
vt 0.5722 0.000
vt 0.5722 1.0000
vt 0.6722 0.000
vt 0.6722 1.0000
vt 1.2444 0.000
vt 1.2444 1.0000
vt 0.000 0.000
vt 0.000 1.0000
vt 1.4167 0.000
vt 1.4167 1.0000
vt 1.5167 0.000
vt 1.5167 1.0000
vt 2.9333 0.000
vt 2.9333 1.0000
vt 0.000 0.000
vt 0.000 1.0000
vt 0.7223 0.000
vt 0.7223 1.0000
vt 0.8223 0.000
vt 0.8223 1.0000
vt 1.5445 0.000
vt 1.5445 1.0000
vt 0.000 0.000
vt 0.000 1.0000
vt 1.3889 0.000
vt 1.3889 1.0000
vt 1.4889 0.000
vt 1.4889 1.0000
vt 2.8777 0.000
vt 2.8777 1.0000
vt 0.000 0.000
vt 0.000 1.0000
vt 0.4584 0.000
vt 0.4584 1.0000
vt 0.5584 0.000
vt 0.5584 1.0000
vt 1.0167 0.000
vt 1.0167 1.0000
vt 0.000 0.000
vt 0.000 1.0000
vt 2.5138 0.000
vt 2.5138 1.0000
vt 2.6138 0.000
vt 2.6138 1.0000
vt 5.1276 0.000
vt 5.1276 1.0000
vt 0.000 0.000
vt 0.000 1.0000
vt 1.2639 0.000
vt 1.2639 1.0000
vt 1.3639 0.000
vt 1.3639 1.0000
vt 2.6277 0.000
vt 2.6277 1.0000
vt 0.000 0.000
vt 0.000 1.0000
vt 0.7917 0.000
vt 0.7917 1.0000
vt 0.8917 0.000
vt 0.8917 1.0000
vt 1.6834 0.000
vt 1.6834 1.0000
vt 0.000 0.000
vt 0.000 1.0000
vt 0.5055 0.000
vt 0.5055 1.0000
vt 0.6055 0.000
vt 0.6055 1.0000
vt 1.1109 0.000
vt 1.1109 1.0000
vt 0.000 0.000
vt 0.000 1.0000
vt 3.2500 0.000
vt 3.2500 1.0000
vt 3.3500 0.000
vt 3.3500 1.0000
vt 6.6000 0.000
vt 6.6000 1.0000
vt 0.000 0.000
vt 0.000 1.0000
vt 38.5407 0.000
vt 38.5407 1.0000
vt 38.6407 0.000
vt 38.6407 1.0000
vt 77.1814 0.000
vt 77.1814 1.0000
vt 0.000 0.000
vt 0.000 1.0000
vt 4.8793 0.000
vt 4.8793 1.0000
vt 4.9793 0.000
vt 4.9793 1.0000
vt 9.8587 0.000
vt 9.8587 1.0000
vt 0.000 0.000
vt 0.000 1.0000
vt 2.1492 0.000
vt 2.1492 1.0000
vt 2.2492 0.000
vt 2.2492 1.0000
vt 4.3983 0.000
vt 4.3983 1.0000
vt 0.000 0.000
vt 0.000 1.0000
vt 0.7315 0.000
vt 0.7315 1.0000
vt 0.8315 0.000
vt 0.8315 1.0000
vt 1.5630 0.000
vt 1.5630 1.0000
vt 0.000 0.000
vt 0.000 1.0000
vt 5.1033 0.000
vt 5.1033 1.0000
vt 5.2033 0.000
vt 5.2033 1.0000
vt 10.3066 0.000
vt 10.3066 1.0000
vt 0.000 0.000
vt 0.000 1.0000
vt 38.1880 0.000
vt 38.1880 1.0000
vt 38.2880 0.000
vt 38.2880 1.0000
vt 76.4759 0.000
vt 76.4759 1.0000
vt 0.000 0.000
vt 0.000 1.0000
vt 0.3139 0.000
vt 0.3139 1.0000
vt 0.4139 0.000
vt 0.4139 1.0000
vt 0.7278 0.000
vt 0.7278 1.0000
vt 0.000 0.000
vt 0.000 1.0000
vt 2.1768 0.000
vt 2.1768 1.0000
vt 2.2768 0.000
vt 2.2768 1.0000
vt 4.4537 0.000
vt 4.4537 1.0000
vt 0.000 0.000
vt 0.000 1.0000
vt 0.7648 0.000
vt 0.7648 1.0000
vt 0.8648 0.000
vt 0.8648 1.0000
vt 1.6296 0.000
vt 1.6296 1.0000
vt 0.000 0.000
vt 0.000 1.0000
vt 4.4301 0.000
vt 4.4301 1.0000
vt 4.5301 0.000
vt 4.5301 1.0000
vt 8.9603 0.000
vt 8.9603 1.0000
vt 0.000 0.000
vt 0.000 1.0000
vt 4.1042 0.000
vt 4.1042 1.0000
vt 4.2042 0.000
vt 4.2042 1.0000
vt 8.3084 0.000
vt 8.3084 1.0000
vt 0.000 0.000
vt 0.000 1.0000
vt 5.0235 0.000
vt 5.0235 1.0000
vt 5.1235 0.000
vt 5.1235 1.0000
vt 10.1470 0.000
vt 10.1470 1.0000
vt 0.000 0.000
vt 0.000 1.0000
vt 4.8454 0.000
vt 4.8454 1.0000
vt 4.9454 0.000
vt 4.9454 1.0000
vt 9.7909 0.000
vt 9.7909 1.0000
vt 0.000 0.000
vt 0.000 1.0000
vt 4.8597 0.000
vt 4.8597 1.0000
vt 4.9597 0.000
vt 4.9597 1.0000
vt 9.8195 0.000
vt 9.8195 1.0000
vt 0.000 0.000
vt 0.000 1.0000
vt 4.9212 0.000
vt 4.9212 1.0000
vt 5.0212 0.000
vt 5.0212 1.0000
vt 9.9424 0.000
vt 9.9424 1.0000
vt 0.000 0.000
vt 0.000 1.0000
vt 5.1461 0.000
vt 5.1461 1.0000
vt 5.2461 0.000
vt 5.2461 1.0000
vt 10.3922 0.000
vt 10.3922 1.0000
vt 0.000 0.000
vt 0.000 1.0000
vt 5.1066 0.000
vt 5.1066 1.0000
vt 5.2066 0.000
vt 5.2066 1.0000
vt 10.3132 0.000
vt 10.3132 1.0000
vt 0.000 0.000
vt 0.000 1.0000
vt 5.1081 0.000
vt 5.1081 1.0000
vt 5.2081 0.000
vt 5.2081 1.0000
vt 10.3161 0.000
vt 10.3161 1.0000
vt 0.000 0.000
vt 0.000 1.0000
vt 2.2054 0.000
vt 2.2054 1.0000
vt 2.3054 0.000
vt 2.3054 1.0000
vt 4.5107 0.000
vt 4.5107 1.0000
vt 0.000 0.000
vt 0.000 1.0000
vt 0.6726 0.000
vt 0.6726 1.0000
vt 0.7726 0.000
vt 0.7726 1.0000
vt 1.4452 0.000
vt 1.4452 1.0000
vt 0.000 0.000
vt 0.000 1.0000
vt 4.7499 0.000
vt 4.7499 1.0000
vt 4.8499 0.000
vt 4.8499 1.0000
vt 9.5998 0.000
vt 9.5998 1.0000
vt 0.000 0.000
vt 0.000 1.0000
vt 2.1488 0.000
vt 2.1488 1.0000
vt 2.2488 0.000
vt 2.2488 1.0000
vt 4.3976 0.000
vt 4.3976 1.0000
vt 0.000 0.000
vt 0.000 1.0000
vt 4.8442 0.000
vt 4.8442 1.0000
vt 4.9442 0.000
vt 4.9442 1.0000
vt 9.7883 0.000
vt 9.7883 1.0000
vt 0.000 0.000
vt 0.000 1.0000
vt 4.8065 0.000
vt 4.8065 1.0000
vt 4.9065 0.000
vt 4.9065 1.0000
vt 9.7130 0.000
vt 9.7130 1.0000
vt 0.000 0.000
vt 0.000 1.0000
vt 0.6797 0.000
vt 0.6797 1.0000
vt 0.7797 0.000
vt 0.7797 1.0000
vt 1.4593 0.000
vt 1.4593 1.0000
vt 0.000 0.000
vt 0.000 1.0000
vt 5.0703 0.000
vt 5.0703 1.0000
vt 5.1703 0.000
vt 5.1703 1.0000
vt 10.2407 0.000
vt 10.2407 1.0000
vt 0.000 0.000
vt 0.000 1.0000
vt 0.7540 0.000
vt 0.7540 1.0000
vt 0.8540 0.000
vt 0.8540 1.0000
vt 1.6079 0.000
vt 1.6079 1.0000
vt 0.000 0.000
vt 0.000 1.0000
vt 5.0704 0.000
vt 5.0704 1.0000
vt 5.1704 0.000
vt 5.1704 1.0000
vt 10.2407 0.000
vt 10.2407 1.0000
vt 0.000 0.000
vt 0.000 1.0000
vt 4.5614 0.000
vt 4.5614 1.0000
vt 4.6614 0.000
vt 4.6614 1.0000
vt 9.2229 0.000
vt 9.2229 1.0000
vt 0.000 0.000
vt 0.000 1.0000
vt 4.9950 0.000
vt 4.9950 1.0000
vt 5.0950 0.000
vt 5.0950 1.0000
vt 10.0899 0.000
vt 10.0899 1.0000
vt 0.000 0.000
vt 0.000 1.0000
vt 2.2619 0.000
vt 2.2619 1.0000
vt 2.3619 0.000
vt 2.3619 1.0000
vt 4.6238 0.000
vt 4.6238 1.0000
vt 0.000 0.000
vt 0.000 1.0000
vt 4.8630 0.000
vt 4.8630 1.0000
vt 4.9630 0.000
vt 4.9630 1.0000
vt 9.8260 0.000
vt 9.8260 1.0000
vt 0.000 0.000
vt 0.000 1.0000
vt 2.1864 0.000
vt 2.1864 1.0000
vt 2.2864 0.000
vt 2.2864 1.0000
vt 4.4729 0.000
vt 4.4729 1.0000
vt 0.000 0.000
vt 0.000 1.0000
vt 4.8630 0.000
vt 4.8630 1.0000
vt 4.9630 0.000
vt 4.9630 1.0000
vt 9.8260 0.000
vt 9.8260 1.0000
vt 0.000 0.000
vt 0.000 1.0000
vt 0.7163 0.000
vt 0.7163 1.0000
vt 0.8163 0.000
vt 0.8163 1.0000
vt 1.5325 0.000
vt 1.5325 1.0000
vt 0.000 0.000
vt 0.000 1.0000
vt 4.8819 0.000
vt 4.8819 1.0000
vt 4.9819 0.000
vt 4.9819 1.0000
vt 9.8637 0.000
vt 9.8637 1.0000
vt 0.000 0.000
vt 0.000 1.0000
vt 4.3918 0.000
vt 4.3918 1.0000
vt 4.4918 0.000
vt 4.4918 1.0000
vt 8.8836 0.000
vt 8.8836 1.0000
vt 0.000 0.000
vt 0.000 1.0000
vt 5.0515 0.000
vt 5.0515 1.0000
vt 5.1515 0.000
vt 5.1515 1.0000
vt 10.2030 0.000
vt 10.2030 1.0000
vt 0.000 0.000
vt 0.000 1.0000
vt 0.7556 0.000
vt 0.7556 1.0000
vt 0.8556 0.000
vt 0.8556 1.0000
vt 1.6111 0.000
vt 1.6111 1.0000
vt 0.000 0.000
vt 0.000 1.0000
vt 5.0579 0.000
vt 5.0579 1.0000
vt 5.1579 0.000
vt 5.1579 1.0000
vt 10.2158 0.000
vt 10.2158 1.0000
vt 0.000 0.000
vt 0.000 1.0000
vt 4.4152 0.000
vt 4.4152 1.0000
vt 4.5152 0.000
vt 4.5152 1.0000
vt 8.9303 0.000
vt 8.9303 1.0000
vt 0.000 0.000
vt 0.000 1.0000
vt 5.0297 0.000
vt 5.0297 1.0000
vt 5.1297 0.000
vt 5.1297 1.0000
vt 10.1594 0.000
vt 10.1594 1.0000
vt 0.000 0.000
vt 0.000 1.0000
vt 0.7439 0.000
vt 0.7439 1.0000
vt 0.8439 0.000
vt 0.8439 1.0000
vt 1.5879 0.000
vt 1.5879 1.0000
vt 0.000 0.000
vt 0.000 1.0000
vt 5.0783 0.000
vt 5.0783 1.0000
vt 5.1783 0.000
vt 5.1783 1.0000
vt 10.2566 0.000
vt 10.2566 1.0000
vt 0.000 0.000
vt 0.000 1.0000
vt 4.7872 0.000
vt 4.7872 1.0000
vt 4.8872 0.000
vt 4.8872 1.0000
vt 9.6744 0.000
vt 9.6744 1.0000
vt 0.000 0.000
vt 0.000 1.0000
vt 0.7601 0.000
vt 0.7601 1.0000
vt 0.8601 0.000
vt 0.8601 1.0000
vt 1.6203 0.000
vt 1.6203 1.0000
vt 0.000 0.000
vt 0.000 1.0000
vt 4.9004 0.000
vt 4.9004 1.0000
vt 5.0004 0.000
vt 5.0004 1.0000
vt 9.9007 0.000
vt 9.9007 1.0000
vt 0.000 0.000
vt 0.000 1.0000
vt 2.3451 0.000
vt 2.3451 1.0000
vt 2.4451 0.000
vt 2.4451 1.0000
vt 4.7902 0.000
vt 4.7902 1.0000
vt 0.000 0.000
vt 0.000 1.0000
vt 4.8680 0.000
vt 4.8680 1.0000
vt 4.9680 0.000
vt 4.9680 1.0000
vt 9.8361 0.000
vt 9.8361 1.0000
vt 0.000 0.000
vt 0.000 1.0000
vt 2.1348 0.000
vt 2.1348 1.0000
vt 2.2348 0.000
vt 2.2348 1.0000
vt 4.3696 0.000
vt 4.3696 1.0000
vt 0.000 0.000
vt 0.000 1.0000
vt 4.8842 0.000
vt 4.8842 1.0000
vt 4.9842 0.000
vt 4.9842 1.0000
vt 9.8683 0.000
vt 9.8683 1.0000
vt 0.000 0.000
vt 0.000 1.0000
vt 0.6793 0.000
vt 0.6793 1.0000
vt 0.7793 0.000
vt 0.7793 1.0000
vt 1.4586 0.000
vt 1.4586 1.0000
vt 0.000 0.000
vt 0.000 1.0000
vt 4.9327 0.000
vt 4.9327 1.0000
vt 5.0327 0.000
vt 5.0327 1.0000
vt 9.9654 0.000
vt 9.9654 1.0000
vt 0.000 0.000
vt 0.000 1.0000
vt 5.0200 0.000
vt 5.0200 1.0000
vt 5.1200 0.000
vt 5.1200 1.0000
vt 10.1400 0.000
vt 10.1400 1.0000
vt 0.000 0.000
vt 0.000 1.0000
vt 2.1998 0.000
vt 2.1998 1.0000
vt 2.2998 0.000
vt 2.2998 1.0000
vt 4.4996 0.000
vt 4.4996 1.0000
vt 0.000 0.000
vt 0.000 1.0000
vt 4.4249 0.000
vt 4.4249 1.0000
vt 4.5249 0.000
vt 4.5249 1.0000
vt 8.9497 0.000
vt 8.9497 1.0000
vt 0.000 0.000
vt 0.000 1.0000
vt 5.1106 0.000
vt 5.1106 1.0000
vt 5.2106 0.000
vt 5.2106 1.0000
vt 10.3211 0.000
vt 10.3211 1.0000
vt 0.000 0.000
vt 0.000 1.0000
vt 0.7504 0.000
vt 0.7504 1.0000
vt 0.8504 0.000
vt 0.8504 1.0000
vt 1.6008 0.000
vt 1.6008 1.0000
vt 0.000 0.000
vt 0.000 1.0000
vt 5.0589 0.000
vt 5.0589 1.0000
vt 5.1589 0.000
vt 5.1589 1.0000
vt 10.2177 0.000
vt 10.2177 1.0000
vt 0.000 0.000
vt 0.000 1.0000
vt 1.4648 0.000
vt 1.4648 1.0000
vt 1.5648 0.000
vt 1.5648 1.0000
vt 3.0295 0.000
vt 3.0295 1.0000
vt 0.000 0.000
vt 0.000 1.0000
vt 1.4069 0.000
vt 1.4069 1.0000
vt 1.5069 0.000
vt 1.5069 1.0000
vt 2.9139 0.000
vt 2.9139 1.0000
vt 0.000 0.000
vt 0.000 1.0000
vt 0.2713 0.000
vt 0.2713 1.0000
vt 0.3713 0.000
vt 0.3713 1.0000
vt 0.6426 0.000
vt 0.6426 1.0000
vt 0.000 0.000
vt 0.000 1.0000
vt 1.4270 0.000
vt 1.4270 1.0000
vt 1.5270 0.000
vt 1.5270 1.0000
vt 2.9541 0.000
vt 2.9541 1.0000
vt 0.000 0.000
vt 0.000 1.0000
vt 0.8944 0.000
vt 0.8944 1.0000
vt 0.9944 0.000
vt 0.9944 1.0000
vt 1.8888 0.000
vt 1.8888 1.0000
vt 0.000 0.000
vt 0.000 1.0000
vt 0.7537 0.000
vt 0.7537 1.0000
vt 0.8537 0.000
vt 0.8537 1.0000
vt 1.6073 0.000
vt 1.6073 1.0000
vt 0.000 0.000
vt 0.000 1.0000
vt 2.1405 0.000
vt 2.1405 1.0000
vt 2.2405 0.000
vt 2.2405 1.0000
vt 4.3810 0.000
vt 4.3810 1.0000
vt 0.000 0.000
vt 0.000 1.0000
vt 25.6229 0.000
vt 25.6229 1.0000
vt 25.7229 0.000
vt 25.7229 1.0000
vt 51.3459 0.000
vt 51.3459 1.0000
vt 0.000 0.000
vt 0.000 1.0000
vt 1.0852 0.000
vt 1.0852 1.0000
vt 1.1852 0.000
vt 1.1852 1.0000
vt 2.2704 0.000
vt 2.2704 1.0000
vt 0.000 0.000
vt 0.000 1.0000
vt 2.8280 0.000
vt 2.8280 1.0000
vt 2.9280 0.000
vt 2.9280 1.0000
vt 5.7561 0.000
vt 5.7561 1.0000
vt 0.000 0.000
vt 0.000 1.0000
vt 52.9729 0.000
vt 52.9729 1.0000
vt 53.0729 0.000
vt 53.0729 1.0000
vt 106.0458 0.000
vt 106.0458 1.0000
vt 0.000 0.000
vt 0.000 1.0000
vt 66.2906 0.000
vt 66.2906 1.0000
vt 66.3906 0.000
vt 66.3906 1.0000
vt 132.6812 0.000
vt 132.6812 1.0000
vt 0.000 0.000
vt 0.000 1.0000
vt 0.6854 0.000
vt 0.6854 1.0000
vt 0.7854 0.000
vt 0.7854 1.0000
vt 1.4707 0.000
vt 1.4707 1.0000
vt 0.000 0.000
vt 0.000 1.0000
vt 11.8215 0.000
vt 11.8215 1.0000
vt 11.9215 0.000
vt 11.9215 1.0000
vt 23.7429 0.000
vt 23.7429 1.0000
vt 0.000 0.000
vt 0.000 1.0000
vt 5.9328 0.000
vt 5.9328 1.0000
vt 6.0328 0.000
vt 6.0328 1.0000
vt 11.9656 0.000
vt 11.9656 1.0000
vt 0.000 0.000
vt 0.000 1.0000
vt 3.3179 0.000
vt 3.3179 1.0000
vt 3.4179 0.000
vt 3.4179 1.0000
vt 6.7358 0.000
vt 6.7358 1.0000
vt 0.000 0.000
vt 0.000 1.0000
vt 3.3685 0.000
vt 3.3685 1.0000
vt 3.4685 0.000
vt 3.4685 1.0000
vt 6.8370 0.000
vt 6.8370 1.0000
vt 0.000 0.000
vt 0.000 1.0000
vt 0.5058 0.000
vt 0.5058 1.0000
vt 0.6058 0.000
vt 0.6058 1.0000
vt 1.1116 0.000
vt 1.1116 1.0000
vt 0.000 0.000
vt 0.000 1.0000
vt 0.5563 0.000
vt 0.5563 1.0000
vt 0.6563 0.000
vt 0.6563 1.0000
vt 1.2126 0.000
vt 1.2126 1.0000
vt 0.000 0.000
vt 0.000 1.0000
vt 3.2369 0.000
vt 3.2369 1.0000
vt 3.3369 0.000
vt 3.3369 1.0000
vt 6.5739 0.000
vt 6.5739 1.0000
vt 0.000 0.000
vt 0.000 1.0000
vt 0.1821 0.000
vt 0.1821 1.0000
vt 0.2821 0.000
vt 0.2821 1.0000
vt 0.4641 0.000
vt 0.4641 1.0000
vt 0.000 0.000
vt 0.000 1.0000
vt 1.5982 0.000
vt 1.5982 1.0000
vt 1.6982 0.000
vt 1.6982 1.0000
vt 3.2964 0.000
vt 3.2964 1.0000
vt 0.000 0.000
vt 0.000 1.0000
vt 0.6031 0.000
vt 0.6031 1.0000
vt 0.7031 0.000
vt 0.7031 1.0000
vt 1.3062 0.000
vt 1.3062 1.0000
vt 0.000 0.000
vt 0.000 1.0000
vt 11.4153 0.000
vt 11.4153 1.0000
vt 11.5153 0.000
vt 11.5153 1.0000
vt 22.9306 0.000
vt 22.9306 1.0000
vt 0.000 0.000
vt 0.000 1.0000
vt 0.4645 0.000
vt 0.4645 1.0000
vt 0.5645 0.000
vt 0.5645 1.0000
vt 1.0291 0.000
vt 1.0291 1.0000
vt 0.000 0.000
vt 0.000 1.0000
vt 1.7890 0.000
vt 1.7890 1.0000
vt 1.8890 0.000
vt 1.8890 1.0000
vt 3.6780 0.000
vt 3.6780 1.0000
vt 0.000 0.000
vt 0.000 1.0000
vt 8.3414 0.000
vt 8.3414 1.0000
vt 8.4414 0.000
vt 8.4414 1.0000
vt 16.7828 0.000
vt 16.7828 1.0000
vt 0.000 0.000
vt 0.000 1.0000
vt 0.9618 0.000
vt 0.9618 1.0000
vt 1.0618 0.000
vt 1.0618 1.0000
vt 2.0236 0.000
vt 2.0236 1.0000
vt 0.000 0.000
vt 0.000 1.0000
vt 4.6006 0.000
vt 4.6006 1.0000
vt 4.7006 0.000
vt 4.7006 1.0000
vt 9.3013 0.000
vt 9.3013 1.0000
vt 0.000 0.000
vt 0.000 1.0000
vt 6.6253 0.000
vt 6.6253 1.0000
vt 6.7253 0.000
vt 6.7253 1.0000
vt 13.3505 0.000
vt 13.3505 1.0000
vt 0.000 0.000
vt 0.000 1.0000
vt 46.9232 0.000
vt 46.9232 1.0000
vt 47.0232 0.000
vt 47.0232 1.0000
vt 93.9464 0.000
vt 93.9464 1.0000
vt 0.000 0.000
vt 0.000 1.0000
vt 4.0559 0.000
vt 4.0559 1.0000
vt 4.1559 0.000
vt 4.1559 1.0000
vt 8.2118 0.000
vt 8.2118 1.0000
vt 0.000 0.000
vt 0.000 1.0000
vt 4.0797 0.000
vt 4.0797 1.0000
vt 4.1797 0.000
vt 4.1797 1.0000
vt 8.2593 0.000
vt 8.2593 1.0000
vt 0.000 0.000
vt 0.000 1.0000
vt 7.1598 0.000
vt 7.1598 1.0000
vt 7.2598 0.000
vt 7.2598 1.0000
vt 14.4195 0.000
vt 14.4195 1.0000
vt 0.000 0.000
vt 0.000 1.0000
vt 0.8228 0.000
vt 0.8228 1.0000
vt 0.9228 0.000
vt 0.9228 1.0000
vt 1.7456 0.000
vt 1.7456 1.0000
vt 0.000 0.000
vt 0.000 1.0000
vt 1.0682 0.000
vt 1.0682 1.0000
vt 1.1682 0.000
vt 1.1682 1.0000
vt 2.2363 0.000
vt 2.2363 1.0000
vt 0.000 0.000
vt 0.000 1.0000
vt 0.9527 0.000
vt 0.9527 1.0000
vt 1.0527 0.000
vt 1.0527 1.0000
vt 2.0054 0.000
vt 2.0054 1.0000
vt 0.000 0.000
vt 0.000 1.0000
vt 3.7999 0.000
vt 3.7999 1.0000
vt 3.8999 0.000
vt 3.8999 1.0000
vt 7.6997 0.000
vt 7.6997 1.0000
vt 0.000 0.000
vt 0.000 1.0000
vt 4.3298 0.000
vt 4.3298 1.0000
vt 4.4298 0.000
vt 4.4298 1.0000
vt 8.7596 0.000
vt 8.7596 1.0000
vt 0.000 0.000
vt 0.000 1.0000
vt 1.3713 0.000
vt 1.3713 1.0000
vt 1.4713 0.000
vt 1.4713 1.0000
vt 2.8427 0.000
vt 2.8427 1.0000
vt 0.000 0.000
vt 0.000 1.0000
vt 1.2992 0.000
vt 1.2992 1.0000
vt 1.3992 0.000
vt 1.3992 1.0000
vt 2.6983 0.000
vt 2.6983 1.0000
vt 0.000 0.000
vt 0.000 1.0000
vt 1.2270 0.000
vt 1.2270 1.0000
vt 1.3270 0.000
vt 1.3270 1.0000
vt 2.5539 0.000
vt 2.5539 1.0000
vt 0.000 0.000
vt 0.000 1.0000
vt 1.0971 0.000
vt 1.0971 1.0000
vt 1.1971 0.000
vt 1.1971 1.0000
vt 2.2941 0.000
vt 2.2941 1.0000
vt 0.000 0.000
vt 0.000 1.0000
vt 1.2847 0.000
vt 1.2847 1.0000
vt 1.3847 0.000
vt 1.3847 1.0000
vt 2.6695 0.000
vt 2.6695 1.0000
vt 0.000 0.000
vt 0.000 1.0000
vt 4.2727 0.000
vt 4.2727 1.0000
vt 4.3727 0.000
vt 4.3727 1.0000
vt 8.6455 0.000
vt 8.6455 1.0000
vt 0.000 0.000
vt 0.000 1.0000
vt 4.2439 0.000
vt 4.2439 1.0000
vt 4.3439 0.000
vt 4.3439 1.0000
vt 8.5878 0.000
vt 8.5878 1.0000
vt 0.000 0.000
vt 0.000 1.0000
vt 4.2439 0.000
vt 4.2439 1.0000
vt 4.3439 0.000
vt 4.3439 1.0000
vt 8.5878 0.000
vt 8.5878 1.0000
vt 0.000 0.000
vt 0.000 1.0000
vt 0.9443 0.000
vt 0.9443 1.0000
vt 1.0443 0.000
vt 1.0443 1.0000
vt 1.9886 0.000
vt 1.9886 1.0000
vt 0.000 0.000
vt 0.000 1.0000
vt 4.3291 0.000
vt 4.3291 1.0000
vt 4.4291 0.000
vt 4.4291 1.0000
vt 8.7582 0.000
vt 8.7582 1.0000
vt 0.000 0.000
vt 0.000 1.0000
vt 3.0545 0.000
vt 3.0545 1.0000
vt 3.1545 0.000
vt 3.1545 1.0000
vt 6.2090 0.000
vt 6.2090 1.0000
vt 0.000 0.000
vt 0.000 1.0000
vt 5.8227 0.000
vt 5.8227 1.0000
vt 5.9227 0.000
vt 5.9227 1.0000
vt 11.7453 0.000
vt 11.7453 1.0000
vt 0.000 0.000
vt 0.000 1.0000
vt 0.5114 0.000
vt 0.5114 1.0000
vt 0.6114 0.000
vt 0.6114 1.0000
vt 1.1229 0.000
vt 1.1229 1.0000
vt 0.000 0.000
vt 0.000 1.0000
vt 0.5326 0.000
vt 0.5326 1.0000
vt 0.6326 0.000
vt 0.6326 1.0000
vt 1.1653 0.000
vt 1.1653 1.0000
vt 0.000 0.000
vt 0.000 1.0000
vt 1.5972 0.000
vt 1.5972 1.0000
vt 1.6972 0.000
vt 1.6972 1.0000
vt 3.2944 0.000
vt 3.2944 1.0000
vt 0.000 0.000
vt 0.000 1.0000
vt 0.2807 0.000
vt 0.2807 1.0000
vt 0.3807 0.000
vt 0.3807 1.0000
vt 0.6613 0.000
vt 0.6613 1.0000
vt 0.000 0.000
vt 0.000 1.0000
vt 5.0058 0.000
vt 5.0058 1.0000
vt 5.1058 0.000
vt 5.1058 1.0000
vt 10.1117 0.000
vt 10.1117 1.0000
vt 0.000 0.000
vt 0.000 1.0000
vt 1.1611 0.000
vt 1.1611 1.0000
vt 1.2611 0.000
vt 1.2611 1.0000
vt 2.4223 0.000
vt 2.4223 1.0000
vt 0.000 0.000
vt 0.000 1.0000
vt 2.2449 0.000
vt 2.2449 1.0000
vt 2.3449 0.000
vt 2.3449 1.0000
vt 4.5898 0.000
vt 4.5898 1.0000
vt 0.000 0.000
vt 0.000 1.0000
vt 2.5288 0.000
vt 2.5288 1.0000
vt 2.6288 0.000
vt 2.6288 1.0000
vt 5.1575 0.000
vt 5.1575 1.0000
vt 0.000 0.000
vt 0.000 1.0000
vt 2.1417 0.000
vt 2.1417 1.0000
vt 2.2417 0.000
vt 2.2417 1.0000
vt 4.3834 0.000
vt 4.3834 1.0000
vt 0.000 0.000
vt 0.000 1.0000
vt 2.9158 0.000
vt 2.9158 1.0000
vt 3.0158 0.000
vt 3.0158 1.0000
vt 5.9316 0.000
vt 5.9316 1.0000
vt 0.000 0.000
vt 0.000 1.0000
vt 9.6254 0.000
vt 9.6254 1.0000
vt 9.7254 0.000
vt 9.7254 1.0000
vt 19.3508 0.000
vt 19.3508 1.0000
vt 0.000 0.000
vt 0.000 1.0000
vt 5.4264 0.000
vt 5.4264 1.0000
vt 5.5264 0.000
vt 5.5264 1.0000
vt 10.9528 0.000
vt 10.9528 1.0000
vt 0.000 0.000
vt 0.000 1.0000
vt 1.3228 0.000
vt 1.3228 1.0000
vt 1.4228 0.000
vt 1.4228 1.0000
vt 2.7456 0.000
vt 2.7456 1.0000
vt 0.000 0.000
vt 0.000 1.0000
vt 4.0735 0.000
vt 4.0735 1.0000
vt 4.1735 0.000
vt 4.1735 1.0000
vt 8.2471 0.000
vt 8.2471 1.0000
vt 0.000 0.000
vt 0.000 1.0000
vt 0.7215 0.000
vt 0.7215 1.0000
vt 0.8215 0.000
vt 0.8215 1.0000
vt 1.5430 0.000
vt 1.5430 1.0000
vt 0.000 0.000
vt 0.000 1.0000
vt 0.9470 0.000
vt 0.9470 1.0000
vt 1.0470 0.000
vt 1.0470 1.0000
vt 1.9940 0.000
vt 1.9940 1.0000
vt 0.000 0.000
vt 0.000 1.0000
vt 1.3317 0.000
vt 1.3317 1.0000
vt 1.4317 0.000
vt 1.4317 1.0000
vt 2.7634 0.000
vt 2.7634 1.0000
vt 0.000 0.000
vt 0.000 1.0000
vt 4.0681 0.000
vt 4.0681 1.0000
vt 4.1681 0.000
vt 4.1681 1.0000
vt 8.2362 0.000
vt 8.2362 1.0000
vt 0.000 0.000
vt 0.000 1.0000
vt 0.5473 0.000
vt 0.5473 1.0000
vt 0.6473 0.000
vt 0.6473 1.0000
vt 1.1945 0.000
vt 1.1945 1.0000
vt 0.000 0.000
vt 0.000 1.0000
vt 0.8209 0.000
vt 0.8209 1.0000
vt 0.9209 0.000
vt 0.9209 1.0000
vt 1.7418 0.000
vt 1.7418 1.0000
vt 0.000 0.000
vt 0.000 1.0000
vt 9.8707 0.000
vt 9.8707 1.0000
vt 9.9707 0.000
vt 9.9707 1.0000
vt 19.8414 0.000
vt 19.8414 1.0000
vt 0.000 0.000
vt 0.000 1.0000
vt 3.4854 0.000
vt 3.4854 1.0000
vt 3.5854 0.000
vt 3.5854 1.0000
vt 7.0708 0.000
vt 7.0708 1.0000
vt 0.000 0.000
vt 0.000 1.0000
vt 2.9999 0.000
vt 2.9999 1.0000
vt 3.0999 0.000
vt 3.0999 1.0000
vt 6.0998 0.000
vt 6.0998 1.0000
vt 0.000 0.000
vt 0.000 1.0000
vt 2.9336 0.000
vt 2.9336 1.0000
vt 3.0336 0.000
vt 3.0336 1.0000
vt 5.9673 0.000
vt 5.9673 1.0000
vt 0.000 0.000
vt 0.000 1.0000
vt 4.6914 0.000
vt 4.6914 1.0000
vt 4.7914 0.000
vt 4.7914 1.0000
vt 9.4828 0.000
vt 9.4828 1.0000
vt 0.000 0.000
vt 0.000 1.0000
vt 3.2647 0.000
vt 3.2647 1.0000
vt 3.3647 0.000
vt 3.3647 1.0000
vt 6.6294 0.000
vt 6.6294 1.0000
vt 0.000 0.000
vt 0.000 1.0000
vt 1.7729 0.000
vt 1.7729 1.0000
vt 1.8729 0.000
vt 1.8729 1.0000
vt 3.6458 0.000
vt 3.6458 1.0000
vt 0.000 0.000
vt 0.000 1.0000
vt 0.5562 0.000
vt 0.5562 1.0000
vt 0.6562 0.000
vt 0.6562 1.0000
vt 1.2124 0.000
vt 1.2124 1.0000
vt 0.000 0.000
vt 0.000 1.0000
vt 4.2223 0.000
vt 4.2223 1.0000
vt 4.3223 0.000
vt 4.3223 1.0000
vt 8.5445 0.000
vt 8.5445 1.0000
vt 0.000 0.000
vt 0.000 1.0000
vt 3.6637 0.000
vt 3.6637 1.0000
vt 3.7637 0.000
vt 3.7637 1.0000
vt 7.4274 0.000
vt 7.4274 1.0000
vt 0.000 0.000
vt 0.000 1.0000
vt 9.6247 0.000
vt 9.6247 1.0000
vt 9.7247 0.000
vt 9.7247 1.0000
vt 19.3494 0.000
vt 19.3494 1.0000
vt 0.000 0.000
vt 0.000 1.0000
vt 4.7398 0.000
vt 4.7398 1.0000
vt 4.8398 0.000
vt 4.8398 1.0000
vt 9.5796 0.000
vt 9.5796 1.0000
vt 0.000 0.000
vt 0.000 1.0000
vt 3.2768 0.000
vt 3.2768 1.0000
vt 3.3768 0.000
vt 3.3768 1.0000
vt 6.6535 0.000
vt 6.6535 1.0000
vt 0.000 0.000
vt 0.000 1.0000
vt 1.1003 0.000
vt 1.1003 1.0000
vt 1.2003 0.000
vt 1.2003 1.0000
vt 2.3006 0.000
vt 2.3006 1.0000
vt 0.000 0.000
vt 0.000 1.0000
vt 3.7604 0.000
vt 3.7604 1.0000
vt 3.8604 0.000
vt 3.8604 1.0000
vt 7.6208 0.000
vt 7.6208 1.0000
vt 0.000 0.000
vt 0.000 1.0000
vt 3.2313 0.000
vt 3.2313 1.0000
vt 3.3313 0.000
vt 3.3313 1.0000
vt 6.5626 0.000
vt 6.5626 1.0000
vt 0.000 0.000
vt 0.000 1.0000
vt 1.8138 0.000
vt 1.8138 1.0000
vt 1.9138 0.000
vt 1.9138 1.0000
vt 3.7275 0.000
vt 3.7275 1.0000
vt 0.000 0.000
vt 0.000 1.0000
vt 1.0007 0.000
vt 1.0007 1.0000
vt 1.1007 0.000
vt 1.1007 1.0000
vt 2.1013 0.000
vt 2.1013 1.0000
vt 0.000 0.000
vt 0.000 1.0000
vt 1.0068 0.000
vt 1.0068 1.0000
vt 1.1068 0.000
vt 1.1068 1.0000
vt 2.1136 0.000
vt 2.1136 1.0000
vt 0.000 0.000
vt 0.000 1.0000
vt 1.5769 0.000
vt 1.5769 1.0000
vt 1.6769 0.000
vt 1.6769 1.0000
vt 3.2538 0.000
vt 3.2538 1.0000
vt 0.000 0.000
vt 0.000 1.0000
vt 0.4361 0.000
vt 0.4361 1.0000
vt 0.5361 0.000
vt 0.5361 1.0000
vt 0.9722 0.000
vt 0.9722 1.0000
vt 0.000 0.000
vt 0.000 1.0000
vt 8.6957 0.000
vt 8.6957 1.0000
vt 8.7957 0.000
vt 8.7957 1.0000
vt 17.4914 0.000
vt 17.4914 1.0000
vt 0.000 0.000
vt 0.000 1.0000
vt 5.9022 0.000
vt 5.9022 1.0000
vt 6.0022 0.000
vt 6.0022 1.0000
vt 11.9044 0.000
vt 11.9044 1.0000
vt 0.000 0.000
vt 0.000 1.0000
vt 2.7712 0.000
vt 2.7712 1.0000
vt 2.8712 0.000
vt 2.8712 1.0000
vt 5.6424 0.000
vt 5.6424 1.0000
vt 0.000 0.000
vt 0.000 1.0000
vt 2.5002 0.000
vt 2.5002 1.0000
vt 2.6002 0.000
vt 2.6002 1.0000
vt 5.1003 0.000
vt 5.1003 1.0000
vt 0.000 0.000
vt 0.000 1.0000
vt 3.7229 0.000
vt 3.7229 1.0000
vt 3.8229 0.000
vt 3.8229 1.0000
vt 7.5459 0.000
vt 7.5459 1.0000
vt 0.000 0.000
vt 0.000 1.0000
vt 4.9407 0.000
vt 4.9407 1.0000
vt 5.0407 0.000
vt 5.0407 1.0000
vt 9.9815 0.000
vt 9.9815 1.0000
vt 0.000 0.000
vt 0.000 1.0000
vt 4.9445 0.000
vt 4.9445 1.0000
vt 5.0445 0.000
vt 5.0445 1.0000
vt 9.9890 0.000
vt 9.9890 1.0000
vt 0.000 0.000
vt 0.000 1.0000
vt 9.7106 0.000
vt 9.7106 1.0000
vt 9.8106 0.000
vt 9.8106 1.0000
vt 19.5211 0.000
vt 19.5211 1.0000
vt 0.000 0.000
vt 0.000 1.0000
vt 9.7289 0.000
vt 9.7289 1.0000
vt 9.8289 0.000
vt 9.8289 1.0000
vt 19.5579 0.000
vt 19.5579 1.0000
vt 0.000 0.000
vt 0.000 1.0000
vt 3.3317 0.000
vt 3.3317 1.0000
vt 3.4317 0.000
vt 3.4317 1.0000
vt 6.7635 0.000
vt 6.7635 1.0000
vt 0.000 0.000
vt 0.000 1.0000
vt 2.0089 0.000
vt 2.0089 1.0000
vt 2.1089 0.000
vt 2.1089 1.0000
vt 4.1178 0.000
vt 4.1178 1.0000
vt 0.000 0.000
vt 0.000 1.0000
vt 6.4132 0.000
vt 6.4132 1.0000
vt 6.5132 0.000
vt 6.5132 1.0000
vt 12.9264 0.000
vt 12.9264 1.0000
vt 0.000 0.000
vt 0.000 1.0000
vt 9.7647 0.000
vt 9.7647 1.0000
vt 9.8647 0.000
vt 9.8647 1.0000
vt 19.6293 0.000
vt 19.6293 1.0000
vt 0.000 0.000
vt 0.000 1.0000
vt 3.2421 0.000
vt 3.2421 1.0000
vt 3.3421 0.000
vt 3.3421 1.0000
vt 6.5843 0.000
vt 6.5843 1.0000
vt 0.000 0.000
vt 0.000 1.0000
vt 1.7135 0.000
vt 1.7135 1.0000
vt 1.8135 0.000
vt 1.8135 1.0000
vt 3.5270 0.000
vt 3.5270 1.0000
vt 0.000 0.000
vt 0.000 1.0000
vt 3.6730 0.000
vt 3.6730 1.0000
vt 3.7730 0.000
vt 3.7730 1.0000
vt 7.4459 0.000
vt 7.4459 1.0000
vt 0.000 0.000
vt 0.000 1.0000
vt 0.6237 0.000
vt 0.6237 1.0000
vt 0.7237 0.000
vt 0.7237 1.0000
vt 1.3473 0.000
vt 1.3473 1.0000
vt 0.000 0.000
vt 0.000 1.0000
vt 0.4861 0.000
vt 0.4861 1.0000
vt 0.5861 0.000
vt 0.5861 1.0000
vt 1.0722 0.000
vt 1.0722 1.0000
vt 0.000 0.000
vt 0.000 1.0000
vt 0.5481 0.000
vt 0.5481 1.0000
vt 0.6481 0.000
vt 0.6481 1.0000
vt 1.1962 0.000
vt 1.1962 1.0000
vt 0.000 0.000
vt 0.000 1.0000
vt 0.6558 0.000
vt 0.6558 1.0000
vt 0.7558 0.000
vt 0.7558 1.0000
vt 1.4115 0.000
vt 1.4115 1.0000
vt 0.000 0.000
vt 0.000 1.0000
vt 7.6971 0.000
vt 7.6971 1.0000
vt 7.7971 0.000
vt 7.7971 1.0000
vt 15.4942 0.000
vt 15.4942 1.0000
vt 0.000 0.000
vt 0.000 1.0000
vt 0.8645 0.000
vt 0.8645 1.0000
vt 0.9645 0.000
vt 0.9645 1.0000
vt 1.8289 0.000
vt 1.8289 1.0000
vn 0.0000 0.0000 1.0000
vn -1.0000 0.0000 0.0000
vn -0.0000 -1.0000 0.0000
vn 1.0000 -0.0000 0.0000
vn 0.0000 1.0000 0.0000
vn -0.0039 -1.0000 0.0000
vn 1.0000 -0.0039 0.0000
vn 0.0039 1.0000 0.0000
vn -1.0000 0.0039 0.0000
vn -1.0000 0.0000 0.0000
vn -0.0000 -1.0000 0.0000
vn 1.0000 -0.0000 0.0000
vn 0.0000 1.0000 0.0000
vn -0.0000 -1.0000 0.0000
vn 1.0000 -0.0000 0.0000
vn 0.0000 1.0000 0.0000
vn -1.0000 0.0000 0.0000
vn 1.0000 -0.0022 0.0000
vn 0.0022 1.0000 0.0000
vn -1.0000 0.0022 0.0000
vn -0.0022 -1.0000 0.0000
vn -0.0000 1.0000 0.0000
vn -1.0000 -0.0000 0.0000
vn 0.0000 -1.0000 0.0000
vn 1.0000 0.0000 0.0000
vn -1.0000 -0.0000 0.0000
vn 0.0000 -1.0000 0.0000
vn 1.0000 0.0000 0.0000
vn -0.0000 1.0000 0.0000
vn 0.0000 1.0000 0.0000
vn -1.0000 0.0000 0.0000
vn -0.0000 -1.0000 0.0000
vn 1.0000 -0.0000 0.0000
vn 1.0000 0.0000 0.0000
vn -0.0000 1.0000 0.0000
vn -1.0000 -0.0000 0.0000
vn 0.0000 -1.0000 0.0000
vn -0.0000 1.0000 0.0000
vn -1.0000 -0.0000 0.0000
vn 0.0000 -1.0000 0.0000
vn 1.0000 0.0000 0.0000
vn 1.0000 0.0000 0.0000
vn -0.0000 1.0000 0.0000
vn -1.0000 -0.0000 0.0000
vn 0.0000 -1.0000 0.0000
vn 0.0000 1.0000 0.0000
vn -1.0000 0.0000 0.0000
vn -0.0000 -1.0000 0.0000
vn 1.0000 -0.0000 0.0000
vn 1.0000 0.0000 0.0000
vn -0.0000 1.0000 0.0000
vn -1.0000 -0.0000 0.0000
vn 0.0000 -1.0000 0.0000
vn 0.0000 1.0000 0.0000
vn -1.0000 0.0000 0.0000
vn -0.0000 -1.0000 0.0000
vn 1.0000 -0.0000 0.0000
vn -1.0000 0.0000 0.0000
vn -0.0000 -1.0000 0.0000
vn 1.0000 -0.0000 0.0000
vn 0.0000 1.0000 0.0000
vn 0.0000 1.0000 0.0000
vn -1.0000 0.0000 0.0000
vn -0.0000 -1.0000 0.0000
vn 1.0000 -0.0000 0.0000
vn -1.0000 -0.0000 0.0000
vn 0.0000 -1.0000 0.0000
vn 1.0000 0.0000 0.0000
vn -0.0000 1.0000 0.0000
vn 0.0000 1.0000 0.0000
vn -1.0000 0.0000 0.0000
vn -0.0000 -1.0000 0.0000
vn 1.0000 -0.0000 0.0000
vn 1.0000 0.0000 0.0000
vn -0.0000 1.0000 0.0000
vn -1.0000 -0.0000 0.0000
vn 0.0000 -1.0000 0.0000
vn -0.0150 0.9999 0.0000
vn -0.9999 -0.0150 0.0000
vn 0.0150 -0.9999 0.0000
vn 0.9999 0.0150 0.0000
vn 0.9992 0.0409 0.0000
vn -0.0409 0.9992 0.0000
vn -0.9992 -0.0409 0.0000
vn 0.0409 -0.9992 0.0000
vn 1.0000 -0.0000 0.0000
vn 0.0000 1.0000 0.0000
vn -1.0000 0.0000 0.0000
vn -0.0000 -1.0000 0.0000
vn -0.0000 -1.0000 0.0000
vn 1.0000 -0.0000 0.0000
vn 0.0000 1.0000 0.0000
vn -1.0000 0.0000 0.0000
vn 1.0000 0.0000 0.0000
vn -0.0000 1.0000 0.0000
vn -1.0000 -0.0000 0.0000
vn 0.0000 -1.0000 0.0000
vn -0.0000 1.0000 0.0000
vn -1.0000 -0.0000 0.0000
vn 0.0000 -1.0000 0.0000
vn 1.0000 0.0000 0.0000
vn 1.0000 -0.0000 0.0000
vn 0.0000 1.0000 0.0000
vn -1.0000 0.0000 0.0000
vn -0.0000 -1.0000 0.0000
vn 0.0000 -1.0000 0.0000
vn 1.0000 0.0000 0.0000
vn -0.0000 1.0000 0.0000
vn -1.0000 -0.0000 0.0000
vn 1.0000 0.0000 0.0000
vn -0.0000 1.0000 0.0000
vn -1.0000 -0.0000 0.0000
vn 0.0000 -1.0000 0.0000
vn 0.0000 1.0000 0.0000
vn -1.0000 0.0000 0.0000
vn -0.0000 -1.0000 0.0000
vn 1.0000 -0.0000 0.0000
vn 1.0000 0.0000 0.0000
vn -0.0000 1.0000 0.0000
vn -1.0000 -0.0000 0.0000
vn 0.0000 -1.0000 0.0000
vn -0.0000 -1.0000 0.0000
vn 1.0000 -0.0000 0.0000
vn 0.0000 1.0000 0.0000
vn -1.0000 0.0000 0.0000
vn -1.0000 0.0000 0.0000
vn -0.0000 -1.0000 0.0000
vn 1.0000 -0.0000 0.0000
vn 0.0000 1.0000 0.0000
vn 0.0022 -1.0000 0.0000
vn 1.0000 0.0022 0.0000
vn -0.0022 1.0000 0.0000
vn -1.0000 -0.0022 0.0000
vn 1.0000 0.0078 0.0000
vn -0.0078 1.0000 0.0000
vn -1.0000 -0.0078 0.0000
vn 0.0078 -1.0000 0.0000
vn 0.0088 1.0000 0.0000
vn -1.0000 0.0088 0.0000
vn -0.0088 -1.0000 0.0000
vn 1.0000 -0.0088 0.0000
vn -0.0000 1.0000 0.0000
vn -1.0000 -0.0000 0.0000
vn 0.0000 -1.0000 0.0000
vn 1.0000 0.0000 0.0000
vn 1.0000 -0.0000 0.0000
vn 0.0000 1.0000 0.0000
vn -1.0000 0.0000 0.0000
vn -0.0000 -1.0000 0.0000
vn 0.0000 -1.0000 0.0000
vn 1.0000 0.0000 0.0000
vn -0.0000 1.0000 0.0000
vn -1.0000 -0.0000 0.0000
vn -0.9832 -0.1827 0.0000
vn 0.1827 -0.9832 0.0000
vn 0.9832 0.1827 0.0000
vn -0.1827 0.9832 0.0000
vn 0.9999 0.0102 0.0000
vn -0.0102 0.9999 0.0000
vn -0.9999 -0.0102 0.0000
vn 0.0102 -0.9999 0.0000
vn -0.0000 1.0000 0.0000
vn -1.0000 -0.0000 0.0000
vn 0.0000 -1.0000 0.0000
vn 1.0000 0.0000 0.0000
vn -1.0000 -0.0001 0.0000
vn 0.0001 -1.0000 0.0000
vn 1.0000 0.0001 0.0000
vn -0.0001 1.0000 0.0000
vn -0.0265 -0.9996 0.0000
vn 0.9996 -0.0265 0.0000
vn 0.0265 0.9996 0.0000
vn -0.9996 0.0265 0.0000
vn 1.0000 0.0001 0.0000
vn -0.0001 1.0000 0.0000
vn -1.0000 -0.0001 0.0000
vn 0.0001 -1.0000 0.0000
vn -0.0000 1.0000 0.0000
vn -1.0000 -0.0000 0.0000
vn 0.0000 -1.0000 0.0000
vn 1.0000 0.0000 0.0000
vn -1.0000 -0.0000 0.0000
vn 0.0000 -1.0000 0.0000
vn 1.0000 0.0000 0.0000
vn -0.0000 1.0000 0.0000
vn -0.0521 -0.9986 0.0000
vn 0.9986 -0.0521 0.0000
vn 0.0521 0.9986 0.0000
vn -0.9986 0.0521 0.0000
vn -0.0000 1.0000 0.0000
vn -1.0000 -0.0000 0.0000
vn 0.0000 -1.0000 0.0000
vn 1.0000 0.0000 0.0000
vn -1.0000 0.0000 0.0000
vn -0.0000 -1.0000 0.0000
vn 1.0000 -0.0000 0.0000
vn 0.0000 1.0000 0.0000
vn -0.0000 -1.0000 0.0000
vn 1.0000 -0.0000 0.0000
vn 0.0000 1.0000 0.0000
vn -1.0000 0.0000 0.0000
vn -1.0000 -0.0078 0.0000
vn 0.0078 -1.0000 0.0000
vn 1.0000 0.0078 0.0000
vn -0.0078 1.0000 0.0000
vn 1.0000 0.0000 0.0000
vn -0.0000 1.0000 0.0000
vn -1.0000 -0.0000 0.0000
vn 0.0000 -1.0000 0.0000
vn 0.0000 -1.0000 0.0000
vn 1.0000 0.0000 0.0000
vn -0.0000 1.0000 0.0000
vn -1.0000 -0.0000 0.0000
vn 0.0000 1.0000 0.0000
vn -1.0000 0.0000 0.0000
vn -0.0000 -1.0000 0.0000
vn 1.0000 -0.0000 0.0000
vn -1.0000 0.0000 0.0000
vn -0.0000 -1.0000 0.0000
vn 1.0000 -0.0000 0.0000
vn 0.0000 1.0000 0.0000
vn 0.9999 -0.0159 0.0000
vn 0.0159 0.9999 0.0000
vn -0.9999 0.0159 0.0000
vn -0.0159 -0.9999 0.0000
vn 1.0000 -0.0000 0.0000
vn 0.0000 1.0000 0.0000
vn -1.0000 0.0000 0.0000
vn -0.0000 -1.0000 0.0000
vn -0.0000 1.0000 0.0000
vn -1.0000 -0.0000 0.0000
vn 0.0000 -1.0000 0.0000
vn 1.0000 0.0000 0.0000
vn -0.0000 1.0000 0.0000
vn -1.0000 -0.0000 0.0000
vn 0.0000 -1.0000 0.0000
vn 1.0000 0.0000 0.0000
vn -0.0000 -1.0000 0.0000
vn 1.0000 -0.0000 0.0000
vn 0.0000 1.0000 0.0000
vn -1.0000 0.0000 0.0000
vn 0.0000 -1.0000 0.0000
vn 1.0000 0.0000 0.0000
vn -0.0000 1.0000 0.0000
vn -1.0000 -0.0000 0.0000
vn 1.0000 -0.0000 0.0000
vn 0.0000 1.0000 0.0000
vn -1.0000 0.0000 0.0000
vn -0.0000 -1.0000 0.0000
vn -0.0000 -1.0000 0.0000
vn 1.0000 -0.0000 0.0000
vn 0.0000 1.0000 0.0000
vn -1.0000 0.0000 0.0000
vn 1.0000 -0.0000 0.0000
vn 0.0000 1.0000 0.0000
vn -1.0000 0.0000 0.0000
vn -0.0000 -1.0000 0.0000
vn 0.0000 1.0000 0.0000
vn -1.0000 0.0000 0.0000
vn -0.0000 -1.0000 0.0000
vn 1.0000 -0.0000 0.0000
vn 1.0000 0.0000 0.0000
vn -0.0000 1.0000 0.0000
vn -1.0000 -0.0000 0.0000
vn 0.0000 -1.0000 0.0000
vn -0.0000 1.0000 0.0000
vn -1.0000 -0.0000 0.0000
vn 0.0000 -1.0000 0.0000
vn 1.0000 0.0000 0.0000
vn -0.0000 1.0000 0.0000
vn -1.0000 -0.0000 0.0000
vn 0.0000 -1.0000 0.0000
vn 1.0000 0.0000 0.0000
vn 1.0000 0.0000 0.0000
vn -0.0000 1.0000 0.0000
vn -1.0000 -0.0000 0.0000
vn 0.0000 -1.0000 0.0000
vn 0.0000 -1.0000 0.0000
vn 1.0000 0.0000 0.0000
vn -0.0000 1.0000 0.0000
vn -1.0000 -0.0000 0.0000
vn -1.0000 0.0000 0.0000
vn -0.0000 -1.0000 0.0000
vn 1.0000 -0.0000 0.0000
vn 0.0000 1.0000 0.0000
vn 1.0000 -0.0001 0.0000
vn 0.0001 1.0000 0.0000
vn -1.0000 0.0001 0.0000
vn -0.0001 -1.0000 0.0000
vn 0.0136 0.9999 0.0000
vn -0.9999 0.0136 0.0000
vn -0.0136 -0.9999 0.0000
vn 0.9999 -0.0136 0.0000
vn -1.0000 0.0000 0.0000
vn -0.0000 -1.0000 0.0000
vn 1.0000 -0.0000 0.0000
vn 0.0000 1.0000 0.0000
vn -1.0000 0.0000 0.0000
vn -0.0000 -1.0000 0.0000
vn 1.0000 -0.0000 0.0000
vn 0.0000 1.0000 0.0000
vn -0.9999 0.0115 0.0000
vn -0.0115 -0.9999 0.0000
vn 0.9999 -0.0115 0.0000
vn 0.0115 0.9999 0.0000
vn -0.0000 -1.0000 0.0000
vn 1.0000 -0.0000 0.0000
vn 0.0000 1.0000 0.0000
vn -1.0000 0.0000 0.0000
vn -1.0000 -0.0000 0.0000
vn 0.0000 -1.0000 0.0000
vn 1.0000 0.0000 0.0000
vn -0.0000 1.0000 0.0000
vn -0.9989 -0.0467 0.0000
vn 0.0467 -0.9989 0.0000
vn 0.9989 0.0467 0.0000
vn -0.0467 0.9989 0.0000
vn 1.0000 0.0001 0.0000
vn -0.0001 1.0000 0.0000
vn -1.0000 -0.0001 0.0000
vn 0.0001 -1.0000 0.0000
vn -1.0000 0.0000 0.0000
vn -0.0000 -1.0000 0.0000
vn 1.0000 -0.0000 0.0000
vn 0.0000 1.0000 0.0000
vn -0.0000 1.0000 0.0000
vn -1.0000 -0.0000 0.0000
vn 0.0000 -1.0000 0.0000
vn 1.0000 0.0000 0.0000
vn 0.0000 -1.0000 0.0000
vn 1.0000 0.0000 0.0000
vn -0.0000 1.0000 0.0000
vn -1.0000 -0.0000 0.0000
vn 0.0000 -1.0000 0.0000
vn 1.0000 0.0000 0.0000
vn -0.0000 1.0000 0.0000
vn -1.0000 -0.0000 0.0000
vn 1.0000 0.0000 0.0000
vn -0.0000 1.0000 0.0000
vn -1.0000 -0.0000 0.0000
vn 0.0000 -1.0000 0.0000
vn -1.0000 0.0000 0.0000
vn -0.0000 -1.0000 0.0000
vn 1.0000 -0.0000 0.0000
vn 0.0000 1.0000 0.0000
vn 0.0000 1.0000 0.0000
vn -1.0000 0.0000 0.0000
vn -0.0000 -1.0000 0.0000
vn 1.0000 -0.0000 0.0000
vn 1.0000 -0.0002 0.0000
vn 0.0002 1.0000 0.0000
vn -1.0000 0.0002 0.0000
vn -0.0002 -1.0000 0.0000
vn -0.4403 0.8978 0.0000
vn -0.8978 -0.4403 0.0000
vn 0.4403 -0.8978 0.0000
vn 0.8978 0.4403 0.0000
vn -0.0000 1.0000 0.0000
vn -1.0000 -0.0000 0.0000
vn 0.0000 -1.0000 0.0000
vn 1.0000 0.0000 0.0000
vn 1.0000 -0.0000 0.0000
vn 0.0000 1.0000 0.0000
vn -1.0000 0.0000 0.0000
vn -0.0000 -1.0000 0.0000
vn -0.0000 -1.0000 0.0000
vn 1.0000 -0.0000 0.0000
vn 0.0000 1.0000 0.0000
vn -1.0000 0.0000 0.0000
vn -1.0000 -0.0001 0.0000
vn 0.0001 -1.0000 0.0000
vn 1.0000 0.0001 0.0000
vn -0.0001 1.0000 0.0000
vn 1.0000 -0.0000 0.0000
vn 0.0000 1.0000 0.0000
vn -1.0000 0.0000 0.0000
vn -0.0000 -1.0000 0.0000
vn -0.0000 1.0000 0.0000
vn -1.0000 -0.0000 0.0000
vn 0.0000 -1.0000 0.0000
vn 1.0000 0.0000 0.0000
vn 1.0000 -0.0000 0.0000
vn 0.0000 1.0000 0.0000
vn -1.0000 0.0000 0.0000
vn -0.0000 -1.0000 0.0000
vn 1.0000 0.0001 0.0000
vn -0.0001 1.0000 0.0000
vn -1.0000 -0.0001 0.0000
vn 0.0001 -1.0000 0.0000
vn -0.0000 1.0000 0.0000
vn -1.0000 -0.0000 0.0000
vn 0.0000 -1.0000 0.0000
vn 1.0000 0.0000 0.0000
vn -1.0000 -0.0000 0.0000
vn 0.0000 -1.0000 0.0000
vn 1.0000 0.0000 0.0000
vn -0.0000 1.0000 0.0000
vn -0.0000 1.0000 0.0000
vn -1.0000 -0.0000 0.0000
vn 0.0000 -1.0000 0.0000
vn 1.0000 0.0000 0.0000
vn -0.0000 -1.0000 0.0000
vn 1.0000 -0.0000 0.0000
vn 0.0000 1.0000 0.0000
vn -1.0000 0.0000 0.0000
vn 0.0041 1.0000 0.0000
vn -1.0000 0.0041 0.0000
vn -0.0041 -1.0000 0.0000
vn 1.0000 -0.0041 0.0000
vn -0.0000 1.0000 0.0000
vn -1.0000 -0.0000 0.0000
vn 0.0000 -1.0000 0.0000
vn 1.0000 0.0000 0.0000
vn -1.0000 -0.0000 0.0000
vn 0.0000 -1.0000 0.0000
vn 1.0000 0.0000 0.0000
vn -0.0000 1.0000 0.0000
vn -0.0000 -1.0000 0.0000
vn 1.0000 -0.0000 0.0000
vn 0.0000 1.0000 0.0000
vn -1.0000 0.0000 0.0000
vn 0.0570 -0.9984 0.0000
vn 0.9984 0.0570 0.0000
vn -0.0570 0.9984 0.0000
vn -0.9984 -0.0570 0.0000
vn -1.0000 -0.0000 0.0000
vn 0.0000 -1.0000 0.0000
vn 1.0000 0.0000 0.0000
vn -0.0000 1.0000 0.0000
vn -0.0000 1.0000 0.0000
vn -1.0000 -0.0000 0.0000
vn 0.0000 -1.0000 0.0000
vn 1.0000 0.0000 0.0000
vn -0.9980 -0.0634 0.0000
vn 0.0634 -0.9980 0.0000
vn 0.9980 0.0634 0.0000
vn -0.0634 0.9980 0.0000
vn 0.0073 -1.0000 0.0000
vn 1.0000 0.0073 0.0000
vn -0.0073 1.0000 0.0000
vn -1.0000 -0.0073 0.0000
vn -0.0000 -1.0000 0.0000
vn 1.0000 -0.0000 0.0000
vn 0.0000 1.0000 0.0000
vn -1.0000 0.0000 0.0000
vn -0.0000 -1.0000 0.0000
vn 1.0000 -0.0000 0.0000
vn 0.0000 1.0000 0.0000
vn -1.0000 0.0000 0.0000
vn 0.0070 -1.0000 0.0000
vn 1.0000 0.0070 0.0000
vn -0.0070 1.0000 0.0000
vn -1.0000 -0.0070 0.0000
vn 1.0000 0.0000 0.0000
vn -0.0000 1.0000 0.0000
vn -1.0000 -0.0000 0.0000
vn 0.0000 -1.0000 0.0000
vn 1.0000 -0.0000 0.0000
vn 0.0000 1.0000 0.0000
vn -1.0000 0.0000 0.0000
vn -0.0000 -1.0000 0.0000
vn 1.0000 -0.0000 0.0000
vn 0.0000 1.0000 0.0000
vn -1.0000 0.0000 0.0000
vn -0.0000 -1.0000 0.0000
vn 1.0000 -0.0000 0.0000
vn 0.0000 1.0000 0.0000
vn -1.0000 0.0000 0.0000
vn -0.0000 -1.0000 0.0000
vn -1.0000 0.0000 0.0000
vn -0.0000 -1.0000 0.0000
vn 1.0000 -0.0000 0.0000
vn 0.0000 1.0000 0.0000
vn -1.0000 -0.0000 0.0000
vn 0.0000 -1.0000 0.0000
vn 1.0000 0.0000 0.0000
vn -0.0000 1.0000 0.0000
vn 1.0000 0.0000 0.0000
vn -0.0000 1.0000 0.0000
vn -1.0000 -0.0000 0.0000
vn 0.0000 -1.0000 0.0000
vn -0.0000 1.0000 0.0000
vn -1.0000 -0.0000 0.0000
vn 0.0000 -1.0000 0.0000
vn 1.0000 0.0000 0.0000
vn -0.0000 1.0000 0.0000
vn -1.0000 -0.0000 0.0000
vn 0.0000 -1.0000 0.0000
vn 1.0000 0.0000 0.0000
vn -1.0000 0.0000 0.0000
vn -0.0000 -1.0000 0.0000
vn 1.0000 -0.0000 0.0000
vn 0.0000 1.0000 0.0000
vn 0.0000 1.0000 0.0000
vn -1.0000 0.0000 0.0000
vn -0.0000 -1.0000 0.0000
vn 1.0000 -0.0000 0.0000
vn 1.0000 0.0000 0.0000
vn -0.0000 1.0000 0.0000
vn -1.0000 -0.0000 0.0000
vn 0.0000 -1.0000 0.0000
vn -1.0000 0.0000 0.0000
vn -0.0000 -1.0000 0.0000
vn 1.0000 -0.0000 0.0000
vn 0.0000 1.0000 0.0000
vn -0.0554 -0.9985 0.0000
vn 0.9985 -0.0554 0.0000
vn 0.0554 0.9985 0.0000
vn -0.9985 0.0554 0.0000
vn 1.0000 0.0000 0.0000
vn -0.0000 1.0000 0.0000
vn -1.0000 -0.0000 0.0000
vn 0.0000 -1.0000 0.0000
vn 0.0000 -1.0000 0.0000
vn 1.0000 0.0000 0.0000
vn -0.0000 1.0000 0.0000
vn -1.0000 -0.0000 0.0000
vn -1.0000 -0.0000 0.0000
vn 0.0000 -1.0000 0.0000
vn 1.0000 0.0000 0.0000
vn -0.0000 1.0000 0.0000
vn 0.0000 1.0000 0.0000
vn -1.0000 0.0000 0.0000
vn -0.0000 -1.0000 0.0000
vn 1.0000 -0.0000 0.0000
vn -1.0000 0.0000 0.0000
vn -0.0000 -1.0000 0.0000
vn 1.0000 -0.0000 0.0000
vn 0.0000 1.0000 0.0000
vn 0.0000 1.0000 0.0000
vn -1.0000 0.0000 0.0000
vn -0.0000 -1.0000 0.0000
vn 1.0000 -0.0000 0.0000
vn 1.0000 -0.0000 0.0000
vn 0.0000 1.0000 0.0000
vn -1.0000 0.0000 0.0000
vn -0.0000 -1.0000 0.0000
vn -0.0000 1.0000 0.0000
vn -1.0000 -0.0000 0.0000
vn 0.0000 -1.0000 0.0000
vn 1.0000 0.0000 0.0000
vn -1.0000 -0.0000 0.0000
vn 0.0000 -1.0000 0.0000
vn 1.0000 0.0000 0.0000
vn -0.0000 1.0000 0.0000
vn -0.0000 1.0000 0.0000
vn -1.0000 -0.0000 0.0000
vn 0.0000 -1.0000 0.0000
vn 1.0000 0.0000 0.0000
vn 1.0000 -0.0000 0.0000
vn 0.0000 1.0000 0.0000
vn -1.0000 0.0000 0.0000
vn -0.0000 -1.0000 0.0000
vn 0.0000 1.0000 0.0000
vn -1.0000 0.0000 0.0000
vn -0.0000 -1.0000 0.0000
vn 1.0000 -0.0000 0.0000
vn 1.0000 -0.0000 0.0000
vn 0.0000 1.0000 0.0000
vn -1.0000 0.0000 0.0000
vn -0.0000 -1.0000 0.0000
vn 0.0034 1.0000 0.0000
vn -1.0000 0.0034 0.0000
vn -0.0034 -1.0000 0.0000
vn 1.0000 -0.0034 0.0000
vn -1.0000 -0.0000 0.0000
vn 0.0000 -1.0000 0.0000
vn 1.0000 0.0000 0.0000
vn -0.0000 1.0000 0.0000
vn 0.0000 1.0000 0.0000
vn -1.0000 0.0000 0.0000
vn -0.0000 -1.0000 0.0000
vn 1.0000 -0.0000 0.0000
vn 1.0000 0.0000 0.0000
vn -0.0000 1.0000 0.0000
vn -1.0000 -0.0000 0.0000
vn 0.0000 -1.0000 0.0000
vn 0.0000 1.0000 0.0000
vn -1.0000 0.0000 0.0000
vn -0.0000 -1.0000 0.0000
vn 1.0000 -0.0000 0.0000
vn -1.0000 0.0000 0.0000
vn -0.0000 -1.0000 0.0000
vn 1.0000 -0.0000 0.0000
vn 0.0000 1.0000 0.0000
vn -1.0000 -0.0000 0.0000
vn 0.0000 -1.0000 0.0000
vn 1.0000 0.0000 0.0000
vn -0.0000 1.0000 0.0000
vn -0.0000 1.0000 0.0000
vn -1.0000 -0.0000 0.0000
vn 0.0000 -1.0000 0.0000
vn 1.0000 0.0000 0.0000
vn 1.0000 -0.0000 0.0000
vn 0.0000 1.0000 0.0000
vn -1.0000 0.0000 0.0000
vn -0.0000 -1.0000 0.0000
vn -0.0000 1.0000 0.0000
vn -1.0000 -0.0000 0.0000
vn 0.0000 -1.0000 0.0000
vn 1.0000 0.0000 0.0000
vn 1.0000 -0.0000 0.0000
vn 0.0000 1.0000 0.0000
vn -1.0000 0.0000 0.0000
vn -0.0000 -1.0000 0.0000
vn 0.0000 1.0000 0.0000
vn -1.0000 0.0000 0.0000
vn -0.0000 -1.0000 0.0000
vn 1.0000 -0.0000 0.0000
vn -1.0000 -0.0000 0.0000
vn 0.0000 -1.0000 0.0000
vn 1.0000 0.0000 0.0000
vn -0.0000 1.0000 0.0000
vn -0.0000 1.0000 0.0000
vn -1.0000 -0.0000 0.0000
vn 0.0000 -1.0000 0.0000
vn 1.0000 0.0000 0.0000
vn 1.0000 -0.0000 0.0000
vn 0.0000 1.0000 0.0000
vn -1.0000 0.0000 0.0000
vn -0.0000 -1.0000 0.0000
vn 1.0000 0.0000 0.0000
vn -0.0000 1.0000 0.0000
vn -1.0000 -0.0000 0.0000
vn 0.0000 -1.0000 0.0000
vn 0.0177 -0.9998 0.0000
vn 0.9998 0.0177 0.0000
vn -0.0177 0.9998 0.0000
vn -0.9998 -0.0177 0.0000
vn -0.0000 1.0000 0.0000
vn -1.0000 -0.0000 0.0000
vn 0.0000 -1.0000 0.0000
vn 1.0000 0.0000 0.0000
vn 1.0000 0.0000 0.0000
vn -0.0000 1.0000 0.0000
vn -1.0000 -0.0000 0.0000
vn 0.0000 -1.0000 0.0000
vn 0.0000 1.0000 0.0000
vn -1.0000 0.0000 0.0000
vn -0.0000 -1.0000 0.0000
vn 1.0000 -0.0000 0.0000
vn -1.0000 0.0000 0.0000
vn -0.0000 -1.0000 0.0000
vn 1.0000 -0.0000 0.0000
vn 0.0000 1.0000 0.0000
vn 0.0000 1.0000 0.0000
vn -1.0000 0.0000 0.0000
vn -0.0000 -1.0000 0.0000
vn 1.0000 -0.0000 0.0000
vn -0.0000 1.0000 0.0000
vn -1.0000 -0.0000 0.0000
vn 0.0000 -1.0000 0.0000
vn 1.0000 0.0000 0.0000
vn 1.0000 0.0000 0.0000
vn -0.0000 1.0000 0.0000
vn -1.0000 -0.0000 0.0000
vn 0.0000 -1.0000 0.0000
vn 0.0000 -1.0000 0.0000
vn 1.0000 0.0000 0.0000
vn -0.0000 1.0000 0.0000
vn -1.0000 -0.0000 0.0000
vn 1.0000 -0.0000 0.0000
vn 0.0000 1.0000 0.0000
vn -1.0000 0.0000 0.0000
vn -0.0000 -1.0000 0.0000
vn 0.0000 1.0000 0.0000
vn -1.0000 0.0000 0.0000
vn -0.0000 -1.0000 0.0000
vn 1.0000 -0.0000 0.0000
vn -0.0000 -1.0000 0.0000
vn 1.0000 -0.0000 0.0000
vn 0.0000 1.0000 0.0000
vn -1.0000 0.0000 0.0000
vn 0.0089 1.0000 0.0000
vn -1.0000 0.0089 0.0000
vn -0.0089 -1.0000 0.0000
vn 1.0000 -0.0089 0.0000
vn 0.9999 -0.0152 0.0000
vn 0.0152 0.9999 0.0000
vn -0.9999 0.0152 0.0000
vn -0.0152 -0.9999 0.0000
vn 0.9999 0.0116 0.0000
vn -0.0116 0.9999 0.0000
vn -0.9999 -0.0116 0.0000
vn 0.0116 -0.9999 0.0000
vn -0.0000 -1.0000 0.0000
vn 1.0000 -0.0000 0.0000
vn 0.0000 1.0000 0.0000
vn -1.0000 0.0000 0.0000
vn -0.0000 1.0000 0.0000
vn -1.0000 -0.0000 0.0000
vn 0.0000 -1.0000 0.0000
vn 1.0000 0.0000 0.0000
vn 0.0785 0.9969 0.0000
vn -0.9969 0.0785 0.0000
vn -0.0785 -0.9969 0.0000
vn 0.9969 -0.0785 0.0000
vn -1.0000 0.0011 0.0000
vn -0.0011 -1.0000 0.0000
vn 1.0000 -0.0011 0.0000
vn 0.0011 1.0000 0.0000
vn 0.0011 1.0000 0.0000
vn -1.0000 0.0011 0.0000
vn -0.0011 -1.0000 0.0000
vn 1.0000 -0.0011 0.0000
vn -1.0000 0.0011 0.0000
vn -0.0011 -1.0000 0.0000
vn 1.0000 -0.0011 0.0000
vn 0.0011 1.0000 0.0000
vn -1.0000 0.0011 0.0000
vn -0.0011 -1.0000 0.0000
vn 1.0000 -0.0011 0.0000
vn 0.0011 1.0000 0.0000
vn -1.0000 0.0011 0.0000
vn -0.0011 -1.0000 0.0000
vn 1.0000 -0.0011 0.0000
vn 0.0011 1.0000 0.0000
vn -1.0000 0.0011 0.0000
vn -0.0011 -1.0000 0.0000
vn 1.0000 -0.0011 0.0000
vn 0.0011 1.0000 0.0000
vn -1.0000 0.0011 0.0000
vn -0.0011 -1.0000 0.0000
vn 1.0000 -0.0011 0.0000
vn 0.0011 1.0000 0.0000
vn -1.0000 0.0011 0.0000
vn -0.0011 -1.0000 0.0000
vn 1.0000 -0.0011 0.0000
vn 0.0011 1.0000 0.0000
vn -1.0000 0.0011 0.0000
vn -0.0011 -1.0000 0.0000
vn 1.0000 -0.0011 0.0000
vn 0.0011 1.0000 0.0000
vn 0.0011 1.0000 0.0000
vn -1.0000 0.0011 0.0000
vn -0.0011 -1.0000 0.0000
vn 1.0000 -0.0011 0.0000
vn -1.0000 -0.0062 0.0000
vn 0.0062 -1.0000 0.0000
vn 1.0000 0.0062 0.0000
vn -0.0062 1.0000 0.0000
vn -0.1187 0.9929 0.0000
vn -0.9929 -0.1187 0.0000
vn 0.1187 -0.9929 0.0000
vn 0.9929 0.1187 0.0000
vn -0.0713 0.9975 0.0000
vn -0.9975 -0.0713 0.0000
vn 0.0713 -0.9975 0.0000
vn 0.9975 0.0713 0.0000
vn -1.0000 0.0011 0.0000
vn -0.0011 -1.0000 0.0000
vn 1.0000 -0.0011 0.0000
vn 0.0011 1.0000 0.0000
vn -0.0011 -1.0000 0.0000
vn 1.0000 -0.0011 0.0000
vn 0.0011 1.0000 0.0000
vn -1.0000 0.0011 0.0000
vn -0.9994 0.0355 0.0000
vn -0.0355 -0.9994 0.0000
vn 0.9994 -0.0355 0.0000
vn 0.0355 0.9994 0.0000
vn 0.0011 1.0000 0.0000
vn -1.0000 0.0011 0.0000
vn -0.0011 -1.0000 0.0000
vn 1.0000 -0.0011 0.0000
vn -1.0000 0.0000 0.0000
vn -0.0000 -1.0000 0.0000
vn 1.0000 -0.0000 0.0000
vn 0.0000 1.0000 0.0000
vn 0.0011 1.0000 0.0000
vn -1.0000 0.0011 0.0000
vn -0.0011 -1.0000 0.0000
vn 1.0000 -0.0011 0.0000
vn 0.0011 1.0000 0.0000
vn -1.0000 0.0011 0.0000
vn -0.0011 -1.0000 0.0000
vn 1.0000 -0.0011 0.0000
vn 1.0000 -0.0011 0.0000
vn 0.0011 1.0000 0.0000
vn -1.0000 0.0011 0.0000
vn -0.0011 -1.0000 0.0000
vn 1.0000 -0.0011 0.0000
vn 0.0011 1.0000 0.0000
vn -1.0000 0.0011 0.0000
vn -0.0011 -1.0000 0.0000
vn -1.0000 0.0011 0.0000
vn -0.0011 -1.0000 0.0000
vn 1.0000 -0.0011 0.0000
vn 0.0011 1.0000 0.0000
vn -1.0000 0.0011 0.0000
vn -0.0011 -1.0000 0.0000
vn 1.0000 -0.0011 0.0000
vn 0.0011 1.0000 0.0000
vn 0.0011 1.0000 0.0000
vn -1.0000 0.0011 0.0000
vn -0.0011 -1.0000 0.0000
vn 1.0000 -0.0011 0.0000
vn 0.0011 1.0000 0.0000
vn -1.0000 0.0011 0.0000
vn -0.0011 -1.0000 0.0000
vn 1.0000 -0.0011 0.0000
vn -1.0000 0.0011 0.0000
vn -0.0011 -1.0000 0.0000
vn 1.0000 -0.0011 0.0000
vn 0.0011 1.0000 0.0000
vn -1.0000 0.0011 0.0000
vn -0.0011 -1.0000 0.0000
vn 1.0000 -0.0011 0.0000
vn 0.0011 1.0000 0.0000
vn -1.0000 0.0011 0.0000
vn -0.0011 -1.0000 0.0000
vn 1.0000 -0.0011 0.0000
vn 0.0011 1.0000 0.0000
vn -1.0000 0.0011 0.0000
vn -0.0011 -1.0000 0.0000
vn 1.0000 -0.0011 0.0000
vn 0.0011 1.0000 0.0000
vn -1.0000 0.0011 0.0000
vn -0.0011 -1.0000 0.0000
vn 1.0000 -0.0011 0.0000
vn 0.0011 1.0000 0.0000
vn -0.0011 -1.0000 0.0000
vn 1.0000 -0.0011 0.0000
vn 0.0011 1.0000 0.0000
vn -1.0000 0.0011 0.0000
vn -0.0011 -1.0000 0.0000
vn 1.0000 -0.0011 0.0000
vn 0.0011 1.0000 0.0000
vn -1.0000 0.0011 0.0000
vn -0.0011 -1.0000 0.0000
vn 1.0000 -0.0011 0.0000
vn 0.0011 1.0000 0.0000
vn -1.0000 0.0011 0.0000
vn -0.9998 0.0189 0.0000
vn -0.0189 -0.9998 0.0000
vn 0.9998 -0.0189 0.0000
vn 0.0189 0.9998 0.0000
vn -0.0011 -1.0000 0.0000
vn 1.0000 -0.0011 0.0000
vn 0.0011 1.0000 0.0000
vn -1.0000 0.0011 0.0000
vn 1.0000 -0.0011 0.0000
vn 0.0011 1.0000 0.0000
vn -1.0000 0.0011 0.0000
vn -0.0011 -1.0000 0.0000
vn 1.0000 0.0047 0.0000
vn -0.0047 1.0000 0.0000
vn -1.0000 -0.0047 0.0000
vn 0.0047 -1.0000 0.0000
vn 1.0000 0.0077 0.0000
vn -0.0077 1.0000 0.0000
vn -1.0000 -0.0077 0.0000
vn 0.0077 -1.0000 0.0000
vn 0.0011 1.0000 0.0000
vn -1.0000 0.0011 0.0000
vn -0.0011 -1.0000 0.0000
vn 1.0000 -0.0011 0.0000
vn -1.0000 0.0011 0.0000
vn -0.0011 -1.0000 0.0000
vn 1.0000 -0.0011 0.0000
vn 0.0011 1.0000 0.0000
vn -1.0000 0.0011 0.0000
vn -0.0011 -1.0000 0.0000
vn 1.0000 -0.0011 0.0000
vn 0.0011 1.0000 0.0000
vn -0.0011 -1.0000 0.0000
vn 1.0000 -0.0011 0.0000
vn 0.0011 1.0000 0.0000
vn -1.0000 0.0011 0.0000
vn -1.0000 0.0011 0.0000
vn -0.0011 -1.0000 0.0000
vn 1.0000 -0.0011 0.0000
vn 0.0011 1.0000 0.0000
vn -1.0000 0.0011 0.0000
vn -0.0011 -1.0000 0.0000
vn 1.0000 -0.0011 0.0000
vn 0.0011 1.0000 0.0000
vn -1.0000 0.0011 0.0000
vn -0.0011 -1.0000 0.0000
vn 1.0000 -0.0011 0.0000
vn 0.0011 1.0000 0.0000
vn -1.0000 0.0011 0.0000
vn -0.0011 -1.0000 0.0000
vn 1.0000 -0.0011 0.0000
vn 0.0011 1.0000 0.0000
vn -0.0011 -1.0000 0.0000
vn 1.0000 -0.0011 0.0000
vn 0.0011 1.0000 0.0000
vn -1.0000 0.0011 0.0000
vn 0.0011 1.0000 0.0000
vn -1.0000 0.0011 0.0000
vn -0.0011 -1.0000 0.0000
vn 1.0000 -0.0011 0.0000
vn 0.0011 1.0000 0.0000
vn -1.0000 0.0011 0.0000
vn -0.0011 -1.0000 0.0000
vn 1.0000 -0.0011 0.0000
vn 1.0000 -0.0011 0.0000
vn 0.0011 1.0000 0.0000
vn -1.0000 0.0011 0.0000
vn -0.0011 -1.0000 0.0000
vn 0.0011 1.0000 0.0000
vn -1.0000 0.0011 0.0000
vn -0.0011 -1.0000 0.0000
vn 1.0000 -0.0011 0.0000
vn -1.0000 0.0011 0.0000
vn -0.0011 -1.0000 0.0000
vn 1.0000 -0.0011 0.0000
vn 0.0011 1.0000 0.0000
vn 0.0011 1.0000 0.0000
vn -1.0000 0.0011 0.0000
vn -0.0011 -1.0000 0.0000
vn 1.0000 -0.0011 0.0000
vn 1.0000 -0.0011 0.0000
vn 0.0011 1.0000 0.0000
vn -1.0000 0.0011 0.0000
vn -0.0011 -1.0000 0.0000
vn 0.0011 1.0000 0.0000
vn -1.0000 0.0011 0.0000
vn -0.0011 -1.0000 0.0000
vn 1.0000 -0.0011 0.0000
vn 1.0000 -0.0011 0.0000
vn 0.0011 1.0000 0.0000
vn -1.0000 0.0011 0.0000
vn -0.0011 -1.0000 0.0000
vn 0.0011 1.0000 0.0000
vn -1.0000 0.0011 0.0000
vn -0.0011 -1.0000 0.0000
vn 1.0000 -0.0011 0.0000
vn 0.0177 0.9998 0.0000
vn -0.9998 0.0177 0.0000
vn -0.0177 -0.9998 0.0000
vn 0.9998 -0.0177 0.0000
vn 0.9998 -0.0208 0.0000
vn 0.0208 0.9998 0.0000
vn -0.9998 0.0208 0.0000
vn -0.0208 -0.9998 0.0000
vn 0.0109 0.9999 0.0000
vn -0.9999 0.0109 0.0000
vn -0.0109 -0.9999 0.0000
vn 0.9999 -0.0109 0.0000
vn 0.0413 -0.9991 0.0000
vn 0.9991 0.0413 0.0000
vn -0.0413 0.9991 0.0000
vn -0.9991 -0.0413 0.0000
vn 1.0000 -0.0011 0.0000
vn 0.0011 1.0000 0.0000
vn -1.0000 0.0011 0.0000
vn -0.0011 -1.0000 0.0000
vn 0.0011 1.0000 0.0000
vn -1.0000 0.0011 0.0000
vn -0.0011 -1.0000 0.0000
vn 1.0000 -0.0011 0.0000
vn -0.9998 0.0212 0.0000
vn -0.0212 -0.9998 0.0000
vn 0.9998 -0.0212 0.0000
vn 0.0212 0.9998 0.0000
vn 0.0011 1.0000 0.0000
vn -1.0000 0.0011 0.0000
vn -0.0011 -1.0000 0.0000
vn 1.0000 -0.0011 0.0000
vn -1.0000 -0.0099 0.0000
vn 0.0099 -1.0000 0.0000
vn 1.0000 0.0099 0.0000
vn -0.0099 1.0000 0.0000
vn 0.0011 1.0000 0.0000
vn -1.0000 0.0011 0.0000
vn -0.0011 -1.0000 0.0000
vn 1.0000 -0.0011 0.0000
vn 0.0011 1.0000 0.0000
vn -1.0000 0.0011 0.0000
vn -0.0011 -1.0000 0.0000
vn 1.0000 -0.0011 0.0000
vn -1.0000 0.0011 0.0000
vn -0.0011 -1.0000 0.0000
vn 1.0000 -0.0011 0.0000
vn 0.0011 1.0000 0.0000
vn 0.0011 1.0000 0.0000
vn -1.0000 0.0011 0.0000
vn -0.0011 -1.0000 0.0000
vn 1.0000 -0.0011 0.0000
vn 0.0011 1.0000 0.0000
vn -1.0000 0.0011 0.0000
vn -0.0011 -1.0000 0.0000
vn 1.0000 -0.0011 0.0000
vn 1.0000 -0.0011 0.0000
vn 0.0011 1.0000 0.0000
vn -1.0000 0.0011 0.0000
vn -0.0011 -1.0000 0.0000
vn 0.0011 1.0000 0.0000
vn -1.0000 0.0011 0.0000
vn -0.0011 -1.0000 0.0000
vn 1.0000 -0.0011 0.0000
vn 1.0000 -0.0011 0.0000
vn 0.0011 1.0000 0.0000
vn -1.0000 0.0011 0.0000
vn -0.0011 -1.0000 0.0000
vn 0.0209 0.9998 0.0000
vn -0.9998 0.0209 0.0000
vn -0.0209 -0.9998 0.0000
vn 0.9998 -0.0209 0.0000
vn -0.8664 0.4993 0.0000
vn -0.4993 -0.8664 0.0000
vn 0.8664 -0.4993 0.0000
vn 0.4993 0.8664 0.0000
vn 0.9999 0.0164 0.0000
vn -0.0164 0.9999 0.0000
vn -0.9999 -0.0164 0.0000
vn 0.0164 -0.9999 0.0000
vn 0.0849 -0.9964 0.0000
vn 0.9964 0.0849 0.0000
vn -0.0849 0.9964 0.0000
vn -0.9964 -0.0849 0.0000
vn 1.0000 -0.0011 0.0000
vn 0.0011 1.0000 0.0000
vn -1.0000 0.0011 0.0000
vn -0.0011 -1.0000 0.0000
vn 0.0011 1.0000 0.0000
vn -1.0000 0.0011 0.0000
vn -0.0011 -1.0000 0.0000
vn 1.0000 -0.0011 0.0000
vn -0.9999 -0.0124 0.0000
vn 0.0124 -0.9999 0.0000
vn 0.9999 0.0124 0.0000
vn -0.0124 0.9999 0.0000
vn -0.9996 -0.0298 0.0000
vn 0.0298 -0.9996 0.0000
vn 0.9996 0.0298 0.0000
vn -0.0298 0.9996 0.0000
vn 0.0028 1.0000 0.0000
vn -1.0000 0.0028 0.0000
vn -0.0028 -1.0000 0.0000
vn 1.0000 -0.0028 0.0000
vn 0.0011 1.0000 0.0000
vn -1.0000 0.0011 0.0000
vn -0.0011 -1.0000 0.0000
vn 1.0000 -0.0011 0.0000
vn 0.0011 1.0000 0.0000
vn -1.0000 0.0011 0.0000
vn -0.0011 -1.0000 0.0000
vn 1.0000 -0.0011 0.0000
vn 0.0011 1.0000 0.0000
vn -1.0000 0.0011 0.0000
vn -0.0011 -1.0000 0.0000
vn 1.0000 -0.0011 0.0000
vn 0.0073 1.0000 0.0000
vn -1.0000 0.0073 0.0000
vn -0.0073 -1.0000 0.0000
vn 1.0000 -0.0073 0.0000
vn 0.0787 0.9969 0.0000
vn -0.9969 0.0787 0.0000
vn -0.0787 -0.9969 0.0000
vn 0.9969 -0.0787 0.0000
vn -1.0000 0.0011 0.0000
vn -0.0011 -1.0000 0.0000
vn 1.0000 -0.0011 0.0000
vn 0.0011 1.0000 0.0000
vn 0.0103 0.9999 0.0000
vn -0.9999 0.0103 0.0000
vn -0.0103 -0.9999 0.0000
vn 0.9999 -0.0103 0.0000
vn -0.0007 -1.0000 0.0000
vn 1.0000 -0.0007 0.0000
vn 0.0007 1.0000 0.0000
vn -1.0000 0.0007 0.0000
vn 0.0011 1.0000 0.0000
vn -1.0000 0.0011 0.0000
vn -0.0011 -1.0000 0.0000
vn 1.0000 -0.0011 0.0000
vn 0.9984 0.0570 0.0000
vn -0.0570 0.9984 0.0000
vn -0.9984 -0.0570 0.0000
vn 0.0570 -0.9984 0.0000
vn 1.0000 0.0094 0.0000
vn -0.0094 1.0000 0.0000
vn -1.0000 -0.0094 0.0000
vn 0.0094 -1.0000 0.0000
vn 0.6554 -0.7553 0.0000
vn 0.7553 0.6554 0.0000
vn -0.6554 0.7553 0.0000
vn -0.7553 -0.6554 0.0000
vn 0.0011 1.0000 0.0000
vn -1.0000 0.0011 0.0000
vn -0.0011 -1.0000 0.0000
vn 1.0000 -0.0011 0.0000
vn 0.9995 -0.0302 0.0000
vn 0.0302 0.9995 0.0000
vn -0.9995 0.0302 0.0000
vn -0.0302 -0.9995 0.0000
vn 0.0544 -0.9985 0.0000
vn 0.9985 0.0544 0.0000
vn -0.0544 0.9985 0.0000
vn -0.9985 -0.0544 0.0000
vn -1.0000 -0.0010 0.0000
vn 0.0010 -1.0000 0.0000
vn 1.0000 0.0010 0.0000
vn -0.0010 1.0000 0.0000
vn -0.0328 0.9995 0.0000
vn -0.9995 -0.0328 0.0000
vn 0.0328 -0.9995 0.0000
vn 0.9995 0.0328 0.0000
usemtl wall_1
s off
g walls
f 1/1/2 2/2/2 3/3/2
f 4/4/2 3/3/2 2/2/2
f 3/3/3 4/4/3 5/5/3
f 6/6/3 5/5/3 4/4/3
f 5/5/4 6/6/4 7/7/4
f 8/8/4 7/7/4 6/6/4
f 7/7/5 8/8/5 1/1/5
f 2/2/5 1/1/5 8/8/5
f 2/1/1 6/1/1 4/1/1
f 2/1/1 8/1/1 6/1/1
f 9/9/6 10/10/6 11/11/6
f 12/12/6 11/11/6 10/10/6
f 11/11/7 12/12/7 13/13/7
f 14/14/7 13/13/7 12/12/7
f 13/13/8 14/14/8 15/15/8
f 16/16/8 15/15/8 14/14/8
f 15/15/9 16/16/9 9/9/9
f 10/10/9 9/9/9 16/16/9
f 10/1/1 14/1/1 12/1/1
f 10/1/1 16/1/1 14/1/1
f 17/17/10 18/18/10 19/19/10
f 20/20/10 19/19/10 18/18/10
f 19/19/11 20/20/11 21/21/11
f 22/22/11 21/21/11 20/20/11
f 21/21/12 22/22/12 23/23/12
f 24/24/12 23/23/12 22/22/12
f 23/23/13 24/24/13 17/17/13
f 18/18/13 17/17/13 24/24/13
f 18/1/1 22/1/1 20/1/1
f 18/1/1 24/1/1 22/1/1
f 25/25/14 26/26/14 27/27/14
f 28/28/14 27/27/14 26/26/14
f 27/27/15 28/28/15 29/29/15
f 30/30/15 29/29/15 28/28/15
f 29/29/16 30/30/16 31/31/16
f 32/32/16 31/31/16 30/30/16
f 31/31/17 32/32/17 25/25/17
f 26/26/17 25/25/17 32/32/17
f 26/1/1 30/1/1 28/1/1
f 26/1/1 32/1/1 30/1/1
f 33/33/18 34/34/18 35/35/18
f 36/36/18 35/35/18 34/34/18
f 35/35/19 36/36/19 37/37/19
f 38/38/19 37/37/19 36/36/19
f 37/37/20 38/38/20 39/39/20
f 40/40/20 39/39/20 38/38/20
f 39/39/21 40/40/21 33/33/21
f 34/34/21 33/33/21 40/40/21
f 34/1/1 38/1/1 36/1/1
f 34/1/1 40/1/1 38/1/1
f 41/41/22 42/42/22 43/43/22
f 44/44/22 43/43/22 42/42/22
f 43/43/23 44/44/23 45/45/23
f 46/46/23 45/45/23 44/44/23
f 45/45/24 46/46/24 47/47/24
f 48/48/24 47/47/24 46/46/24
f 47/47/25 48/48/25 41/41/25
f 42/42/25 41/41/25 48/48/25
f 42/1/1 46/1/1 44/1/1
f 42/1/1 48/1/1 46/1/1
f 49/49/26 50/50/26 51/51/26
f 52/52/26 51/51/26 50/50/26
f 51/51/27 52/52/27 53/53/27
f 54/54/27 53/53/27 52/52/27
f 53/53/28 54/54/28 55/55/28
f 56/56/28 55/55/28 54/54/28
f 55/55/29 56/56/29 49/49/29
f 50/50/29 49/49/29 56/56/29
f 50/1/1 54/1/1 52/1/1
f 50/1/1 56/1/1 54/1/1
f 57/57/30 58/58/30 59/59/30
f 60/60/30 59/59/30 58/58/30
f 59/59/31 60/60/31 61/61/31
f 62/62/31 61/61/31 60/60/31
f 61/61/32 62/62/32 63/63/32
f 64/64/32 63/63/32 62/62/32
f 63/63/33 64/64/33 57/57/33
f 58/58/33 57/57/33 64/64/33
f 58/1/1 62/1/1 60/1/1
f 58/1/1 64/1/1 62/1/1
f 65/65/34 66/66/34 67/67/34
f 68/68/34 67/67/34 66/66/34
f 67/67/35 68/68/35 69/69/35
f 70/70/35 69/69/35 68/68/35
f 69/69/36 70/70/36 71/71/36
f 72/72/36 71/71/36 70/70/36
f 71/71/37 72/72/37 65/65/37
f 66/66/37 65/65/37 72/72/37
f 66/1/1 70/1/1 68/1/1
f 66/1/1 72/1/1 70/1/1
f 73/73/38 74/74/38 75/75/38
f 76/76/38 75/75/38 74/74/38
f 75/75/39 76/76/39 77/77/39
f 78/78/39 77/77/39 76/76/39
f 77/77/40 78/78/40 79/79/40
f 80/80/40 79/79/40 78/78/40
f 79/79/41 80/80/41 73/73/41
f 74/74/41 73/73/41 80/80/41
f 74/1/1 78/1/1 76/1/1
f 74/1/1 80/1/1 78/1/1
f 81/81/42 82/82/42 83/83/42
f 84/84/42 83/83/42 82/82/42
f 83/83/43 84/84/43 85/85/43
f 86/86/43 85/85/43 84/84/43
f 85/85/44 86/86/44 87/87/44
f 88/88/44 87/87/44 86/86/44
f 87/87/45 88/88/45 81/81/45
f 82/82/45 81/81/45 88/88/45
f 82/1/1 86/1/1 84/1/1
f 82/1/1 88/1/1 86/1/1
f 89/89/46 90/90/46 91/91/46
f 92/92/46 91/91/46 90/90/46
f 91/91/47 92/92/47 93/93/47
f 94/94/47 93/93/47 92/92/47
f 93/93/48 94/94/48 95/95/48
f 96/96/48 95/95/48 94/94/48
f 95/95/49 96/96/49 89/89/49
f 90/90/49 89/89/49 96/96/49
f 90/1/1 94/1/1 92/1/1
f 90/1/1 96/1/1 94/1/1
f 97/97/50 98/98/50 99/99/50
f 100/100/50 99/99/50 98/98/50
f 99/99/51 100/100/51 101/101/51
f 102/102/51 101/101/51 100/100/51
f 101/101/52 102/102/52 103/103/52
f 104/104/52 103/103/52 102/102/52
f 103/103/53 104/104/53 97/97/53
f 98/98/53 97/97/53 104/104/53
f 98/1/1 102/1/1 100/1/1
f 98/1/1 104/1/1 102/1/1
f 105/105/54 106/106/54 107/107/54
f 108/108/54 107/107/54 106/106/54
f 107/107/55 108/108/55 109/109/55
f 110/110/55 109/109/55 108/108/55
f 109/109/56 110/110/56 111/111/56
f 112/112/56 111/111/56 110/110/56
f 111/111/57 112/112/57 105/105/57
f 106/106/57 105/105/57 112/112/57
f 106/1/1 110/1/1 108/1/1
f 106/1/1 112/1/1 110/1/1
f 113/113/58 114/114/58 115/115/58
f 116/116/58 115/115/58 114/114/58
f 115/115/59 116/116/59 117/117/59
f 118/118/59 117/117/59 116/116/59
f 117/117/60 118/118/60 119/119/60
f 120/120/60 119/119/60 118/118/60
f 119/119/61 120/120/61 113/113/61
f 114/114/61 113/113/61 120/120/61
f 114/1/1 118/1/1 116/1/1
f 114/1/1 120/1/1 118/1/1
f 121/121/62 122/122/62 123/123/62
f 124/124/62 123/123/62 122/122/62
f 123/123/63 124/124/63 125/125/63
f 126/126/63 125/125/63 124/124/63
f 125/125/64 126/126/64 127/127/64
f 128/128/64 127/127/64 126/126/64
f 127/127/65 128/128/65 121/121/65
f 122/122/65 121/121/65 128/128/65
f 122/1/1 126/1/1 124/1/1
f 122/1/1 128/1/1 126/1/1
f 129/129/66 130/130/66 131/131/66
f 132/132/66 131/131/66 130/130/66
f 131/131/67 132/132/67 133/133/67
f 134/134/67 133/133/67 132/132/67
f 133/133/68 134/134/68 135/135/68
f 136/136/68 135/135/68 134/134/68
f 135/135/69 136/136/69 129/129/69
f 130/130/69 129/129/69 136/136/69
f 130/1/1 134/1/1 132/1/1
f 130/1/1 136/1/1 134/1/1
f 137/137/70 138/138/70 139/139/70
f 140/140/70 139/139/70 138/138/70
f 139/139/71 140/140/71 141/141/71
f 142/142/71 141/141/71 140/140/71
f 141/141/72 142/142/72 143/143/72
f 144/144/72 143/143/72 142/142/72
f 143/143/73 144/144/73 137/137/73
f 138/138/73 137/137/73 144/144/73
f 138/1/1 142/1/1 140/1/1
f 138/1/1 144/1/1 142/1/1
f 145/145/74 146/146/74 147/147/74
f 148/148/74 147/147/74 146/146/74
f 147/147/75 148/148/75 149/149/75
f 150/150/75 149/149/75 148/148/75
f 149/149/76 150/150/76 151/151/76
f 152/152/76 151/151/76 150/150/76
f 151/151/77 152/152/77 145/145/77
f 146/146/77 145/145/77 152/152/77
f 146/1/1 150/1/1 148/1/1
f 146/1/1 152/1/1 150/1/1
f 153/153/78 154/154/78 155/155/78
f 156/156/78 155/155/78 154/154/78
f 155/155/79 156/156/79 157/157/79
f 158/158/79 157/157/79 156/156/79
f 157/157/80 158/158/80 159/159/80
f 160/160/80 159/159/80 158/158/80
f 159/159/81 160/160/81 153/153/81
f 154/154/81 153/153/81 160/160/81
f 154/1/1 158/1/1 156/1/1
f 154/1/1 160/1/1 158/1/1
f 161/161/82 162/162/82 163/163/82
f 164/164/82 163/163/82 162/162/82
f 163/163/83 164/164/83 165/165/83
f 166/166/83 165/165/83 164/164/83
f 165/165/84 166/166/84 167/167/84
f 168/168/84 167/167/84 166/166/84
f 167/167/85 168/168/85 161/161/85
f 162/162/85 161/161/85 168/168/85
f 162/1/1 166/1/1 164/1/1
f 162/1/1 168/1/1 166/1/1
f 169/169/86 170/170/86 171/171/86
f 172/172/86 171/171/86 170/170/86
f 171/171/87 172/172/87 173/173/87
f 174/174/87 173/173/87 172/172/87
f 173/173/88 174/174/88 175/175/88
f 176/176/88 175/175/88 174/174/88
f 175/175/89 176/176/89 169/169/89
f 170/170/89 169/169/89 176/176/89
f 170/1/1 174/1/1 172/1/1
f 170/1/1 176/1/1 174/1/1
f 177/177/90 178/178/90 179/179/90
f 180/180/90 179/179/90 178/178/90
f 179/179/91 180/180/91 181/181/91
f 182/182/91 181/181/91 180/180/91
f 181/181/92 182/182/92 183/183/92
f 184/184/92 183/183/92 182/182/92
f 183/183/93 184/184/93 177/177/93
f 178/178/93 177/177/93 184/184/93
f 178/1/1 182/1/1 180/1/1
f 178/1/1 184/1/1 182/1/1
f 185/185/94 186/186/94 187/187/94
f 188/188/94 187/187/94 186/186/94
f 187/187/95 188/188/95 189/189/95
f 190/190/95 189/189/95 188/188/95
f 189/189/96 190/190/96 191/191/96
f 192/192/96 191/191/96 190/190/96
f 191/191/97 192/192/97 185/185/97
f 186/186/97 185/185/97 192/192/97
f 186/1/1 190/1/1 188/1/1
f 186/1/1 192/1/1 190/1/1
f 193/193/98 194/194/98 195/195/98
f 196/196/98 195/195/98 194/194/98
f 195/195/99 196/196/99 197/197/99
f 198/198/99 197/197/99 196/196/99
f 197/197/100 198/198/100 199/199/100
f 200/200/100 199/199/100 198/198/100
f 199/199/101 200/200/101 193/193/101
f 194/194/101 193/193/101 200/200/101
f 194/1/1 198/1/1 196/1/1
f 194/1/1 200/1/1 198/1/1
f 201/201/102 202/202/102 203/203/102
f 204/204/102 203/203/102 202/202/102
f 203/203/103 204/204/103 205/205/103
f 206/206/103 205/205/103 204/204/103
f 205/205/104 206/206/104 207/207/104
f 208/208/104 207/207/104 206/206/104
f 207/207/105 208/208/105 201/201/105
f 202/202/105 201/201/105 208/208/105
f 202/1/1 206/1/1 204/1/1
f 202/1/1 208/1/1 206/1/1
f 209/209/106 210/210/106 211/211/106
f 212/212/106 211/211/106 210/210/106
f 211/211/107 212/212/107 213/213/107
f 214/214/107 213/213/107 212/212/107
f 213/213/108 214/214/108 215/215/108
f 216/216/108 215/215/108 214/214/108
f 215/215/109 216/216/109 209/209/109
f 210/210/109 209/209/109 216/216/109
f 210/1/1 214/1/1 212/1/1
f 210/1/1 216/1/1 214/1/1
f 217/217/110 218/218/110 219/219/110
f 220/220/110 219/219/110 218/218/110
f 219/219/111 220/220/111 221/221/111
f 222/222/111 221/221/111 220/220/111
f 221/221/112 222/222/112 223/223/112
f 224/224/112 223/223/112 222/222/112
f 223/223/113 224/224/113 217/217/113
f 218/218/113 217/217/113 224/224/113
f 218/1/1 222/1/1 220/1/1
f 218/1/1 224/1/1 222/1/1
f 225/225/114 226/226/114 227/227/114
f 228/228/114 227/227/114 226/226/114
f 227/227/115 228/228/115 229/229/115
f 230/230/115 229/229/115 228/228/115
f 229/229/116 230/230/116 231/231/116
f 232/232/116 231/231/116 230/230/116
f 231/231/117 232/232/117 225/225/117
f 226/226/117 225/225/117 232/232/117
f 226/1/1 230/1/1 228/1/1
f 226/1/1 232/1/1 230/1/1
f 233/233/118 234/234/118 235/235/118
f 236/236/118 235/235/118 234/234/118
f 235/235/119 236/236/119 237/237/119
f 238/238/119 237/237/119 236/236/119
f 237/237/120 238/238/120 239/239/120
f 240/240/120 239/239/120 238/238/120
f 239/239/121 240/240/121 233/233/121
f 234/234/121 233/233/121 240/240/121
f 234/1/1 238/1/1 236/1/1
f 234/1/1 240/1/1 238/1/1
f 241/241/122 242/242/122 243/243/122
f 244/244/122 243/243/122 242/242/122
f 243/243/123 244/244/123 245/245/123
f 246/246/123 245/245/123 244/244/123
f 245/245/124 246/246/124 247/247/124
f 248/248/124 247/247/124 246/246/124
f 247/247/125 248/248/125 241/241/125
f 242/242/125 241/241/125 248/248/125
f 242/1/1 246/1/1 244/1/1
f 242/1/1 248/1/1 246/1/1
f 249/249/126 250/250/126 251/251/126
f 252/252/126 251/251/126 250/250/126
f 251/251/127 252/252/127 253/253/127
f 254/254/127 253/253/127 252/252/127
f 253/253/128 254/254/128 255/255/128
f 256/256/128 255/255/128 254/254/128
f 255/255/129 256/256/129 249/249/129
f 250/250/129 249/249/129 256/256/129
f 250/1/1 254/1/1 252/1/1
f 250/1/1 256/1/1 254/1/1
f 257/257/130 258/258/130 259/259/130
f 260/260/130 259/259/130 258/258/130
f 259/259/131 260/260/131 261/261/131
f 262/262/131 261/261/131 260/260/131
f 261/261/132 262/262/132 263/263/132
f 264/264/132 263/263/132 262/262/132
f 263/263/133 264/264/133 257/257/133
f 258/258/133 257/257/133 264/264/133
f 258/1/1 262/1/1 260/1/1
f 258/1/1 264/1/1 262/1/1
f 265/265/134 266/266/134 267/267/134
f 268/268/134 267/267/134 266/266/134
f 267/267/135 268/268/135 269/269/135
f 270/270/135 269/269/135 268/268/135
f 269/269/136 270/270/136 271/271/136
f 272/272/136 271/271/136 270/270/136
f 271/271/137 272/272/137 265/265/137
f 266/266/137 265/265/137 272/272/137
f 266/1/1 270/1/1 268/1/1
f 266/1/1 272/1/1 270/1/1
f 273/273/138 274/274/138 275/275/138
f 276/276/138 275/275/138 274/274/138
f 275/275/139 276/276/139 277/277/139
f 278/278/139 277/277/139 276/276/139
f 277/277/140 278/278/140 279/279/140
f 280/280/140 279/279/140 278/278/140
f 279/279/141 280/280/141 273/273/141
f 274/274/141 273/273/141 280/280/141
f 274/1/1 278/1/1 276/1/1
f 274/1/1 280/1/1 278/1/1
f 281/281/142 282/282/142 283/283/142
f 284/284/142 283/283/142 282/282/142
f 283/283/143 284/284/143 285/285/143
f 286/286/143 285/285/143 284/284/143
f 285/285/144 286/286/144 287/287/144
f 288/288/144 287/287/144 286/286/144
f 287/287/145 288/288/145 281/281/145
f 282/282/145 281/281/145 288/288/145
f 282/1/1 286/1/1 284/1/1
f 282/1/1 288/1/1 286/1/1
f 289/289/146 290/290/146 291/291/146
f 292/292/146 291/291/146 290/290/146
f 291/291/147 292/292/147 293/293/147
f 294/294/147 293/293/147 292/292/147
f 293/293/148 294/294/148 295/295/148
f 296/296/148 295/295/148 294/294/148
f 295/295/149 296/296/149 289/289/149
f 290/290/149 289/289/149 296/296/149
f 290/1/1 294/1/1 292/1/1
f 290/1/1 296/1/1 294/1/1
f 297/297/150 298/298/150 299/299/150
f 300/300/150 299/299/150 298/298/150
f 299/299/151 300/300/151 301/301/151
f 302/302/151 301/301/151 300/300/151
f 301/301/152 302/302/152 303/303/152
f 304/304/152 303/303/152 302/302/152
f 303/303/153 304/304/153 297/297/153
f 298/298/153 297/297/153 304/304/153
f 298/1/1 302/1/1 300/1/1
f 298/1/1 304/1/1 302/1/1
f 305/305/154 306/306/154 307/307/154
f 308/308/154 307/307/154 306/306/154
f 307/307/155 308/308/155 309/309/155
f 310/310/155 309/309/155 308/308/155
f 309/309/156 310/310/156 311/311/156
f 312/312/156 311/311/156 310/310/156
f 311/311/157 312/312/157 305/305/157
f 306/306/157 305/305/157 312/312/157
f 306/1/1 310/1/1 308/1/1
f 306/1/1 312/1/1 310/1/1
f 313/313/158 314/314/158 315/315/158
f 316/316/158 315/315/158 314/314/158
f 315/315/159 316/316/159 317/317/159
f 318/318/159 317/317/159 316/316/159
f 317/317/160 318/318/160 319/319/160
f 320/320/160 319/319/160 318/318/160
f 319/319/161 320/320/161 313/313/161
f 314/314/161 313/313/161 320/320/161
f 314/1/1 318/1/1 316/1/1
f 314/1/1 320/1/1 318/1/1
f 321/321/162 322/322/162 323/323/162
f 324/324/162 323/323/162 322/322/162
f 323/323/163 324/324/163 325/325/163
f 326/326/163 325/325/163 324/324/163
f 325/325/164 326/326/164 327/327/164
f 328/328/164 327/327/164 326/326/164
f 327/327/165 328/328/165 321/321/165
f 322/322/165 321/321/165 328/328/165
f 322/1/1 326/1/1 324/1/1
f 322/1/1 328/1/1 326/1/1
f 329/329/166 330/330/166 331/331/166
f 332/332/166 331/331/166 330/330/166
f 331/331/167 332/332/167 333/333/167
f 334/334/167 333/333/167 332/332/167
f 333/333/168 334/334/168 335/335/168
f 336/336/168 335/335/168 334/334/168
f 335/335/169 336/336/169 329/329/169
f 330/330/169 329/329/169 336/336/169
f 330/1/1 334/1/1 332/1/1
f 330/1/1 336/1/1 334/1/1
f 337/337/170 338/338/170 339/339/170
f 340/340/170 339/339/170 338/338/170
f 339/339/171 340/340/171 341/341/171
f 342/342/171 341/341/171 340/340/171
f 341/341/172 342/342/172 343/343/172
f 344/344/172 343/343/172 342/342/172
f 343/343/173 344/344/173 337/337/173
f 338/338/173 337/337/173 344/344/173
f 338/1/1 342/1/1 340/1/1
f 338/1/1 344/1/1 342/1/1
f 345/345/174 346/346/174 347/347/174
f 348/348/174 347/347/174 346/346/174
f 347/347/175 348/348/175 349/349/175
f 350/350/175 349/349/175 348/348/175
f 349/349/176 350/350/176 351/351/176
f 352/352/176 351/351/176 350/350/176
f 351/351/177 352/352/177 345/345/177
f 346/346/177 345/345/177 352/352/177
f 346/1/1 350/1/1 348/1/1
f 346/1/1 352/1/1 350/1/1
f 353/353/178 354/354/178 355/355/178
f 356/356/178 355/355/178 354/354/178
f 355/355/179 356/356/179 357/357/179
f 358/358/179 357/357/179 356/356/179
f 357/357/180 358/358/180 359/359/180
f 360/360/180 359/359/180 358/358/180
f 359/359/181 360/360/181 353/353/181
f 354/354/181 353/353/181 360/360/181
f 354/1/1 358/1/1 356/1/1
f 354/1/1 360/1/1 358/1/1
f 361/361/182 362/362/182 363/363/182
f 364/364/182 363/363/182 362/362/182
f 363/363/183 364/364/183 365/365/183
f 366/366/183 365/365/183 364/364/183
f 365/365/184 366/366/184 367/367/184
f 368/368/184 367/367/184 366/366/184
f 367/367/185 368/368/185 361/361/185
f 362/362/185 361/361/185 368/368/185
f 362/1/1 366/1/1 364/1/1
f 362/1/1 368/1/1 366/1/1
f 369/369/186 370/370/186 371/371/186
f 372/372/186 371/371/186 370/370/186
f 371/371/187 372/372/187 373/373/187
f 374/374/187 373/373/187 372/372/187
f 373/373/188 374/374/188 375/375/188
f 376/376/188 375/375/188 374/374/188
f 375/375/189 376/376/189 369/369/189
f 370/370/189 369/369/189 376/376/189
f 370/1/1 374/1/1 372/1/1
f 370/1/1 376/1/1 374/1/1
f 377/377/190 378/378/190 379/379/190
f 380/380/190 379/379/190 378/378/190
f 379/379/191 380/380/191 381/381/191
f 382/382/191 381/381/191 380/380/191
f 381/381/192 382/382/192 383/383/192
f 384/384/192 383/383/192 382/382/192
f 383/383/193 384/384/193 377/377/193
f 378/378/193 377/377/193 384/384/193
f 378/1/1 382/1/1 380/1/1
f 378/1/1 384/1/1 382/1/1
f 385/385/194 386/386/194 387/387/194
f 388/388/194 387/387/194 386/386/194
f 387/387/195 388/388/195 389/389/195
f 390/390/195 389/389/195 388/388/195
f 389/389/196 390/390/196 391/391/196
f 392/392/196 391/391/196 390/390/196
f 391/391/197 392/392/197 385/385/197
f 386/386/197 385/385/197 392/392/197
f 386/1/1 390/1/1 388/1/1
f 386/1/1 392/1/1 390/1/1
f 393/393/198 394/394/198 395/395/198
f 396/396/198 395/395/198 394/394/198
f 395/395/199 396/396/199 397/397/199
f 398/398/199 397/397/199 396/396/199
f 397/397/200 398/398/200 399/399/200
f 400/400/200 399/399/200 398/398/200
f 399/399/201 400/400/201 393/393/201
f 394/394/201 393/393/201 400/400/201
f 394/1/1 398/1/1 396/1/1
f 394/1/1 400/1/1 398/1/1
f 401/401/202 402/402/202 403/403/202
f 404/404/202 403/403/202 402/402/202
f 403/403/203 404/404/203 405/405/203
f 406/406/203 405/405/203 404/404/203
f 405/405/204 406/406/204 407/407/204
f 408/408/204 407/407/204 406/406/204
f 407/407/205 408/408/205 401/401/205
f 402/402/205 401/401/205 408/408/205
f 402/1/1 406/1/1 404/1/1
f 402/1/1 408/1/1 406/1/1
f 409/409/206 410/410/206 411/411/206
f 412/412/206 411/411/206 410/410/206
f 411/411/207 412/412/207 413/413/207
f 414/414/207 413/413/207 412/412/207
f 413/413/208 414/414/208 415/415/208
f 416/416/208 415/415/208 414/414/208
f 415/415/209 416/416/209 409/409/209
f 410/410/209 409/409/209 416/416/209
f 410/1/1 414/1/1 412/1/1
f 410/1/1 416/1/1 414/1/1
f 417/417/210 418/418/210 419/419/210
f 420/420/210 419/419/210 418/418/210
f 419/419/211 420/420/211 421/421/211
f 422/422/211 421/421/211 420/420/211
f 421/421/212 422/422/212 423/423/212
f 424/424/212 423/423/212 422/422/212
f 423/423/213 424/424/213 417/417/213
f 418/418/213 417/417/213 424/424/213
f 418/1/1 422/1/1 420/1/1
f 418/1/1 424/1/1 422/1/1
f 425/425/214 426/426/214 427/427/214
f 428/428/214 427/427/214 426/426/214
f 427/427/215 428/428/215 429/429/215
f 430/430/215 429/429/215 428/428/215
f 429/429/216 430/430/216 431/431/216
f 432/432/216 431/431/216 430/430/216
f 431/431/217 432/432/217 425/425/217
f 426/426/217 425/425/217 432/432/217
f 426/1/1 430/1/1 428/1/1
f 426/1/1 432/1/1 430/1/1
f 433/433/218 434/434/218 435/435/218
f 436/436/218 435/435/218 434/434/218
f 435/435/219 436/436/219 437/437/219
f 438/438/219 437/437/219 436/436/219
f 437/437/220 438/438/220 439/439/220
f 440/440/220 439/439/220 438/438/220
f 439/439/221 440/440/221 433/433/221
f 434/434/221 433/433/221 440/440/221
f 434/1/1 438/1/1 436/1/1
f 434/1/1 440/1/1 438/1/1
f 441/441/222 442/442/222 443/443/222
f 444/444/222 443/443/222 442/442/222
f 443/443/223 444/444/223 445/445/223
f 446/446/223 445/445/223 444/444/223
f 445/445/224 446/446/224 447/447/224
f 448/448/224 447/447/224 446/446/224
f 447/447/225 448/448/225 441/441/225
f 442/442/225 441/441/225 448/448/225
f 442/1/1 446/1/1 444/1/1
f 442/1/1 448/1/1 446/1/1
f 449/449/226 450/450/226 451/451/226
f 452/452/226 451/451/226 450/450/226
f 451/451/227 452/452/227 453/453/227
f 454/454/227 453/453/227 452/452/227
f 453/453/228 454/454/228 455/455/228
f 456/456/228 455/455/228 454/454/228
f 455/455/229 456/456/229 449/449/229
f 450/450/229 449/449/229 456/456/229
f 450/1/1 454/1/1 452/1/1
f 450/1/1 456/1/1 454/1/1
f 457/457/230 458/458/230 459/459/230
f 460/460/230 459/459/230 458/458/230
f 459/459/231 460/460/231 461/461/231
f 462/462/231 461/461/231 460/460/231
f 461/461/232 462/462/232 463/463/232
f 464/464/232 463/463/232 462/462/232
f 463/463/233 464/464/233 457/457/233
f 458/458/233 457/457/233 464/464/233
f 458/1/1 462/1/1 460/1/1
f 458/1/1 464/1/1 462/1/1
f 465/465/234 466/466/234 467/467/234
f 468/468/234 467/467/234 466/466/234
f 467/467/235 468/468/235 469/469/235
f 470/470/235 469/469/235 468/468/235
f 469/469/236 470/470/236 471/471/236
f 472/472/236 471/471/236 470/470/236
f 471/471/237 472/472/237 465/465/237
f 466/466/237 465/465/237 472/472/237
f 466/1/1 470/1/1 468/1/1
f 466/1/1 472/1/1 470/1/1
f 473/473/238 474/474/238 475/475/238
f 476/476/238 475/475/238 474/474/238
f 475/475/239 476/476/239 477/477/239
f 478/478/239 477/477/239 476/476/239
f 477/477/240 478/478/240 479/479/240
f 480/480/240 479/479/240 478/478/240
f 479/479/241 480/480/241 473/473/241
f 474/474/241 473/473/241 480/480/241
f 474/1/1 478/1/1 476/1/1
f 474/1/1 480/1/1 478/1/1
f 481/481/242 482/482/242 483/483/242
f 484/484/242 483/483/242 482/482/242
f 483/483/243 484/484/243 485/485/243
f 486/486/243 485/485/243 484/484/243
f 485/485/244 486/486/244 487/487/244
f 488/488/244 487/487/244 486/486/244
f 487/487/245 488/488/245 481/481/245
f 482/482/245 481/481/245 488/488/245
f 482/1/1 486/1/1 484/1/1
f 482/1/1 488/1/1 486/1/1
f 489/489/246 490/490/246 491/491/246
f 492/492/246 491/491/246 490/490/246
f 491/491/247 492/492/247 493/493/247
f 494/494/247 493/493/247 492/492/247
f 493/493/248 494/494/248 495/495/248
f 496/496/248 495/495/248 494/494/248
f 495/495/249 496/496/249 489/489/249
f 490/490/249 489/489/249 496/496/249
f 490/1/1 494/1/1 492/1/1
f 490/1/1 496/1/1 494/1/1
f 497/497/250 498/498/250 499/499/250
f 500/500/250 499/499/250 498/498/250
f 499/499/251 500/500/251 501/501/251
f 502/502/251 501/501/251 500/500/251
f 501/501/252 502/502/252 503/503/252
f 504/504/252 503/503/252 502/502/252
f 503/503/253 504/504/253 497/497/253
f 498/498/253 497/497/253 504/504/253
f 498/1/1 502/1/1 500/1/1
f 498/1/1 504/1/1 502/1/1
f 505/505/254 506/506/254 507/507/254
f 508/508/254 507/507/254 506/506/254
f 507/507/255 508/508/255 509/509/255
f 510/510/255 509/509/255 508/508/255
f 509/509/256 510/510/256 511/511/256
f 512/512/256 511/511/256 510/510/256
f 511/511/257 512/512/257 505/505/257
f 506/506/257 505/505/257 512/512/257
f 506/1/1 510/1/1 508/1/1
f 506/1/1 512/1/1 510/1/1
f 513/513/258 514/514/258 515/515/258
f 516/516/258 515/515/258 514/514/258
f 515/515/259 516/516/259 517/517/259
f 518/518/259 517/517/259 516/516/259
f 517/517/260 518/518/260 519/519/260
f 520/520/260 519/519/260 518/518/260
f 519/519/261 520/520/261 513/513/261
f 514/514/261 513/513/261 520/520/261
f 514/1/1 518/1/1 516/1/1
f 514/1/1 520/1/1 518/1/1
f 521/521/262 522/522/262 523/523/262
f 524/524/262 523/523/262 522/522/262
f 523/523/263 524/524/263 525/525/263
f 526/526/263 525/525/263 524/524/263
f 525/525/264 526/526/264 527/527/264
f 528/528/264 527/527/264 526/526/264
f 527/527/265 528/528/265 521/521/265
f 522/522/265 521/521/265 528/528/265
f 522/1/1 526/1/1 524/1/1
f 522/1/1 528/1/1 526/1/1
f 529/529/266 530/530/266 531/531/266
f 532/532/266 531/531/266 530/530/266
f 531/531/267 532/532/267 533/533/267
f 534/534/267 533/533/267 532/532/267
f 533/533/268 534/534/268 535/535/268
f 536/536/268 535/535/268 534/534/268
f 535/535/269 536/536/269 529/529/269
f 530/530/269 529/529/269 536/536/269
f 530/1/1 534/1/1 532/1/1
f 530/1/1 536/1/1 534/1/1
f 537/537/270 538/538/270 539/539/270
f 540/540/270 539/539/270 538/538/270
f 539/539/271 540/540/271 541/541/271
f 542/542/271 541/541/271 540/540/271
f 541/541/272 542/542/272 543/543/272
f 544/544/272 543/543/272 542/542/272
f 543/543/273 544/544/273 537/537/273
f 538/538/273 537/537/273 544/544/273
f 538/1/1 542/1/1 540/1/1
f 538/1/1 544/1/1 542/1/1
f 545/545/274 546/546/274 547/547/274
f 548/548/274 547/547/274 546/546/274
f 547/547/275 548/548/275 549/549/275
f 550/550/275 549/549/275 548/548/275
f 549/549/276 550/550/276 551/551/276
f 552/552/276 551/551/276 550/550/276
f 551/551/277 552/552/277 545/545/277
f 546/546/277 545/545/277 552/552/277
f 546/1/1 550/1/1 548/1/1
f 546/1/1 552/1/1 550/1/1
f 553/553/278 554/554/278 555/555/278
f 556/556/278 555/555/278 554/554/278
f 555/555/279 556/556/279 557/557/279
f 558/558/279 557/557/279 556/556/279
f 557/557/280 558/558/280 559/559/280
f 560/560/280 559/559/280 558/558/280
f 559/559/281 560/560/281 553/553/281
f 554/554/281 553/553/281 560/560/281
f 554/1/1 558/1/1 556/1/1
f 554/1/1 560/1/1 558/1/1
f 561/561/282 562/562/282 563/563/282
f 564/564/282 563/563/282 562/562/282
f 563/563/283 564/564/283 565/565/283
f 566/566/283 565/565/283 564/564/283
f 565/565/284 566/566/284 567/567/284
f 568/568/284 567/567/284 566/566/284
f 567/567/285 568/568/285 561/561/285
f 562/562/285 561/561/285 568/568/285
f 562/1/1 566/1/1 564/1/1
f 562/1/1 568/1/1 566/1/1
f 569/569/286 570/570/286 571/571/286
f 572/572/286 571/571/286 570/570/286
f 571/571/287 572/572/287 573/573/287
f 574/574/287 573/573/287 572/572/287
f 573/573/288 574/574/288 575/575/288
f 576/576/288 575/575/288 574/574/288
f 575/575/289 576/576/289 569/569/289
f 570/570/289 569/569/289 576/576/289
f 570/1/1 574/1/1 572/1/1
f 570/1/1 576/1/1 574/1/1
f 577/577/290 578/578/290 579/579/290
f 580/580/290 579/579/290 578/578/290
f 579/579/291 580/580/291 581/581/291
f 582/582/291 581/581/291 580/580/291
f 581/581/292 582/582/292 583/583/292
f 584/584/292 583/583/292 582/582/292
f 583/583/293 584/584/293 577/577/293
f 578/578/293 577/577/293 584/584/293
f 578/1/1 582/1/1 580/1/1
f 578/1/1 584/1/1 582/1/1
f 585/585/294 586/586/294 587/587/294
f 588/588/294 587/587/294 586/586/294
f 587/587/295 588/588/295 589/589/295
f 590/590/295 589/589/295 588/588/295
f 589/589/296 590/590/296 591/591/296
f 592/592/296 591/591/296 590/590/296
f 591/591/297 592/592/297 585/585/297
f 586/586/297 585/585/297 592/592/297
f 586/1/1 590/1/1 588/1/1
f 586/1/1 592/1/1 590/1/1
f 593/593/298 594/594/298 595/595/298
f 596/596/298 595/595/298 594/594/298
f 595/595/299 596/596/299 597/597/299
f 598/598/299 597/597/299 596/596/299
f 597/597/300 598/598/300 599/599/300
f 600/600/300 599/599/300 598/598/300
f 599/599/301 600/600/301 593/593/301
f 594/594/301 593/593/301 600/600/301
f 594/1/1 598/1/1 596/1/1
f 594/1/1 600/1/1 598/1/1
f 601/601/302 602/602/302 603/603/302
f 604/604/302 603/603/302 602/602/302
f 603/603/303 604/604/303 605/605/303
f 606/606/303 605/605/303 604/604/303
f 605/605/304 606/606/304 607/607/304
f 608/608/304 607/607/304 606/606/304
f 607/607/305 608/608/305 601/601/305
f 602/602/305 601/601/305 608/608/305
f 602/1/1 606/1/1 604/1/1
f 602/1/1 608/1/1 606/1/1
f 609/609/306 610/610/306 611/611/306
f 612/612/306 611/611/306 610/610/306
f 611/611/307 612/612/307 613/613/307
f 614/614/307 613/613/307 612/612/307
f 613/613/308 614/614/308 615/615/308
f 616/616/308 615/615/308 614/614/308
f 615/615/309 616/616/309 609/609/309
f 610/610/309 609/609/309 616/616/309
f 610/1/1 614/1/1 612/1/1
f 610/1/1 616/1/1 614/1/1
f 617/617/310 618/618/310 619/619/310
f 620/620/310 619/619/310 618/618/310
f 619/619/311 620/620/311 621/621/311
f 622/622/311 621/621/311 620/620/311
f 621/621/312 622/622/312 623/623/312
f 624/624/312 623/623/312 622/622/312
f 623/623/313 624/624/313 617/617/313
f 618/618/313 617/617/313 624/624/313
f 618/1/1 622/1/1 620/1/1
f 618/1/1 624/1/1 622/1/1
f 625/625/314 626/626/314 627/627/314
f 628/628/314 627/627/314 626/626/314
f 627/627/315 628/628/315 629/629/315
f 630/630/315 629/629/315 628/628/315
f 629/629/316 630/630/316 631/631/316
f 632/632/316 631/631/316 630/630/316
f 631/631/317 632/632/317 625/625/317
f 626/626/317 625/625/317 632/632/317
f 626/1/1 630/1/1 628/1/1
f 626/1/1 632/1/1 630/1/1
f 633/633/318 634/634/318 635/635/318
f 636/636/318 635/635/318 634/634/318
f 635/635/319 636/636/319 637/637/319
f 638/638/319 637/637/319 636/636/319
f 637/637/320 638/638/320 639/639/320
f 640/640/320 639/639/320 638/638/320
f 639/639/321 640/640/321 633/633/321
f 634/634/321 633/633/321 640/640/321
f 634/1/1 638/1/1 636/1/1
f 634/1/1 640/1/1 638/1/1
f 641/641/322 642/642/322 643/643/322
f 644/644/322 643/643/322 642/642/322
f 643/643/323 644/644/323 645/645/323
f 646/646/323 645/645/323 644/644/323
f 645/645/324 646/646/324 647/647/324
f 648/648/324 647/647/324 646/646/324
f 647/647/325 648/648/325 641/641/325
f 642/642/325 641/641/325 648/648/325
f 642/1/1 646/1/1 644/1/1
f 642/1/1 648/1/1 646/1/1
f 649/649/326 650/650/326 651/651/326
f 652/652/326 651/651/326 650/650/326
f 651/651/327 652/652/327 653/653/327
f 654/654/327 653/653/327 652/652/327
f 653/653/328 654/654/328 655/655/328
f 656/656/328 655/655/328 654/654/328
f 655/655/329 656/656/329 649/649/329
f 650/650/329 649/649/329 656/656/329
f 650/1/1 654/1/1 652/1/1
f 650/1/1 656/1/1 654/1/1
f 657/657/330 658/658/330 659/659/330
f 660/660/330 659/659/330 658/658/330
f 659/659/331 660/660/331 661/661/331
f 662/662/331 661/661/331 660/660/331
f 661/661/332 662/662/332 663/663/332
f 664/664/332 663/663/332 662/662/332
f 663/663/333 664/664/333 657/657/333
f 658/658/333 657/657/333 664/664/333
f 658/1/1 662/1/1 660/1/1
f 658/1/1 664/1/1 662/1/1
f 665/665/334 666/666/334 667/667/334
f 668/668/334 667/667/334 666/666/334
f 667/667/335 668/668/335 669/669/335
f 670/670/335 669/669/335 668/668/335
f 669/669/336 670/670/336 671/671/336
f 672/672/336 671/671/336 670/670/336
f 671/671/337 672/672/337 665/665/337
f 666/666/337 665/665/337 672/672/337
f 666/1/1 670/1/1 668/1/1
f 666/1/1 672/1/1 670/1/1
f 673/673/338 674/674/338 675/675/338
f 676/676/338 675/675/338 674/674/338
f 675/675/339 676/676/339 677/677/339
f 678/678/339 677/677/339 676/676/339
f 677/677/340 678/678/340 679/679/340
f 680/680/340 679/679/340 678/678/340
f 679/679/341 680/680/341 673/673/341
f 674/674/341 673/673/341 680/680/341
f 674/1/1 678/1/1 676/1/1
f 674/1/1 680/1/1 678/1/1
f 681/681/342 682/682/342 683/683/342
f 684/684/342 683/683/342 682/682/342
f 683/683/343 684/684/343 685/685/343
f 686/686/343 685/685/343 684/684/343
f 685/685/344 686/686/344 687/687/344
f 688/688/344 687/687/344 686/686/344
f 687/687/345 688/688/345 681/681/345
f 682/682/345 681/681/345 688/688/345
f 682/1/1 686/1/1 684/1/1
f 682/1/1 688/1/1 686/1/1
f 689/689/346 690/690/346 691/691/346
f 692/692/346 691/691/346 690/690/346
f 691/691/347 692/692/347 693/693/347
f 694/694/347 693/693/347 692/692/347
f 693/693/348 694/694/348 695/695/348
f 696/696/348 695/695/348 694/694/348
f 695/695/349 696/696/349 689/689/349
f 690/690/349 689/689/349 696/696/349
f 690/1/1 694/1/1 692/1/1
f 690/1/1 696/1/1 694/1/1
f 697/697/350 698/698/350 699/699/350
f 700/700/350 699/699/350 698/698/350
f 699/699/351 700/700/351 701/701/351
f 702/702/351 701/701/351 700/700/351
f 701/701/352 702/702/352 703/703/352
f 704/704/352 703/703/352 702/702/352
f 703/703/353 704/704/353 697/697/353
f 698/698/353 697/697/353 704/704/353
f 698/1/1 702/1/1 700/1/1
f 698/1/1 704/1/1 702/1/1
f 705/705/354 706/706/354 707/707/354
f 708/708/354 707/707/354 706/706/354
f 707/707/355 708/708/355 709/709/355
f 710/710/355 709/709/355 708/708/355
f 709/709/356 710/710/356 711/711/356
f 712/712/356 711/711/356 710/710/356
f 711/711/357 712/712/357 705/705/357
f 706/706/357 705/705/357 712/712/357
f 706/1/1 710/1/1 708/1/1
f 706/1/1 712/1/1 710/1/1
f 713/713/358 714/714/358 715/715/358
f 716/716/358 715/715/358 714/714/358
f 715/715/359 716/716/359 717/717/359
f 718/718/359 717/717/359 716/716/359
f 717/717/360 718/718/360 719/719/360
f 720/720/360 719/719/360 718/718/360
f 719/719/361 720/720/361 713/713/361
f 714/714/361 713/713/361 720/720/361
f 714/1/1 718/1/1 716/1/1
f 714/1/1 720/1/1 718/1/1
f 721/721/362 722/722/362 723/723/362
f 724/724/362 723/723/362 722/722/362
f 723/723/363 724/724/363 725/725/363
f 726/726/363 725/725/363 724/724/363
f 725/725/364 726/726/364 727/727/364
f 728/728/364 727/727/364 726/726/364
f 727/727/365 728/728/365 721/721/365
f 722/722/365 721/721/365 728/728/365
f 722/1/1 726/1/1 724/1/1
f 722/1/1 728/1/1 726/1/1
f 729/729/366 730/730/366 731/731/366
f 732/732/366 731/731/366 730/730/366
f 731/731/367 732/732/367 733/733/367
f 734/734/367 733/733/367 732/732/367
f 733/733/368 734/734/368 735/735/368
f 736/736/368 735/735/368 734/734/368
f 735/735/369 736/736/369 729/729/369
f 730/730/369 729/729/369 736/736/369
f 730/1/1 734/1/1 732/1/1
f 730/1/1 736/1/1 734/1/1
f 737/737/370 738/738/370 739/739/370
f 740/740/370 739/739/370 738/738/370
f 739/739/371 740/740/371 741/741/371
f 742/742/371 741/741/371 740/740/371
f 741/741/372 742/742/372 743/743/372
f 744/744/372 743/743/372 742/742/372
f 743/743/373 744/744/373 737/737/373
f 738/738/373 737/737/373 744/744/373
f 738/1/1 742/1/1 740/1/1
f 738/1/1 744/1/1 742/1/1
f 745/745/374 746/746/374 747/747/374
f 748/748/374 747/747/374 746/746/374
f 747/747/375 748/748/375 749/749/375
f 750/750/375 749/749/375 748/748/375
f 749/749/376 750/750/376 751/751/376
f 752/752/376 751/751/376 750/750/376
f 751/751/377 752/752/377 745/745/377
f 746/746/377 745/745/377 752/752/377
f 746/1/1 750/1/1 748/1/1
f 746/1/1 752/1/1 750/1/1
f 753/753/378 754/754/378 755/755/378
f 756/756/378 755/755/378 754/754/378
f 755/755/379 756/756/379 757/757/379
f 758/758/379 757/757/379 756/756/379
f 757/757/380 758/758/380 759/759/380
f 760/760/380 759/759/380 758/758/380
f 759/759/381 760/760/381 753/753/381
f 754/754/381 753/753/381 760/760/381
f 754/1/1 758/1/1 756/1/1
f 754/1/1 760/1/1 758/1/1
f 761/761/382 762/762/382 763/763/382
f 764/764/382 763/763/382 762/762/382
f 763/763/383 764/764/383 765/765/383
f 766/766/383 765/765/383 764/764/383
f 765/765/384 766/766/384 767/767/384
f 768/768/384 767/767/384 766/766/384
f 767/767/385 768/768/385 761/761/385
f 762/762/385 761/761/385 768/768/385
f 762/1/1 766/1/1 764/1/1
f 762/1/1 768/1/1 766/1/1
f 769/769/386 770/770/386 771/771/386
f 772/772/386 771/771/386 770/770/386
f 771/771/387 772/772/387 773/773/387
f 774/774/387 773/773/387 772/772/387
f 773/773/388 774/774/388 775/775/388
f 776/776/388 775/775/388 774/774/388
f 775/775/389 776/776/389 769/769/389
f 770/770/389 769/769/389 776/776/389
f 770/1/1 774/1/1 772/1/1
f 770/1/1 776/1/1 774/1/1
f 777/777/390 778/778/390 779/779/390
f 780/780/390 779/779/390 778/778/390
f 779/779/391 780/780/391 781/781/391
f 782/782/391 781/781/391 780/780/391
f 781/781/392 782/782/392 783/783/392
f 784/784/392 783/783/392 782/782/392
f 783/783/393 784/784/393 777/777/393
f 778/778/393 777/777/393 784/784/393
f 778/1/1 782/1/1 780/1/1
f 778/1/1 784/1/1 782/1/1
f 785/785/394 786/786/394 787/787/394
f 788/788/394 787/787/394 786/786/394
f 787/787/395 788/788/395 789/789/395
f 790/790/395 789/789/395 788/788/395
f 789/789/396 790/790/396 791/791/396
f 792/792/396 791/791/396 790/790/396
f 791/791/397 792/792/397 785/785/397
f 786/786/397 785/785/397 792/792/397
f 786/1/1 790/1/1 788/1/1
f 786/1/1 792/1/1 790/1/1
f 793/793/398 794/794/398 795/795/398
f 796/796/398 795/795/398 794/794/398
f 795/795/399 796/796/399 797/797/399
f 798/798/399 797/797/399 796/796/399
f 797/797/400 798/798/400 799/799/400
f 800/800/400 799/799/400 798/798/400
f 799/799/401 800/800/401 793/793/401
f 794/794/401 793/793/401 800/800/401
f 794/1/1 798/1/1 796/1/1
f 794/1/1 800/1/1 798/1/1
f 801/801/402 802/802/402 803/803/402
f 804/804/402 803/803/402 802/802/402
f 803/803/403 804/804/403 805/805/403
f 806/806/403 805/805/403 804/804/403
f 805/805/404 806/806/404 807/807/404
f 808/808/404 807/807/404 806/806/404
f 807/807/405 808/808/405 801/801/405
f 802/802/405 801/801/405 808/808/405
f 802/1/1 806/1/1 804/1/1
f 802/1/1 808/1/1 806/1/1
f 809/809/406 810/810/406 811/811/406
f 812/812/406 811/811/406 810/810/406
f 811/811/407 812/812/407 813/813/407
f 814/814/407 813/813/407 812/812/407
f 813/813/408 814/814/408 815/815/408
f 816/816/408 815/815/408 814/814/408
f 815/815/409 816/816/409 809/809/409
f 810/810/409 809/809/409 816/816/409
f 810/1/1 814/1/1 812/1/1
f 810/1/1 816/1/1 814/1/1
f 817/817/410 818/818/410 819/819/410
f 820/820/410 819/819/410 818/818/410
f 819/819/411 820/820/411 821/821/411
f 822/822/411 821/821/411 820/820/411
f 821/821/412 822/822/412 823/823/412
f 824/824/412 823/823/412 822/822/412
f 823/823/413 824/824/413 817/817/413
f 818/818/413 817/817/413 824/824/413
f 818/1/1 822/1/1 820/1/1
f 818/1/1 824/1/1 822/1/1
f 825/825/414 826/826/414 827/827/414
f 828/828/414 827/827/414 826/826/414
f 827/827/415 828/828/415 829/829/415
f 830/830/415 829/829/415 828/828/415
f 829/829/416 830/830/416 831/831/416
f 832/832/416 831/831/416 830/830/416
f 831/831/417 832/832/417 825/825/417
f 826/826/417 825/825/417 832/832/417
f 826/1/1 830/1/1 828/1/1
f 826/1/1 832/1/1 830/1/1
f 833/833/418 834/834/418 835/835/418
f 836/836/418 835/835/418 834/834/418
f 835/835/419 836/836/419 837/837/419
f 838/838/419 837/837/419 836/836/419
f 837/837/420 838/838/420 839/839/420
f 840/840/420 839/839/420 838/838/420
f 839/839/421 840/840/421 833/833/421
f 834/834/421 833/833/421 840/840/421
f 834/1/1 838/1/1 836/1/1
f 834/1/1 840/1/1 838/1/1
f 841/841/422 842/842/422 843/843/422
f 844/844/422 843/843/422 842/842/422
f 843/843/423 844/844/423 845/845/423
f 846/846/423 845/845/423 844/844/423
f 845/845/424 846/846/424 847/847/424
f 848/848/424 847/847/424 846/846/424
f 847/847/425 848/848/425 841/841/425
f 842/842/425 841/841/425 848/848/425
f 842/1/1 846/1/1 844/1/1
f 842/1/1 848/1/1 846/1/1
f 849/849/426 850/850/426 851/851/426
f 852/852/426 851/851/426 850/850/426
f 851/851/427 852/852/427 853/853/427
f 854/854/427 853/853/427 852/852/427
f 853/853/428 854/854/428 855/855/428
f 856/856/428 855/855/428 854/854/428
f 855/855/429 856/856/429 849/849/429
f 850/850/429 849/849/429 856/856/429
f 850/1/1 854/1/1 852/1/1
f 850/1/1 856/1/1 854/1/1
f 857/857/430 858/858/430 859/859/430
f 860/860/430 859/859/430 858/858/430
f 859/859/431 860/860/431 861/861/431
f 862/862/431 861/861/431 860/860/431
f 861/861/432 862/862/432 863/863/432
f 864/864/432 863/863/432 862/862/432
f 863/863/433 864/864/433 857/857/433
f 858/858/433 857/857/433 864/864/433
f 858/1/1 862/1/1 860/1/1
f 858/1/1 864/1/1 862/1/1
f 865/865/434 866/866/434 867/867/434
f 868/868/434 867/867/434 866/866/434
f 867/867/435 868/868/435 869/869/435
f 870/870/435 869/869/435 868/868/435
f 869/869/436 870/870/436 871/871/436
f 872/872/436 871/871/436 870/870/436
f 871/871/437 872/872/437 865/865/437
f 866/866/437 865/865/437 872/872/437
f 866/1/1 870/1/1 868/1/1
f 866/1/1 872/1/1 870/1/1
f 873/873/438 874/874/438 875/875/438
f 876/876/438 875/875/438 874/874/438
f 875/875/439 876/876/439 877/877/439
f 878/878/439 877/877/439 876/876/439
f 877/877/440 878/878/440 879/879/440
f 880/880/440 879/879/440 878/878/440
f 879/879/441 880/880/441 873/873/441
f 874/874/441 873/873/441 880/880/441
f 874/1/1 878/1/1 876/1/1
f 874/1/1 880/1/1 878/1/1
f 881/881/442 882/882/442 883/883/442
f 884/884/442 883/883/442 882/882/442
f 883/883/443 884/884/443 885/885/443
f 886/886/443 885/885/443 884/884/443
f 885/885/444 886/886/444 887/887/444
f 888/888/444 887/887/444 886/886/444
f 887/887/445 888/888/445 881/881/445
f 882/882/445 881/881/445 888/888/445
f 882/1/1 886/1/1 884/1/1
f 882/1/1 888/1/1 886/1/1
f 889/889/446 890/890/446 891/891/446
f 892/892/446 891/891/446 890/890/446
f 891/891/447 892/892/447 893/893/447
f 894/894/447 893/893/447 892/892/447
f 893/893/448 894/894/448 895/895/448
f 896/896/448 895/895/448 894/894/448
f 895/895/449 896/896/449 889/889/449
f 890/890/449 889/889/449 896/896/449
f 890/1/1 894/1/1 892/1/1
f 890/1/1 896/1/1 894/1/1
f 897/897/450 898/898/450 899/899/450
f 900/900/450 899/899/450 898/898/450
f 899/899/451 900/900/451 901/901/451
f 902/902/451 901/901/451 900/900/451
f 901/901/452 902/902/452 903/903/452
f 904/904/452 903/903/452 902/902/452
f 903/903/453 904/904/453 897/897/453
f 898/898/453 897/897/453 904/904/453
f 898/1/1 902/1/1 900/1/1
f 898/1/1 904/1/1 902/1/1
f 905/905/454 906/906/454 907/907/454
f 908/908/454 907/907/454 906/906/454
f 907/907/455 908/908/455 909/909/455
f 910/910/455 909/909/455 908/908/455
f 909/909/456 910/910/456 911/911/456
f 912/912/456 911/911/456 910/910/456
f 911/911/457 912/912/457 905/905/457
f 906/906/457 905/905/457 912/912/457
f 906/1/1 910/1/1 908/1/1
f 906/1/1 912/1/1 910/1/1
f 913/913/458 914/914/458 915/915/458
f 916/916/458 915/915/458 914/914/458
f 915/915/459 916/916/459 917/917/459
f 918/918/459 917/917/459 916/916/459
f 917/917/460 918/918/460 919/919/460
f 920/920/460 919/919/460 918/918/460
f 919/919/461 920/920/461 913/913/461
f 914/914/461 913/913/461 920/920/461
f 914/1/1 918/1/1 916/1/1
f 914/1/1 920/1/1 918/1/1
f 921/921/462 922/922/462 923/923/462
f 924/924/462 923/923/462 922/922/462
f 923/923/463 924/924/463 925/925/463
f 926/926/463 925/925/463 924/924/463
f 925/925/464 926/926/464 927/927/464
f 928/928/464 927/927/464 926/926/464
f 927/927/465 928/928/465 921/921/465
f 922/922/465 921/921/465 928/928/465
f 922/1/1 926/1/1 924/1/1
f 922/1/1 928/1/1 926/1/1
f 929/929/466 930/930/466 931/931/466
f 932/932/466 931/931/466 930/930/466
f 931/931/467 932/932/467 933/933/467
f 934/934/467 933/933/467 932/932/467
f 933/933/468 934/934/468 935/935/468
f 936/936/468 935/935/468 934/934/468
f 935/935/469 936/936/469 929/929/469
f 930/930/469 929/929/469 936/936/469
f 930/1/1 934/1/1 932/1/1
f 930/1/1 936/1/1 934/1/1
f 937/937/470 938/938/470 939/939/470
f 940/940/470 939/939/470 938/938/470
f 939/939/471 940/940/471 941/941/471
f 942/942/471 941/941/471 940/940/471
f 941/941/472 942/942/472 943/943/472
f 944/944/472 943/943/472 942/942/472
f 943/943/473 944/944/473 937/937/473
f 938/938/473 937/937/473 944/944/473
f 938/1/1 942/1/1 940/1/1
f 938/1/1 944/1/1 942/1/1
f 945/945/474 946/946/474 947/947/474
f 948/948/474 947/947/474 946/946/474
f 947/947/475 948/948/475 949/949/475
f 950/950/475 949/949/475 948/948/475
f 949/949/476 950/950/476 951/951/476
f 952/952/476 951/951/476 950/950/476
f 951/951/477 952/952/477 945/945/477
f 946/946/477 945/945/477 952/952/477
f 946/1/1 950/1/1 948/1/1
f 946/1/1 952/1/1 950/1/1
f 953/953/478 954/954/478 955/955/478
f 956/956/478 955/955/478 954/954/478
f 955/955/479 956/956/479 957/957/479
f 958/958/479 957/957/479 956/956/479
f 957/957/480 958/958/480 959/959/480
f 960/960/480 959/959/480 958/958/480
f 959/959/481 960/960/481 953/953/481
f 954/954/481 953/953/481 960/960/481
f 954/1/1 958/1/1 956/1/1
f 954/1/1 960/1/1 958/1/1
f 961/961/482 962/962/482 963/963/482
f 964/964/482 963/963/482 962/962/482
f 963/963/483 964/964/483 965/965/483
f 966/966/483 965/965/483 964/964/483
f 965/965/484 966/966/484 967/967/484
f 968/968/484 967/967/484 966/966/484
f 967/967/485 968/968/485 961/961/485
f 962/962/485 961/961/485 968/968/485
f 962/1/1 966/1/1 964/1/1
f 962/1/1 968/1/1 966/1/1
f 969/969/486 970/970/486 971/971/486
f 972/972/486 971/971/486 970/970/486
f 971/971/487 972/972/487 973/973/487
f 974/974/487 973/973/487 972/972/487
f 973/973/488 974/974/488 975/975/488
f 976/976/488 975/975/488 974/974/488
f 975/975/489 976/976/489 969/969/489
f 970/970/489 969/969/489 976/976/489
f 970/1/1 974/1/1 972/1/1
f 970/1/1 976/1/1 974/1/1
f 977/977/490 978/978/490 979/979/490
f 980/980/490 979/979/490 978/978/490
f 979/979/491 980/980/491 981/981/491
f 982/982/491 981/981/491 980/980/491
f 981/981/492 982/982/492 983/983/492
f 984/984/492 983/983/492 982/982/492
f 983/983/493 984/984/493 977/977/493
f 978/978/493 977/977/493 984/984/493
f 978/1/1 982/1/1 980/1/1
f 978/1/1 984/1/1 982/1/1
f 985/985/494 986/986/494 987/987/494
f 988/988/494 987/987/494 986/986/494
f 987/987/495 988/988/495 989/989/495
f 990/990/495 989/989/495 988/988/495
f 989/989/496 990/990/496 991/991/496
f 992/992/496 991/991/496 990/990/496
f 991/991/497 992/992/497 985/985/497
f 986/986/497 985/985/497 992/992/497
f 986/1/1 990/1/1 988/1/1
f 986/1/1 992/1/1 990/1/1
f 993/993/498 994/994/498 995/995/498
f 996/996/498 995/995/498 994/994/498
f 995/995/499 996/996/499 997/997/499
f 998/998/499 997/997/499 996/996/499
f 997/997/500 998/998/500 999/999/500
f 1000/1000/500 999/999/500 998/998/500
f 999/999/501 1000/1000/501 993/993/501
f 994/994/501 993/993/501 1000/1000/501
f 994/1/1 998/1/1 996/1/1
f 994/1/1 1000/1/1 998/1/1
f 1001/1001/502 1002/1002/502 1003/1003/502
f 1004/1004/502 1003/1003/502 1002/1002/502
f 1003/1003/503 1004/1004/503 1005/1005/503
f 1006/1006/503 1005/1005/503 1004/1004/503
f 1005/1005/504 1006/1006/504 1007/1007/504
f 1008/1008/504 1007/1007/504 1006/1006/504
f 1007/1007/505 1008/1008/505 1001/1001/505
f 1002/1002/505 1001/1001/505 1008/1008/505
f 1002/1/1 1006/1/1 1004/1/1
f 1002/1/1 1008/1/1 1006/1/1
f 1009/1009/506 1010/1010/506 1011/1011/506
f 1012/1012/506 1011/1011/506 1010/1010/506
f 1011/1011/507 1012/1012/507 1013/1013/507
f 1014/1014/507 1013/1013/507 1012/1012/507
f 1013/1013/508 1014/1014/508 1015/1015/508
f 1016/1016/508 1015/1015/508 1014/1014/508
f 1015/1015/509 1016/1016/509 1009/1009/509
f 1010/1010/509 1009/1009/509 1016/1016/509
f 1010/1/1 1014/1/1 1012/1/1
f 1010/1/1 1016/1/1 1014/1/1
f 1017/1017/510 1018/1018/510 1019/1019/510
f 1020/1020/510 1019/1019/510 1018/1018/510
f 1019/1019/511 1020/1020/511 1021/1021/511
f 1022/1022/511 1021/1021/511 1020/1020/511
f 1021/1021/512 1022/1022/512 1023/1023/512
f 1024/1024/512 1023/1023/512 1022/1022/512
f 1023/1023/513 1024/1024/513 1017/1017/513
f 1018/1018/513 1017/1017/513 1024/1024/513
f 1018/1/1 1022/1/1 1020/1/1
f 1018/1/1 1024/1/1 1022/1/1
f 1025/1025/514 1026/1026/514 1027/1027/514
f 1028/1028/514 1027/1027/514 1026/1026/514
f 1027/1027/515 1028/1028/515 1029/1029/515
f 1030/1030/515 1029/1029/515 1028/1028/515
f 1029/1029/516 1030/1030/516 1031/1031/516
f 1032/1032/516 1031/1031/516 1030/1030/516
f 1031/1031/517 1032/1032/517 1025/1025/517
f 1026/1026/517 1025/1025/517 1032/1032/517
f 1026/1/1 1030/1/1 1028/1/1
f 1026/1/1 1032/1/1 1030/1/1
f 1033/1033/518 1034/1034/518 1035/1035/518
f 1036/1036/518 1035/1035/518 1034/1034/518
f 1035/1035/519 1036/1036/519 1037/1037/519
f 1038/1038/519 1037/1037/519 1036/1036/519
f 1037/1037/520 1038/1038/520 1039/1039/520
f 1040/1040/520 1039/1039/520 1038/1038/520
f 1039/1039/521 1040/1040/521 1033/1033/521
f 1034/1034/521 1033/1033/521 1040/1040/521
f 1034/1/1 1038/1/1 1036/1/1
f 1034/1/1 1040/1/1 1038/1/1
f 1041/1041/522 1042/1042/522 1043/1043/522
f 1044/1044/522 1043/1043/522 1042/1042/522
f 1043/1043/523 1044/1044/523 1045/1045/523
f 1046/1046/523 1045/1045/523 1044/1044/523
f 1045/1045/524 1046/1046/524 1047/1047/524
f 1048/1048/524 1047/1047/524 1046/1046/524
f 1047/1047/525 1048/1048/525 1041/1041/525
f 1042/1042/525 1041/1041/525 1048/1048/525
f 1042/1/1 1046/1/1 1044/1/1
f 1042/1/1 1048/1/1 1046/1/1
f 1049/1049/526 1050/1050/526 1051/1051/526
f 1052/1052/526 1051/1051/526 1050/1050/526
f 1051/1051/527 1052/1052/527 1053/1053/527
f 1054/1054/527 1053/1053/527 1052/1052/527
f 1053/1053/528 1054/1054/528 1055/1055/528
f 1056/1056/528 1055/1055/528 1054/1054/528
f 1055/1055/529 1056/1056/529 1049/1049/529
f 1050/1050/529 1049/1049/529 1056/1056/529
f 1050/1/1 1054/1/1 1052/1/1
f 1050/1/1 1056/1/1 1054/1/1
f 1057/1057/530 1058/1058/530 1059/1059/530
f 1060/1060/530 1059/1059/530 1058/1058/530
f 1059/1059/531 1060/1060/531 1061/1061/531
f 1062/1062/531 1061/1061/531 1060/1060/531
f 1061/1061/532 1062/1062/532 1063/1063/532
f 1064/1064/532 1063/1063/532 1062/1062/532
f 1063/1063/533 1064/1064/533 1057/1057/533
f 1058/1058/533 1057/1057/533 1064/1064/533
f 1058/1/1 1062/1/1 1060/1/1
f 1058/1/1 1064/1/1 1062/1/1
f 1065/1065/534 1066/1066/534 1067/1067/534
f 1068/1068/534 1067/1067/534 1066/1066/534
f 1067/1067/535 1068/1068/535 1069/1069/535
f 1070/1070/535 1069/1069/535 1068/1068/535
f 1069/1069/536 1070/1070/536 1071/1071/536
f 1072/1072/536 1071/1071/536 1070/1070/536
f 1071/1071/537 1072/1072/537 1065/1065/537
f 1066/1066/537 1065/1065/537 1072/1072/537
f 1066/1/1 1070/1/1 1068/1/1
f 1066/1/1 1072/1/1 1070/1/1
f 1073/1073/538 1074/1074/538 1075/1075/538
f 1076/1076/538 1075/1075/538 1074/1074/538
f 1075/1075/539 1076/1076/539 1077/1077/539
f 1078/1078/539 1077/1077/539 1076/1076/539
f 1077/1077/540 1078/1078/540 1079/1079/540
f 1080/1080/540 1079/1079/540 1078/1078/540
f 1079/1079/541 1080/1080/541 1073/1073/541
f 1074/1074/541 1073/1073/541 1080/1080/541
f 1074/1/1 1078/1/1 1076/1/1
f 1074/1/1 1080/1/1 1078/1/1
f 1081/1081/542 1082/1082/542 1083/1083/542
f 1084/1084/542 1083/1083/542 1082/1082/542
f 1083/1083/543 1084/1084/543 1085/1085/543
f 1086/1086/543 1085/1085/543 1084/1084/543
f 1085/1085/544 1086/1086/544 1087/1087/544
f 1088/1088/544 1087/1087/544 1086/1086/544
f 1087/1087/545 1088/1088/545 1081/1081/545
f 1082/1082/545 1081/1081/545 1088/1088/545
f 1082/1/1 1086/1/1 1084/1/1
f 1082/1/1 1088/1/1 1086/1/1
f 1089/1089/546 1090/1090/546 1091/1091/546
f 1092/1092/546 1091/1091/546 1090/1090/546
f 1091/1091/547 1092/1092/547 1093/1093/547
f 1094/1094/547 1093/1093/547 1092/1092/547
f 1093/1093/548 1094/1094/548 1095/1095/548
f 1096/1096/548 1095/1095/548 1094/1094/548
f 1095/1095/549 1096/1096/549 1089/1089/549
f 1090/1090/549 1089/1089/549 1096/1096/549
f 1090/1/1 1094/1/1 1092/1/1
f 1090/1/1 1096/1/1 1094/1/1
f 1097/1097/550 1098/1098/550 1099/1099/550
f 1100/1100/550 1099/1099/550 1098/1098/550
f 1099/1099/551 1100/1100/551 1101/1101/551
f 1102/1102/551 1101/1101/551 1100/1100/551
f 1101/1101/552 1102/1102/552 1103/1103/552
f 1104/1104/552 1103/1103/552 1102/1102/552
f 1103/1103/553 1104/1104/553 1097/1097/553
f 1098/1098/553 1097/1097/553 1104/1104/553
f 1098/1/1 1102/1/1 1100/1/1
f 1098/1/1 1104/1/1 1102/1/1
f 1105/1105/554 1106/1106/554 1107/1107/554
f 1108/1108/554 1107/1107/554 1106/1106/554
f 1107/1107/555 1108/1108/555 1109/1109/555
f 1110/1110/555 1109/1109/555 1108/1108/555
f 1109/1109/556 1110/1110/556 1111/1111/556
f 1112/1112/556 1111/1111/556 1110/1110/556
f 1111/1111/557 1112/1112/557 1105/1105/557
f 1106/1106/557 1105/1105/557 1112/1112/557
f 1106/1/1 1110/1/1 1108/1/1
f 1106/1/1 1112/1/1 1110/1/1
f 1113/1113/558 1114/1114/558 1115/1115/558
f 1116/1116/558 1115/1115/558 1114/1114/558
f 1115/1115/559 1116/1116/559 1117/1117/559
f 1118/1118/559 1117/1117/559 1116/1116/559
f 1117/1117/560 1118/1118/560 1119/1119/560
f 1120/1120/560 1119/1119/560 1118/1118/560
f 1119/1119/561 1120/1120/561 1113/1113/561
f 1114/1114/561 1113/1113/561 1120/1120/561
f 1114/1/1 1118/1/1 1116/1/1
f 1114/1/1 1120/1/1 1118/1/1
f 1121/1121/562 1122/1122/562 1123/1123/562
f 1124/1124/562 1123/1123/562 1122/1122/562
f 1123/1123/563 1124/1124/563 1125/1125/563
f 1126/1126/563 1125/1125/563 1124/1124/563
f 1125/1125/564 1126/1126/564 1127/1127/564
f 1128/1128/564 1127/1127/564 1126/1126/564
f 1127/1127/565 1128/1128/565 1121/1121/565
f 1122/1122/565 1121/1121/565 1128/1128/565
f 1122/1/1 1126/1/1 1124/1/1
f 1122/1/1 1128/1/1 1126/1/1
f 1129/1129/566 1130/1130/566 1131/1131/566
f 1132/1132/566 1131/1131/566 1130/1130/566
f 1131/1131/567 1132/1132/567 1133/1133/567
f 1134/1134/567 1133/1133/567 1132/1132/567
f 1133/1133/568 1134/1134/568 1135/1135/568
f 1136/1136/568 1135/1135/568 1134/1134/568
f 1135/1135/569 1136/1136/569 1129/1129/569
f 1130/1130/569 1129/1129/569 1136/1136/569
f 1130/1/1 1134/1/1 1132/1/1
f 1130/1/1 1136/1/1 1134/1/1
f 1137/1137/570 1138/1138/570 1139/1139/570
f 1140/1140/570 1139/1139/570 1138/1138/570
f 1139/1139/571 1140/1140/571 1141/1141/571
f 1142/1142/571 1141/1141/571 1140/1140/571
f 1141/1141/572 1142/1142/572 1143/1143/572
f 1144/1144/572 1143/1143/572 1142/1142/572
f 1143/1143/573 1144/1144/573 1137/1137/573
f 1138/1138/573 1137/1137/573 1144/1144/573
f 1138/1/1 1142/1/1 1140/1/1
f 1138/1/1 1144/1/1 1142/1/1
f 1145/1145/574 1146/1146/574 1147/1147/574
f 1148/1148/574 1147/1147/574 1146/1146/574
f 1147/1147/575 1148/1148/575 1149/1149/575
f 1150/1150/575 1149/1149/575 1148/1148/575
f 1149/1149/576 1150/1150/576 1151/1151/576
f 1152/1152/576 1151/1151/576 1150/1150/576
f 1151/1151/577 1152/1152/577 1145/1145/577
f 1146/1146/577 1145/1145/577 1152/1152/577
f 1146/1/1 1150/1/1 1148/1/1
f 1146/1/1 1152/1/1 1150/1/1
f 1153/1153/578 1154/1154/578 1155/1155/578
f 1156/1156/578 1155/1155/578 1154/1154/578
f 1155/1155/579 1156/1156/579 1157/1157/579
f 1158/1158/579 1157/1157/579 1156/1156/579
f 1157/1157/580 1158/1158/580 1159/1159/580
f 1160/1160/580 1159/1159/580 1158/1158/580
f 1159/1159/581 1160/1160/581 1153/1153/581
f 1154/1154/581 1153/1153/581 1160/1160/581
f 1154/1/1 1158/1/1 1156/1/1
f 1154/1/1 1160/1/1 1158/1/1
f 1161/1161/582 1162/1162/582 1163/1163/582
f 1164/1164/582 1163/1163/582 1162/1162/582
f 1163/1163/583 1164/1164/583 1165/1165/583
f 1166/1166/583 1165/1165/583 1164/1164/583
f 1165/1165/584 1166/1166/584 1167/1167/584
f 1168/1168/584 1167/1167/584 1166/1166/584
f 1167/1167/585 1168/1168/585 1161/1161/585
f 1162/1162/585 1161/1161/585 1168/1168/585
f 1162/1/1 1166/1/1 1164/1/1
f 1162/1/1 1168/1/1 1166/1/1
f 1169/1169/586 1170/1170/586 1171/1171/586
f 1172/1172/586 1171/1171/586 1170/1170/586
f 1171/1171/587 1172/1172/587 1173/1173/587
f 1174/1174/587 1173/1173/587 1172/1172/587
f 1173/1173/588 1174/1174/588 1175/1175/588
f 1176/1176/588 1175/1175/588 1174/1174/588
f 1175/1175/589 1176/1176/589 1169/1169/589
f 1170/1170/589 1169/1169/589 1176/1176/589
f 1170/1/1 1174/1/1 1172/1/1
f 1170/1/1 1176/1/1 1174/1/1
f 1177/1177/590 1178/1178/590 1179/1179/590
f 1180/1180/590 1179/1179/590 1178/1178/590
f 1179/1179/591 1180/1180/591 1181/1181/591
f 1182/1182/591 1181/1181/591 1180/1180/591
f 1181/1181/592 1182/1182/592 1183/1183/592
f 1184/1184/592 1183/1183/592 1182/1182/592
f 1183/1183/593 1184/1184/593 1177/1177/593
f 1178/1178/593 1177/1177/593 1184/1184/593
f 1178/1/1 1182/1/1 1180/1/1
f 1178/1/1 1184/1/1 1182/1/1
f 1185/1185/594 1186/1186/594 1187/1187/594
f 1188/1188/594 1187/1187/594 1186/1186/594
f 1187/1187/595 1188/1188/595 1189/1189/595
f 1190/1190/595 1189/1189/595 1188/1188/595
f 1189/1189/596 1190/1190/596 1191/1191/596
f 1192/1192/596 1191/1191/596 1190/1190/596
f 1191/1191/597 1192/1192/597 1185/1185/597
f 1186/1186/597 1185/1185/597 1192/1192/597
f 1186/1/1 1190/1/1 1188/1/1
f 1186/1/1 1192/1/1 1190/1/1
f 1193/1193/598 1194/1194/598 1195/1195/598
f 1196/1196/598 1195/1195/598 1194/1194/598
f 1195/1195/599 1196/1196/599 1197/1197/599
f 1198/1198/599 1197/1197/599 1196/1196/599
f 1197/1197/600 1198/1198/600 1199/1199/600
f 1200/1200/600 1199/1199/600 1198/1198/600
f 1199/1199/601 1200/1200/601 1193/1193/601
f 1194/1194/601 1193/1193/601 1200/1200/601
f 1194/1/1 1198/1/1 1196/1/1
f 1194/1/1 1200/1/1 1198/1/1
f 1201/1201/602 1202/1202/602 1203/1203/602
f 1204/1204/602 1203/1203/602 1202/1202/602
f 1203/1203/603 1204/1204/603 1205/1205/603
f 1206/1206/603 1205/1205/603 1204/1204/603
f 1205/1205/604 1206/1206/604 1207/1207/604
f 1208/1208/604 1207/1207/604 1206/1206/604
f 1207/1207/605 1208/1208/605 1201/1201/605
f 1202/1202/605 1201/1201/605 1208/1208/605
f 1202/1/1 1206/1/1 1204/1/1
f 1202/1/1 1208/1/1 1206/1/1
f 1209/1209/606 1210/1210/606 1211/1211/606
f 1212/1212/606 1211/1211/606 1210/1210/606
f 1211/1211/607 1212/1212/607 1213/1213/607
f 1214/1214/607 1213/1213/607 1212/1212/607
f 1213/1213/608 1214/1214/608 1215/1215/608
f 1216/1216/608 1215/1215/608 1214/1214/608
f 1215/1215/609 1216/1216/609 1209/1209/609
f 1210/1210/609 1209/1209/609 1216/1216/609
f 1210/1/1 1214/1/1 1212/1/1
f 1210/1/1 1216/1/1 1214/1/1
f 1217/1217/610 1218/1218/610 1219/1219/610
f 1220/1220/610 1219/1219/610 1218/1218/610
f 1219/1219/611 1220/1220/611 1221/1221/611
f 1222/1222/611 1221/1221/611 1220/1220/611
f 1221/1221/612 1222/1222/612 1223/1223/612
f 1224/1224/612 1223/1223/612 1222/1222/612
f 1223/1223/613 1224/1224/613 1217/1217/613
f 1218/1218/613 1217/1217/613 1224/1224/613
f 1218/1/1 1222/1/1 1220/1/1
f 1218/1/1 1224/1/1 1222/1/1
f 1225/1225/614 1226/1226/614 1227/1227/614
f 1228/1228/614 1227/1227/614 1226/1226/614
f 1227/1227/615 1228/1228/615 1229/1229/615
f 1230/1230/615 1229/1229/615 1228/1228/615
f 1229/1229/616 1230/1230/616 1231/1231/616
f 1232/1232/616 1231/1231/616 1230/1230/616
f 1231/1231/617 1232/1232/617 1225/1225/617
f 1226/1226/617 1225/1225/617 1232/1232/617
f 1226/1/1 1230/1/1 1228/1/1
f 1226/1/1 1232/1/1 1230/1/1
f 1233/1233/618 1234/1234/618 1235/1235/618
f 1236/1236/618 1235/1235/618 1234/1234/618
f 1235/1235/619 1236/1236/619 1237/1237/619
f 1238/1238/619 1237/1237/619 1236/1236/619
f 1237/1237/620 1238/1238/620 1239/1239/620
f 1240/1240/620 1239/1239/620 1238/1238/620
f 1239/1239/621 1240/1240/621 1233/1233/621
f 1234/1234/621 1233/1233/621 1240/1240/621
f 1234/1/1 1238/1/1 1236/1/1
f 1234/1/1 1240/1/1 1238/1/1
f 1241/1241/622 1242/1242/622 1243/1243/622
f 1244/1244/622 1243/1243/622 1242/1242/622
f 1243/1243/623 1244/1244/623 1245/1245/623
f 1246/1246/623 1245/1245/623 1244/1244/623
f 1245/1245/624 1246/1246/624 1247/1247/624
f 1248/1248/624 1247/1247/624 1246/1246/624
f 1247/1247/625 1248/1248/625 1241/1241/625
f 1242/1242/625 1241/1241/625 1248/1248/625
f 1242/1/1 1246/1/1 1244/1/1
f 1242/1/1 1248/1/1 1246/1/1
f 1249/1249/626 1250/1250/626 1251/1251/626
f 1252/1252/626 1251/1251/626 1250/1250/626
f 1251/1251/627 1252/1252/627 1253/1253/627
f 1254/1254/627 1253/1253/627 1252/1252/627
f 1253/1253/628 1254/1254/628 1255/1255/628
f 1256/1256/628 1255/1255/628 1254/1254/628
f 1255/1255/629 1256/1256/629 1249/1249/629
f 1250/1250/629 1249/1249/629 1256/1256/629
f 1250/1/1 1254/1/1 1252/1/1
f 1250/1/1 1256/1/1 1254/1/1
f 1257/1257/630 1258/1258/630 1259/1259/630
f 1260/1260/630 1259/1259/630 1258/1258/630
f 1259/1259/631 1260/1260/631 1261/1261/631
f 1262/1262/631 1261/1261/631 1260/1260/631
f 1261/1261/632 1262/1262/632 1263/1263/632
f 1264/1264/632 1263/1263/632 1262/1262/632
f 1263/1263/633 1264/1264/633 1257/1257/633
f 1258/1258/633 1257/1257/633 1264/1264/633
f 1258/1/1 1262/1/1 1260/1/1
f 1258/1/1 1264/1/1 1262/1/1
f 1265/1265/634 1266/1266/634 1267/1267/634
f 1268/1268/634 1267/1267/634 1266/1266/634
f 1267/1267/635 1268/1268/635 1269/1269/635
f 1270/1270/635 1269/1269/635 1268/1268/635
f 1269/1269/636 1270/1270/636 1271/1271/636
f 1272/1272/636 1271/1271/636 1270/1270/636
f 1271/1271/637 1272/1272/637 1265/1265/637
f 1266/1266/637 1265/1265/637 1272/1272/637
f 1266/1/1 1270/1/1 1268/1/1
f 1266/1/1 1272/1/1 1270/1/1
f 1273/1273/638 1274/1274/638 1275/1275/638
f 1276/1276/638 1275/1275/638 1274/1274/638
f 1275/1275/639 1276/1276/639 1277/1277/639
f 1278/1278/639 1277/1277/639 1276/1276/639
f 1277/1277/640 1278/1278/640 1279/1279/640
f 1280/1280/640 1279/1279/640 1278/1278/640
f 1279/1279/641 1280/1280/641 1273/1273/641
f 1274/1274/641 1273/1273/641 1280/1280/641
f 1274/1/1 1278/1/1 1276/1/1
f 1274/1/1 1280/1/1 1278/1/1
f 1281/1281/642 1282/1282/642 1283/1283/642
f 1284/1284/642 1283/1283/642 1282/1282/642
f 1283/1283/643 1284/1284/643 1285/1285/643
f 1286/1286/643 1285/1285/643 1284/1284/643
f 1285/1285/644 1286/1286/644 1287/1287/644
f 1288/1288/644 1287/1287/644 1286/1286/644
f 1287/1287/645 1288/1288/645 1281/1281/645
f 1282/1282/645 1281/1281/645 1288/1288/645
f 1282/1/1 1286/1/1 1284/1/1
f 1282/1/1 1288/1/1 1286/1/1
f 1289/1289/646 1290/1290/646 1291/1291/646
f 1292/1292/646 1291/1291/646 1290/1290/646
f 1291/1291/647 1292/1292/647 1293/1293/647
f 1294/1294/647 1293/1293/647 1292/1292/647
f 1293/1293/648 1294/1294/648 1295/1295/648
f 1296/1296/648 1295/1295/648 1294/1294/648
f 1295/1295/649 1296/1296/649 1289/1289/649
f 1290/1290/649 1289/1289/649 1296/1296/649
f 1290/1/1 1294/1/1 1292/1/1
f 1290/1/1 1296/1/1 1294/1/1
f 1297/1297/650 1298/1298/650 1299/1299/650
f 1300/1300/650 1299/1299/650 1298/1298/650
f 1299/1299/651 1300/1300/651 1301/1301/651
f 1302/1302/651 1301/1301/651 1300/1300/651
f 1301/1301/652 1302/1302/652 1303/1303/652
f 1304/1304/652 1303/1303/652 1302/1302/652
f 1303/1303/653 1304/1304/653 1297/1297/653
f 1298/1298/653 1297/1297/653 1304/1304/653
f 1298/1/1 1302/1/1 1300/1/1
f 1298/1/1 1304/1/1 1302/1/1
f 1305/1305/654 1306/1306/654 1307/1307/654
f 1308/1308/654 1307/1307/654 1306/1306/654
f 1307/1307/655 1308/1308/655 1309/1309/655
f 1310/1310/655 1309/1309/655 1308/1308/655
f 1309/1309/656 1310/1310/656 1311/1311/656
f 1312/1312/656 1311/1311/656 1310/1310/656
f 1311/1311/657 1312/1312/657 1305/1305/657
f 1306/1306/657 1305/1305/657 1312/1312/657
f 1306/1/1 1310/1/1 1308/1/1
f 1306/1/1 1312/1/1 1310/1/1
f 1313/1313/658 1314/1314/658 1315/1315/658
f 1316/1316/658 1315/1315/658 1314/1314/658
f 1315/1315/659 1316/1316/659 1317/1317/659
f 1318/1318/659 1317/1317/659 1316/1316/659
f 1317/1317/660 1318/1318/660 1319/1319/660
f 1320/1320/660 1319/1319/660 1318/1318/660
f 1319/1319/661 1320/1320/661 1313/1313/661
f 1314/1314/661 1313/1313/661 1320/1320/661
f 1314/1/1 1318/1/1 1316/1/1
f 1314/1/1 1320/1/1 1318/1/1
f 1321/1321/662 1322/1322/662 1323/1323/662
f 1324/1324/662 1323/1323/662 1322/1322/662
f 1323/1323/663 1324/1324/663 1325/1325/663
f 1326/1326/663 1325/1325/663 1324/1324/663
f 1325/1325/664 1326/1326/664 1327/1327/664
f 1328/1328/664 1327/1327/664 1326/1326/664
f 1327/1327/665 1328/1328/665 1321/1321/665
f 1322/1322/665 1321/1321/665 1328/1328/665
f 1322/1/1 1326/1/1 1324/1/1
f 1322/1/1 1328/1/1 1326/1/1
f 1329/1329/666 1330/1330/666 1331/1331/666
f 1332/1332/666 1331/1331/666 1330/1330/666
f 1331/1331/667 1332/1332/667 1333/1333/667
f 1334/1334/667 1333/1333/667 1332/1332/667
f 1333/1333/668 1334/1334/668 1335/1335/668
f 1336/1336/668 1335/1335/668 1334/1334/668
f 1335/1335/669 1336/1336/669 1329/1329/669
f 1330/1330/669 1329/1329/669 1336/1336/669
f 1330/1/1 1334/1/1 1332/1/1
f 1330/1/1 1336/1/1 1334/1/1
f 1337/1337/670 1338/1338/670 1339/1339/670
f 1340/1340/670 1339/1339/670 1338/1338/670
f 1339/1339/671 1340/1340/671 1341/1341/671
f 1342/1342/671 1341/1341/671 1340/1340/671
f 1341/1341/672 1342/1342/672 1343/1343/672
f 1344/1344/672 1343/1343/672 1342/1342/672
f 1343/1343/673 1344/1344/673 1337/1337/673
f 1338/1338/673 1337/1337/673 1344/1344/673
f 1338/1/1 1342/1/1 1340/1/1
f 1338/1/1 1344/1/1 1342/1/1
f 1345/1345/674 1346/1346/674 1347/1347/674
f 1348/1348/674 1347/1347/674 1346/1346/674
f 1347/1347/675 1348/1348/675 1349/1349/675
f 1350/1350/675 1349/1349/675 1348/1348/675
f 1349/1349/676 1350/1350/676 1351/1351/676
f 1352/1352/676 1351/1351/676 1350/1350/676
f 1351/1351/677 1352/1352/677 1345/1345/677
f 1346/1346/677 1345/1345/677 1352/1352/677
f 1346/1/1 1350/1/1 1348/1/1
f 1346/1/1 1352/1/1 1350/1/1
f 1353/1353/678 1354/1354/678 1355/1355/678
f 1356/1356/678 1355/1355/678 1354/1354/678
f 1355/1355/679 1356/1356/679 1357/1357/679
f 1358/1358/679 1357/1357/679 1356/1356/679
f 1357/1357/680 1358/1358/680 1359/1359/680
f 1360/1360/680 1359/1359/680 1358/1358/680
f 1359/1359/681 1360/1360/681 1353/1353/681
f 1354/1354/681 1353/1353/681 1360/1360/681
f 1354/1/1 1358/1/1 1356/1/1
f 1354/1/1 1360/1/1 1358/1/1
f 1361/1361/682 1362/1362/682 1363/1363/682
f 1364/1364/682 1363/1363/682 1362/1362/682
f 1363/1363/683 1364/1364/683 1365/1365/683
f 1366/1366/683 1365/1365/683 1364/1364/683
f 1365/1365/684 1366/1366/684 1367/1367/684
f 1368/1368/684 1367/1367/684 1366/1366/684
f 1367/1367/685 1368/1368/685 1361/1361/685
f 1362/1362/685 1361/1361/685 1368/1368/685
f 1362/1/1 1366/1/1 1364/1/1
f 1362/1/1 1368/1/1 1366/1/1
f 1369/1369/686 1370/1370/686 1371/1371/686
f 1372/1372/686 1371/1371/686 1370/1370/686
f 1371/1371/687 1372/1372/687 1373/1373/687
f 1374/1374/687 1373/1373/687 1372/1372/687
f 1373/1373/688 1374/1374/688 1375/1375/688
f 1376/1376/688 1375/1375/688 1374/1374/688
f 1375/1375/689 1376/1376/689 1369/1369/689
f 1370/1370/689 1369/1369/689 1376/1376/689
f 1370/1/1 1374/1/1 1372/1/1
f 1370/1/1 1376/1/1 1374/1/1
f 1377/1377/690 1378/1378/690 1379/1379/690
f 1380/1380/690 1379/1379/690 1378/1378/690
f 1379/1379/691 1380/1380/691 1381/1381/691
f 1382/1382/691 1381/1381/691 1380/1380/691
f 1381/1381/692 1382/1382/692 1383/1383/692
f 1384/1384/692 1383/1383/692 1382/1382/692
f 1383/1383/693 1384/1384/693 1377/1377/693
f 1378/1378/693 1377/1377/693 1384/1384/693
f 1378/1/1 1382/1/1 1380/1/1
f 1378/1/1 1384/1/1 1382/1/1
f 1385/1385/694 1386/1386/694 1387/1387/694
f 1388/1388/694 1387/1387/694 1386/1386/694
f 1387/1387/695 1388/1388/695 1389/1389/695
f 1390/1390/695 1389/1389/695 1388/1388/695
f 1389/1389/696 1390/1390/696 1391/1391/696
f 1392/1392/696 1391/1391/696 1390/1390/696
f 1391/1391/697 1392/1392/697 1385/1385/697
f 1386/1386/697 1385/1385/697 1392/1392/697
f 1386/1/1 1390/1/1 1388/1/1
f 1386/1/1 1392/1/1 1390/1/1
f 1393/1393/698 1394/1394/698 1395/1395/698
f 1396/1396/698 1395/1395/698 1394/1394/698
f 1395/1395/699 1396/1396/699 1397/1397/699
f 1398/1398/699 1397/1397/699 1396/1396/699
f 1397/1397/700 1398/1398/700 1399/1399/700
f 1400/1400/700 1399/1399/700 1398/1398/700
f 1399/1399/701 1400/1400/701 1393/1393/701
f 1394/1394/701 1393/1393/701 1400/1400/701
f 1394/1/1 1398/1/1 1396/1/1
f 1394/1/1 1400/1/1 1398/1/1
f 1401/1401/702 1402/1402/702 1403/1403/702
f 1404/1404/702 1403/1403/702 1402/1402/702
f 1403/1403/703 1404/1404/703 1405/1405/703
f 1406/1406/703 1405/1405/703 1404/1404/703
f 1405/1405/704 1406/1406/704 1407/1407/704
f 1408/1408/704 1407/1407/704 1406/1406/704
f 1407/1407/705 1408/1408/705 1401/1401/705
f 1402/1402/705 1401/1401/705 1408/1408/705
f 1402/1/1 1406/1/1 1404/1/1
f 1402/1/1 1408/1/1 1406/1/1
f 1409/1409/706 1410/1410/706 1411/1411/706
f 1412/1412/706 1411/1411/706 1410/1410/706
f 1411/1411/707 1412/1412/707 1413/1413/707
f 1414/1414/707 1413/1413/707 1412/1412/707
f 1413/1413/708 1414/1414/708 1415/1415/708
f 1416/1416/708 1415/1415/708 1414/1414/708
f 1415/1415/709 1416/1416/709 1409/1409/709
f 1410/1410/709 1409/1409/709 1416/1416/709
f 1410/1/1 1414/1/1 1412/1/1
f 1410/1/1 1416/1/1 1414/1/1
f 1417/1417/710 1418/1418/710 1419/1419/710
f 1420/1420/710 1419/1419/710 1418/1418/710
f 1419/1419/711 1420/1420/711 1421/1421/711
f 1422/1422/711 1421/1421/711 1420/1420/711
f 1421/1421/712 1422/1422/712 1423/1423/712
f 1424/1424/712 1423/1423/712 1422/1422/712
f 1423/1423/713 1424/1424/713 1417/1417/713
f 1418/1418/713 1417/1417/713 1424/1424/713
f 1418/1/1 1422/1/1 1420/1/1
f 1418/1/1 1424/1/1 1422/1/1
f 1425/1425/714 1426/1426/714 1427/1427/714
f 1428/1428/714 1427/1427/714 1426/1426/714
f 1427/1427/715 1428/1428/715 1429/1429/715
f 1430/1430/715 1429/1429/715 1428/1428/715
f 1429/1429/716 1430/1430/716 1431/1431/716
f 1432/1432/716 1431/1431/716 1430/1430/716
f 1431/1431/717 1432/1432/717 1425/1425/717
f 1426/1426/717 1425/1425/717 1432/1432/717
f 1426/1/1 1430/1/1 1428/1/1
f 1426/1/1 1432/1/1 1430/1/1
f 1433/1433/718 1434/1434/718 1435/1435/718
f 1436/1436/718 1435/1435/718 1434/1434/718
f 1435/1435/719 1436/1436/719 1437/1437/719
f 1438/1438/719 1437/1437/719 1436/1436/719
f 1437/1437/720 1438/1438/720 1439/1439/720
f 1440/1440/720 1439/1439/720 1438/1438/720
f 1439/1439/721 1440/1440/721 1433/1433/721
f 1434/1434/721 1433/1433/721 1440/1440/721
f 1434/1/1 1438/1/1 1436/1/1
f 1434/1/1 1440/1/1 1438/1/1
f 1441/1441/722 1442/1442/722 1443/1443/722
f 1444/1444/722 1443/1443/722 1442/1442/722
f 1443/1443/723 1444/1444/723 1445/1445/723
f 1446/1446/723 1445/1445/723 1444/1444/723
f 1445/1445/724 1446/1446/724 1447/1447/724
f 1448/1448/724 1447/1447/724 1446/1446/724
f 1447/1447/725 1448/1448/725 1441/1441/725
f 1442/1442/725 1441/1441/725 1448/1448/725
f 1442/1/1 1446/1/1 1444/1/1
f 1442/1/1 1448/1/1 1446/1/1
f 1449/1449/726 1450/1450/726 1451/1451/726
f 1452/1452/726 1451/1451/726 1450/1450/726
f 1451/1451/727 1452/1452/727 1453/1453/727
f 1454/1454/727 1453/1453/727 1452/1452/727
f 1453/1453/728 1454/1454/728 1455/1455/728
f 1456/1456/728 1455/1455/728 1454/1454/728
f 1455/1455/729 1456/1456/729 1449/1449/729
f 1450/1450/729 1449/1449/729 1456/1456/729
f 1450/1/1 1454/1/1 1452/1/1
f 1450/1/1 1456/1/1 1454/1/1
f 1457/1457/730 1458/1458/730 1459/1459/730
f 1460/1460/730 1459/1459/730 1458/1458/730
f 1459/1459/731 1460/1460/731 1461/1461/731
f 1462/1462/731 1461/1461/731 1460/1460/731
f 1461/1461/732 1462/1462/732 1463/1463/732
f 1464/1464/732 1463/1463/732 1462/1462/732
f 1463/1463/733 1464/1464/733 1457/1457/733
f 1458/1458/733 1457/1457/733 1464/1464/733
f 1458/1/1 1462/1/1 1460/1/1
f 1458/1/1 1464/1/1 1462/1/1
f 1465/1465/734 1466/1466/734 1467/1467/734
f 1468/1468/734 1467/1467/734 1466/1466/734
f 1467/1467/735 1468/1468/735 1469/1469/735
f 1470/1470/735 1469/1469/735 1468/1468/735
f 1469/1469/736 1470/1470/736 1471/1471/736
f 1472/1472/736 1471/1471/736 1470/1470/736
f 1471/1471/737 1472/1472/737 1465/1465/737
f 1466/1466/737 1465/1465/737 1472/1472/737
f 1466/1/1 1470/1/1 1468/1/1
f 1466/1/1 1472/1/1 1470/1/1
f 1473/1473/738 1474/1474/738 1475/1475/738
f 1476/1476/738 1475/1475/738 1474/1474/738
f 1475/1475/739 1476/1476/739 1477/1477/739
f 1478/1478/739 1477/1477/739 1476/1476/739
f 1477/1477/740 1478/1478/740 1479/1479/740
f 1480/1480/740 1479/1479/740 1478/1478/740
f 1479/1479/741 1480/1480/741 1473/1473/741
f 1474/1474/741 1473/1473/741 1480/1480/741
f 1474/1/1 1478/1/1 1476/1/1
f 1474/1/1 1480/1/1 1478/1/1
f 1481/1481/742 1482/1482/742 1483/1483/742
f 1484/1484/742 1483/1483/742 1482/1482/742
f 1483/1483/743 1484/1484/743 1485/1485/743
f 1486/1486/743 1485/1485/743 1484/1484/743
f 1485/1485/744 1486/1486/744 1487/1487/744
f 1488/1488/744 1487/1487/744 1486/1486/744
f 1487/1487/745 1488/1488/745 1481/1481/745
f 1482/1482/745 1481/1481/745 1488/1488/745
f 1482/1/1 1486/1/1 1484/1/1
f 1482/1/1 1488/1/1 1486/1/1
f 1489/1489/746 1490/1490/746 1491/1491/746
f 1492/1492/746 1491/1491/746 1490/1490/746
f 1491/1491/747 1492/1492/747 1493/1493/747
f 1494/1494/747 1493/1493/747 1492/1492/747
f 1493/1493/748 1494/1494/748 1495/1495/748
f 1496/1496/748 1495/1495/748 1494/1494/748
f 1495/1495/749 1496/1496/749 1489/1489/749
f 1490/1490/749 1489/1489/749 1496/1496/749
f 1490/1/1 1494/1/1 1492/1/1
f 1490/1/1 1496/1/1 1494/1/1
f 1497/1497/750 1498/1498/750 1499/1499/750
f 1500/1500/750 1499/1499/750 1498/1498/750
f 1499/1499/751 1500/1500/751 1501/1501/751
f 1502/1502/751 1501/1501/751 1500/1500/751
f 1501/1501/752 1502/1502/752 1503/1503/752
f 1504/1504/752 1503/1503/752 1502/1502/752
f 1503/1503/753 1504/1504/753 1497/1497/753
f 1498/1498/753 1497/1497/753 1504/1504/753
f 1498/1/1 1502/1/1 1500/1/1
f 1498/1/1 1504/1/1 1502/1/1
f 1505/1505/754 1506/1506/754 1507/1507/754
f 1508/1508/754 1507/1507/754 1506/1506/754
f 1507/1507/755 1508/1508/755 1509/1509/755
f 1510/1510/755 1509/1509/755 1508/1508/755
f 1509/1509/756 1510/1510/756 1511/1511/756
f 1512/1512/756 1511/1511/756 1510/1510/756
f 1511/1511/757 1512/1512/757 1505/1505/757
f 1506/1506/757 1505/1505/757 1512/1512/757
f 1506/1/1 1510/1/1 1508/1/1
f 1506/1/1 1512/1/1 1510/1/1
f 1513/1513/758 1514/1514/758 1515/1515/758
f 1516/1516/758 1515/1515/758 1514/1514/758
f 1515/1515/759 1516/1516/759 1517/1517/759
f 1518/1518/759 1517/1517/759 1516/1516/759
f 1517/1517/760 1518/1518/760 1519/1519/760
f 1520/1520/760 1519/1519/760 1518/1518/760
f 1519/1519/761 1520/1520/761 1513/1513/761
f 1514/1514/761 1513/1513/761 1520/1520/761
f 1514/1/1 1518/1/1 1516/1/1
f 1514/1/1 1520/1/1 1518/1/1
f 1521/1521/762 1522/1522/762 1523/1523/762
f 1524/1524/762 1523/1523/762 1522/1522/762
f 1523/1523/763 1524/1524/763 1525/1525/763
f 1526/1526/763 1525/1525/763 1524/1524/763
f 1525/1525/764 1526/1526/764 1527/1527/764
f 1528/1528/764 1527/1527/764 1526/1526/764
f 1527/1527/765 1528/1528/765 1521/1521/765
f 1522/1522/765 1521/1521/765 1528/1528/765
f 1522/1/1 1526/1/1 1524/1/1
f 1522/1/1 1528/1/1 1526/1/1
f 1529/1529/766 1530/1530/766 1531/1531/766
f 1532/1532/766 1531/1531/766 1530/1530/766
f 1531/1531/767 1532/1532/767 1533/1533/767
f 1534/1534/767 1533/1533/767 1532/1532/767
f 1533/1533/768 1534/1534/768 1535/1535/768
f 1536/1536/768 1535/1535/768 1534/1534/768
f 1535/1535/769 1536/1536/769 1529/1529/769
f 1530/1530/769 1529/1529/769 1536/1536/769
f 1530/1/1 1534/1/1 1532/1/1
f 1530/1/1 1536/1/1 1534/1/1
f 1537/1537/770 1538/1538/770 1539/1539/770
f 1540/1540/770 1539/1539/770 1538/1538/770
f 1539/1539/771 1540/1540/771 1541/1541/771
f 1542/1542/771 1541/1541/771 1540/1540/771
f 1541/1541/772 1542/1542/772 1543/1543/772
f 1544/1544/772 1543/1543/772 1542/1542/772
f 1543/1543/773 1544/1544/773 1537/1537/773
f 1538/1538/773 1537/1537/773 1544/1544/773
f 1538/1/1 1542/1/1 1540/1/1
f 1538/1/1 1544/1/1 1542/1/1
f 1545/1545/774 1546/1546/774 1547/1547/774
f 1548/1548/774 1547/1547/774 1546/1546/774
f 1547/1547/775 1548/1548/775 1549/1549/775
f 1550/1550/775 1549/1549/775 1548/1548/775
f 1549/1549/776 1550/1550/776 1551/1551/776
f 1552/1552/776 1551/1551/776 1550/1550/776
f 1551/1551/777 1552/1552/777 1545/1545/777
f 1546/1546/777 1545/1545/777 1552/1552/777
f 1546/1/1 1550/1/1 1548/1/1
f 1546/1/1 1552/1/1 1550/1/1
f 1553/1553/778 1554/1554/778 1555/1555/778
f 1556/1556/778 1555/1555/778 1554/1554/778
f 1555/1555/779 1556/1556/779 1557/1557/779
f 1558/1558/779 1557/1557/779 1556/1556/779
f 1557/1557/780 1558/1558/780 1559/1559/780
f 1560/1560/780 1559/1559/780 1558/1558/780
f 1559/1559/781 1560/1560/781 1553/1553/781
f 1554/1554/781 1553/1553/781 1560/1560/781
f 1554/1/1 1558/1/1 1556/1/1
f 1554/1/1 1560/1/1 1558/1/1
f 1561/1561/782 1562/1562/782 1563/1563/782
f 1564/1564/782 1563/1563/782 1562/1562/782
f 1563/1563/783 1564/1564/783 1565/1565/783
f 1566/1566/783 1565/1565/783 1564/1564/783
f 1565/1565/784 1566/1566/784 1567/1567/784
f 1568/1568/784 1567/1567/784 1566/1566/784
f 1567/1567/785 1568/1568/785 1561/1561/785
f 1562/1562/785 1561/1561/785 1568/1568/785
f 1562/1/1 1566/1/1 1564/1/1
f 1562/1/1 1568/1/1 1566/1/1
f 1569/1569/786 1570/1570/786 1571/1571/786
f 1572/1572/786 1571/1571/786 1570/1570/786
f 1571/1571/787 1572/1572/787 1573/1573/787
f 1574/1574/787 1573/1573/787 1572/1572/787
f 1573/1573/788 1574/1574/788 1575/1575/788
f 1576/1576/788 1575/1575/788 1574/1574/788
f 1575/1575/789 1576/1576/789 1569/1569/789
f 1570/1570/789 1569/1569/789 1576/1576/789
f 1570/1/1 1574/1/1 1572/1/1
f 1570/1/1 1576/1/1 1574/1/1
f 1577/1577/790 1578/1578/790 1579/1579/790
f 1580/1580/790 1579/1579/790 1578/1578/790
f 1579/1579/791 1580/1580/791 1581/1581/791
f 1582/1582/791 1581/1581/791 1580/1580/791
f 1581/1581/792 1582/1582/792 1583/1583/792
f 1584/1584/792 1583/1583/792 1582/1582/792
f 1583/1583/793 1584/1584/793 1577/1577/793
f 1578/1578/793 1577/1577/793 1584/1584/793
f 1578/1/1 1582/1/1 1580/1/1
f 1578/1/1 1584/1/1 1582/1/1
f 1585/1585/794 1586/1586/794 1587/1587/794
f 1588/1588/794 1587/1587/794 1586/1586/794
f 1587/1587/795 1588/1588/795 1589/1589/795
f 1590/1590/795 1589/1589/795 1588/1588/795
f 1589/1589/796 1590/1590/796 1591/1591/796
f 1592/1592/796 1591/1591/796 1590/1590/796
f 1591/1591/797 1592/1592/797 1585/1585/797
f 1586/1586/797 1585/1585/797 1592/1592/797
f 1586/1/1 1590/1/1 1588/1/1
f 1586/1/1 1592/1/1 1590/1/1
f 1593/1593/798 1594/1594/798 1595/1595/798
f 1596/1596/798 1595/1595/798 1594/1594/798
f 1595/1595/799 1596/1596/799 1597/1597/799
f 1598/1598/799 1597/1597/799 1596/1596/799
f 1597/1597/800 1598/1598/800 1599/1599/800
f 1600/1600/800 1599/1599/800 1598/1598/800
f 1599/1599/801 1600/1600/801 1593/1593/801
f 1594/1594/801 1593/1593/801 1600/1600/801
f 1594/1/1 1598/1/1 1596/1/1
f 1594/1/1 1600/1/1 1598/1/1
f 1601/1601/802 1602/1602/802 1603/1603/802
f 1604/1604/802 1603/1603/802 1602/1602/802
f 1603/1603/803 1604/1604/803 1605/1605/803
f 1606/1606/803 1605/1605/803 1604/1604/803
f 1605/1605/804 1606/1606/804 1607/1607/804
f 1608/1608/804 1607/1607/804 1606/1606/804
f 1607/1607/805 1608/1608/805 1601/1601/805
f 1602/1602/805 1601/1601/805 1608/1608/805
f 1602/1/1 1606/1/1 1604/1/1
f 1602/1/1 1608/1/1 1606/1/1
f 1609/1609/806 1610/1610/806 1611/1611/806
f 1612/1612/806 1611/1611/806 1610/1610/806
f 1611/1611/807 1612/1612/807 1613/1613/807
f 1614/1614/807 1613/1613/807 1612/1612/807
f 1613/1613/808 1614/1614/808 1615/1615/808
f 1616/1616/808 1615/1615/808 1614/1614/808
f 1615/1615/809 1616/1616/809 1609/1609/809
f 1610/1610/809 1609/1609/809 1616/1616/809
f 1610/1/1 1614/1/1 1612/1/1
f 1610/1/1 1616/1/1 1614/1/1
f 1617/1617/810 1618/1618/810 1619/1619/810
f 1620/1620/810 1619/1619/810 1618/1618/810
f 1619/1619/811 1620/1620/811 1621/1621/811
f 1622/1622/811 1621/1621/811 1620/1620/811
f 1621/1621/812 1622/1622/812 1623/1623/812
f 1624/1624/812 1623/1623/812 1622/1622/812
f 1623/1623/813 1624/1624/813 1617/1617/813
f 1618/1618/813 1617/1617/813 1624/1624/813
f 1618/1/1 1622/1/1 1620/1/1
f 1618/1/1 1624/1/1 1622/1/1
f 1625/1625/814 1626/1626/814 1627/1627/814
f 1628/1628/814 1627/1627/814 1626/1626/814
f 1627/1627/815 1628/1628/815 1629/1629/815
f 1630/1630/815 1629/1629/815 1628/1628/815
f 1629/1629/816 1630/1630/816 1631/1631/816
f 1632/1632/816 1631/1631/816 1630/1630/816
f 1631/1631/817 1632/1632/817 1625/1625/817
f 1626/1626/817 1625/1625/817 1632/1632/817
f 1626/1/1 1630/1/1 1628/1/1
f 1626/1/1 1632/1/1 1630/1/1
f 1633/1633/818 1634/1634/818 1635/1635/818
f 1636/1636/818 1635/1635/818 1634/1634/818
f 1635/1635/819 1636/1636/819 1637/1637/819
f 1638/1638/819 1637/1637/819 1636/1636/819
f 1637/1637/820 1638/1638/820 1639/1639/820
f 1640/1640/820 1639/1639/820 1638/1638/820
f 1639/1639/821 1640/1640/821 1633/1633/821
f 1634/1634/821 1633/1633/821 1640/1640/821
f 1634/1/1 1638/1/1 1636/1/1
f 1634/1/1 1640/1/1 1638/1/1
f 1641/1641/822 1642/1642/822 1643/1643/822
f 1644/1644/822 1643/1643/822 1642/1642/822
f 1643/1643/823 1644/1644/823 1645/1645/823
f 1646/1646/823 1645/1645/823 1644/1644/823
f 1645/1645/824 1646/1646/824 1647/1647/824
f 1648/1648/824 1647/1647/824 1646/1646/824
f 1647/1647/825 1648/1648/825 1641/1641/825
f 1642/1642/825 1641/1641/825 1648/1648/825
f 1642/1/1 1646/1/1 1644/1/1
f 1642/1/1 1648/1/1 1646/1/1
f 1649/1649/826 1650/1650/826 1651/1651/826
f 1652/1652/826 1651/1651/826 1650/1650/826
f 1651/1651/827 1652/1652/827 1653/1653/827
f 1654/1654/827 1653/1653/827 1652/1652/827
f 1653/1653/828 1654/1654/828 1655/1655/828
f 1656/1656/828 1655/1655/828 1654/1654/828
f 1655/1655/829 1656/1656/829 1649/1649/829
f 1650/1650/829 1649/1649/829 1656/1656/829
f 1650/1/1 1654/1/1 1652/1/1
f 1650/1/1 1656/1/1 1654/1/1
f 1657/1657/830 1658/1658/830 1659/1659/830
f 1660/1660/830 1659/1659/830 1658/1658/830
f 1659/1659/831 1660/1660/831 1661/1661/831
f 1662/1662/831 1661/1661/831 1660/1660/831
f 1661/1661/832 1662/1662/832 1663/1663/832
f 1664/1664/832 1663/1663/832 1662/1662/832
f 1663/1663/833 1664/1664/833 1657/1657/833
f 1658/1658/833 1657/1657/833 1664/1664/833
f 1658/1/1 1662/1/1 1660/1/1
f 1658/1/1 1664/1/1 1662/1/1
f 1665/1665/834 1666/1666/834 1667/1667/834
f 1668/1668/834 1667/1667/834 1666/1666/834
f 1667/1667/835 1668/1668/835 1669/1669/835
f 1670/1670/835 1669/1669/835 1668/1668/835
f 1669/1669/836 1670/1670/836 1671/1671/836
f 1672/1672/836 1671/1671/836 1670/1670/836
f 1671/1671/837 1672/1672/837 1665/1665/837
f 1666/1666/837 1665/1665/837 1672/1672/837
f 1666/1/1 1670/1/1 1668/1/1
f 1666/1/1 1672/1/1 1670/1/1
f 1673/1673/838 1674/1674/838 1675/1675/838
f 1676/1676/838 1675/1675/838 1674/1674/838
f 1675/1675/839 1676/1676/839 1677/1677/839
f 1678/1678/839 1677/1677/839 1676/1676/839
f 1677/1677/840 1678/1678/840 1679/1679/840
f 1680/1680/840 1679/1679/840 1678/1678/840
f 1679/1679/841 1680/1680/841 1673/1673/841
f 1674/1674/841 1673/1673/841 1680/1680/841
f 1674/1/1 1678/1/1 1676/1/1
f 1674/1/1 1680/1/1 1678/1/1
f 1681/1681/842 1682/1682/842 1683/1683/842
f 1684/1684/842 1683/1683/842 1682/1682/842
f 1683/1683/843 1684/1684/843 1685/1685/843
f 1686/1686/843 1685/1685/843 1684/1684/843
f 1685/1685/844 1686/1686/844 1687/1687/844
f 1688/1688/844 1687/1687/844 1686/1686/844
f 1687/1687/845 1688/1688/845 1681/1681/845
f 1682/1682/845 1681/1681/845 1688/1688/845
f 1682/1/1 1686/1/1 1684/1/1
f 1682/1/1 1688/1/1 1686/1/1
f 1689/1689/846 1690/1690/846 1691/1691/846
f 1692/1692/846 1691/1691/846 1690/1690/846
f 1691/1691/847 1692/1692/847 1693/1693/847
f 1694/1694/847 1693/1693/847 1692/1692/847
f 1693/1693/848 1694/1694/848 1695/1695/848
f 1696/1696/848 1695/1695/848 1694/1694/848
f 1695/1695/849 1696/1696/849 1689/1689/849
f 1690/1690/849 1689/1689/849 1696/1696/849
f 1690/1/1 1694/1/1 1692/1/1
f 1690/1/1 1696/1/1 1694/1/1
f 1697/1697/850 1698/1698/850 1699/1699/850
f 1700/1700/850 1699/1699/850 1698/1698/850
f 1699/1699/851 1700/1700/851 1701/1701/851
f 1702/1702/851 1701/1701/851 1700/1700/851
f 1701/1701/852 1702/1702/852 1703/1703/852
f 1704/1704/852 1703/1703/852 1702/1702/852
f 1703/1703/853 1704/1704/853 1697/1697/853
f 1698/1698/853 1697/1697/853 1704/1704/853
f 1698/1/1 1702/1/1 1700/1/1
f 1698/1/1 1704/1/1 1702/1/1
f 1705/1705/854 1706/1706/854 1707/1707/854
f 1708/1708/854 1707/1707/854 1706/1706/854
f 1707/1707/855 1708/1708/855 1709/1709/855
f 1710/1710/855 1709/1709/855 1708/1708/855
f 1709/1709/856 1710/1710/856 1711/1711/856
f 1712/1712/856 1711/1711/856 1710/1710/856
f 1711/1711/857 1712/1712/857 1705/1705/857
f 1706/1706/857 1705/1705/857 1712/1712/857
f 1706/1/1 1710/1/1 1708/1/1
f 1706/1/1 1712/1/1 1710/1/1
f 1713/1713/858 1714/1714/858 1715/1715/858
f 1716/1716/858 1715/1715/858 1714/1714/858
f 1715/1715/859 1716/1716/859 1717/1717/859
f 1718/1718/859 1717/1717/859 1716/1716/859
f 1717/1717/860 1718/1718/860 1719/1719/860
f 1720/1720/860 1719/1719/860 1718/1718/860
f 1719/1719/861 1720/1720/861 1713/1713/861
f 1714/1714/861 1713/1713/861 1720/1720/861
f 1714/1/1 1718/1/1 1716/1/1
f 1714/1/1 1720/1/1 1718/1/1
f 1721/1721/862 1722/1722/862 1723/1723/862
f 1724/1724/862 1723/1723/862 1722/1722/862
f 1723/1723/863 1724/1724/863 1725/1725/863
f 1726/1726/863 1725/1725/863 1724/1724/863
f 1725/1725/864 1726/1726/864 1727/1727/864
f 1728/1728/864 1727/1727/864 1726/1726/864
f 1727/1727/865 1728/1728/865 1721/1721/865
f 1722/1722/865 1721/1721/865 1728/1728/865
f 1722/1/1 1726/1/1 1724/1/1
f 1722/1/1 1728/1/1 1726/1/1
f 1729/1729/866 1730/1730/866 1731/1731/866
f 1732/1732/866 1731/1731/866 1730/1730/866
f 1731/1731/867 1732/1732/867 1733/1733/867
f 1734/1734/867 1733/1733/867 1732/1732/867
f 1733/1733/868 1734/1734/868 1735/1735/868
f 1736/1736/868 1735/1735/868 1734/1734/868
f 1735/1735/869 1736/1736/869 1729/1729/869
f 1730/1730/869 1729/1729/869 1736/1736/869
f 1730/1/1 1734/1/1 1732/1/1
f 1730/1/1 1736/1/1 1734/1/1
f 1737/1737/870 1738/1738/870 1739/1739/870
f 1740/1740/870 1739/1739/870 1738/1738/870
f 1739/1739/871 1740/1740/871 1741/1741/871
f 1742/1742/871 1741/1741/871 1740/1740/871
f 1741/1741/872 1742/1742/872 1743/1743/872
f 1744/1744/872 1743/1743/872 1742/1742/872
f 1743/1743/873 1744/1744/873 1737/1737/873
f 1738/1738/873 1737/1737/873 1744/1744/873
f 1738/1/1 1742/1/1 1740/1/1
f 1738/1/1 1744/1/1 1742/1/1
f 1745/1745/874 1746/1746/874 1747/1747/874
f 1748/1748/874 1747/1747/874 1746/1746/874
f 1747/1747/875 1748/1748/875 1749/1749/875
f 1750/1750/875 1749/1749/875 1748/1748/875
f 1749/1749/876 1750/1750/876 1751/1751/876
f 1752/1752/876 1751/1751/876 1750/1750/876
f 1751/1751/877 1752/1752/877 1745/1745/877
f 1746/1746/877 1745/1745/877 1752/1752/877
f 1746/1/1 1750/1/1 1748/1/1
f 1746/1/1 1752/1/1 1750/1/1
f 1753/1753/878 1754/1754/878 1755/1755/878
f 1756/1756/878 1755/1755/878 1754/1754/878
f 1755/1755/879 1756/1756/879 1757/1757/879
f 1758/1758/879 1757/1757/879 1756/1756/879
f 1757/1757/880 1758/1758/880 1759/1759/880
f 1760/1760/880 1759/1759/880 1758/1758/880
f 1759/1759/881 1760/1760/881 1753/1753/881
f 1754/1754/881 1753/1753/881 1760/1760/881
f 1754/1/1 1758/1/1 1756/1/1
f 1754/1/1 1760/1/1 1758/1/1
f 1761/1761/882 1762/1762/882 1763/1763/882
f 1764/1764/882 1763/1763/882 1762/1762/882
f 1763/1763/883 1764/1764/883 1765/1765/883
f 1766/1766/883 1765/1765/883 1764/1764/883
f 1765/1765/884 1766/1766/884 1767/1767/884
f 1768/1768/884 1767/1767/884 1766/1766/884
f 1767/1767/885 1768/1768/885 1761/1761/885
f 1762/1762/885 1761/1761/885 1768/1768/885
f 1762/1/1 1766/1/1 1764/1/1
f 1762/1/1 1768/1/1 1766/1/1
f 1769/1769/886 1770/1770/886 1771/1771/886
f 1772/1772/886 1771/1771/886 1770/1770/886
f 1771/1771/887 1772/1772/887 1773/1773/887
f 1774/1774/887 1773/1773/887 1772/1772/887
f 1773/1773/888 1774/1774/888 1775/1775/888
f 1776/1776/888 1775/1775/888 1774/1774/888
f 1775/1775/889 1776/1776/889 1769/1769/889
f 1770/1770/889 1769/1769/889 1776/1776/889
f 1770/1/1 1774/1/1 1772/1/1
f 1770/1/1 1776/1/1 1774/1/1
f 1777/1777/890 1778/1778/890 1779/1779/890
f 1780/1780/890 1779/1779/890 1778/1778/890
f 1779/1779/891 1780/1780/891 1781/1781/891
f 1782/1782/891 1781/1781/891 1780/1780/891
f 1781/1781/892 1782/1782/892 1783/1783/892
f 1784/1784/892 1783/1783/892 1782/1782/892
f 1783/1783/893 1784/1784/893 1777/1777/893
f 1778/1778/893 1777/1777/893 1784/1784/893
f 1778/1/1 1782/1/1 1780/1/1
f 1778/1/1 1784/1/1 1782/1/1
f 1785/1785/894 1786/1786/894 1787/1787/894
f 1788/1788/894 1787/1787/894 1786/1786/894
f 1787/1787/895 1788/1788/895 1789/1789/895
f 1790/1790/895 1789/1789/895 1788/1788/895
f 1789/1789/896 1790/1790/896 1791/1791/896
f 1792/1792/896 1791/1791/896 1790/1790/896
f 1791/1791/897 1792/1792/897 1785/1785/897
f 1786/1786/897 1785/1785/897 1792/1792/897
f 1786/1/1 1790/1/1 1788/1/1
f 1786/1/1 1792/1/1 1790/1/1
f 1793/1793/898 1794/1794/898 1795/1795/898
f 1796/1796/898 1795/1795/898 1794/1794/898
f 1795/1795/899 1796/1796/899 1797/1797/899
f 1798/1798/899 1797/1797/899 1796/1796/899
f 1797/1797/900 1798/1798/900 1799/1799/900
f 1800/1800/900 1799/1799/900 1798/1798/900
f 1799/1799/901 1800/1800/901 1793/1793/901
f 1794/1794/901 1793/1793/901 1800/1800/901
f 1794/1/1 1798/1/1 1796/1/1
f 1794/1/1 1800/1/1 1798/1/1
f 1801/1801/902 1802/1802/902 1803/1803/902
f 1804/1804/902 1803/1803/902 1802/1802/902
f 1803/1803/903 1804/1804/903 1805/1805/903
f 1806/1806/903 1805/1805/903 1804/1804/903
f 1805/1805/904 1806/1806/904 1807/1807/904
f 1808/1808/904 1807/1807/904 1806/1806/904
f 1807/1807/905 1808/1808/905 1801/1801/905
f 1802/1802/905 1801/1801/905 1808/1808/905
f 1802/1/1 1806/1/1 1804/1/1
f 1802/1/1 1808/1/1 1806/1/1
f 1809/1809/906 1810/1810/906 1811/1811/906
f 1812/1812/906 1811/1811/906 1810/1810/906
f 1811/1811/907 1812/1812/907 1813/1813/907
f 1814/1814/907 1813/1813/907 1812/1812/907
f 1813/1813/908 1814/1814/908 1815/1815/908
f 1816/1816/908 1815/1815/908 1814/1814/908
f 1815/1815/909 1816/1816/909 1809/1809/909
f 1810/1810/909 1809/1809/909 1816/1816/909
f 1810/1/1 1814/1/1 1812/1/1
f 1810/1/1 1816/1/1 1814/1/1
f 1817/1817/910 1818/1818/910 1819/1819/910
f 1820/1820/910 1819/1819/910 1818/1818/910
f 1819/1819/911 1820/1820/911 1821/1821/911
f 1822/1822/911 1821/1821/911 1820/1820/911
f 1821/1821/912 1822/1822/912 1823/1823/912
f 1824/1824/912 1823/1823/912 1822/1822/912
f 1823/1823/913 1824/1824/913 1817/1817/913
f 1818/1818/913 1817/1817/913 1824/1824/913
f 1818/1/1 1822/1/1 1820/1/1
f 1818/1/1 1824/1/1 1822/1/1
f 1825/1825/914 1826/1826/914 1827/1827/914
f 1828/1828/914 1827/1827/914 1826/1826/914
f 1827/1827/915 1828/1828/915 1829/1829/915
f 1830/1830/915 1829/1829/915 1828/1828/915
f 1829/1829/916 1830/1830/916 1831/1831/916
f 1832/1832/916 1831/1831/916 1830/1830/916
f 1831/1831/917 1832/1832/917 1825/1825/917
f 1826/1826/917 1825/1825/917 1832/1832/917
f 1826/1/1 1830/1/1 1828/1/1
f 1826/1/1 1832/1/1 1830/1/1
f 1833/1833/918 1834/1834/918 1835/1835/918
f 1836/1836/918 1835/1835/918 1834/1834/918
f 1835/1835/919 1836/1836/919 1837/1837/919
f 1838/1838/919 1837/1837/919 1836/1836/919
f 1837/1837/920 1838/1838/920 1839/1839/920
f 1840/1840/920 1839/1839/920 1838/1838/920
f 1839/1839/921 1840/1840/921 1833/1833/921
f 1834/1834/921 1833/1833/921 1840/1840/921
f 1834/1/1 1838/1/1 1836/1/1
f 1834/1/1 1840/1/1 1838/1/1
f 1841/1841/922 1842/1842/922 1843/1843/922
f 1844/1844/922 1843/1843/922 1842/1842/922
f 1843/1843/923 1844/1844/923 1845/1845/923
f 1846/1846/923 1845/1845/923 1844/1844/923
f 1845/1845/924 1846/1846/924 1847/1847/924
f 1848/1848/924 1847/1847/924 1846/1846/924
f 1847/1847/925 1848/1848/925 1841/1841/925
f 1842/1842/925 1841/1841/925 1848/1848/925
f 1842/1/1 1846/1/1 1844/1/1
f 1842/1/1 1848/1/1 1846/1/1
f 1849/1849/926 1850/1850/926 1851/1851/926
f 1852/1852/926 1851/1851/926 1850/1850/926
f 1851/1851/927 1852/1852/927 1853/1853/927
f 1854/1854/927 1853/1853/927 1852/1852/927
f 1853/1853/928 1854/1854/928 1855/1855/928
f 1856/1856/928 1855/1855/928 1854/1854/928
f 1855/1855/929 1856/1856/929 1849/1849/929
f 1850/1850/929 1849/1849/929 1856/1856/929
f 1850/1/1 1854/1/1 1852/1/1
f 1850/1/1 1856/1/1 1854/1/1
f 1857/1857/930 1858/1858/930 1859/1859/930
f 1860/1860/930 1859/1859/930 1858/1858/930
f 1859/1859/931 1860/1860/931 1861/1861/931
f 1862/1862/931 1861/1861/931 1860/1860/931
f 1861/1861/932 1862/1862/932 1863/1863/932
f 1864/1864/932 1863/1863/932 1862/1862/932
f 1863/1863/933 1864/1864/933 1857/1857/933
f 1858/1858/933 1857/1857/933 1864/1864/933
f 1858/1/1 1862/1/1 1860/1/1
f 1858/1/1 1864/1/1 1862/1/1
f 1865/1865/934 1866/1866/934 1867/1867/934
f 1868/1868/934 1867/1867/934 1866/1866/934
f 1867/1867/935 1868/1868/935 1869/1869/935
f 1870/1870/935 1869/1869/935 1868/1868/935
f 1869/1869/936 1870/1870/936 1871/1871/936
f 1872/1872/936 1871/1871/936 1870/1870/936
f 1871/1871/937 1872/1872/937 1865/1865/937
f 1866/1866/937 1865/1865/937 1872/1872/937
f 1866/1/1 1870/1/1 1868/1/1
f 1866/1/1 1872/1/1 1870/1/1
f 1873/1873/938 1874/1874/938 1875/1875/938
f 1876/1876/938 1875/1875/938 1874/1874/938
f 1875/1875/939 1876/1876/939 1877/1877/939
f 1878/1878/939 1877/1877/939 1876/1876/939
f 1877/1877/940 1878/1878/940 1879/1879/940
f 1880/1880/940 1879/1879/940 1878/1878/940
f 1879/1879/941 1880/1880/941 1873/1873/941
f 1874/1874/941 1873/1873/941 1880/1880/941
f 1874/1/1 1878/1/1 1876/1/1
f 1874/1/1 1880/1/1 1878/1/1
f 1881/1881/942 1882/1882/942 1883/1883/942
f 1884/1884/942 1883/1883/942 1882/1882/942
f 1883/1883/943 1884/1884/943 1885/1885/943
f 1886/1886/943 1885/1885/943 1884/1884/943
f 1885/1885/944 1886/1886/944 1887/1887/944
f 1888/1888/944 1887/1887/944 1886/1886/944
f 1887/1887/945 1888/1888/945 1881/1881/945
f 1882/1882/945 1881/1881/945 1888/1888/945
f 1882/1/1 1886/1/1 1884/1/1
f 1882/1/1 1888/1/1 1886/1/1
f 1889/1889/946 1890/1890/946 1891/1891/946
f 1892/1892/946 1891/1891/946 1890/1890/946
f 1891/1891/947 1892/1892/947 1893/1893/947
f 1894/1894/947 1893/1893/947 1892/1892/947
f 1893/1893/948 1894/1894/948 1895/1895/948
f 1896/1896/948 1895/1895/948 1894/1894/948
f 1895/1895/949 1896/1896/949 1889/1889/949
f 1890/1890/949 1889/1889/949 1896/1896/949
f 1890/1/1 1894/1/1 1892/1/1
f 1890/1/1 1896/1/1 1894/1/1
f 1897/1897/950 1898/1898/950 1899/1899/950
f 1900/1900/950 1899/1899/950 1898/1898/950
f 1899/1899/951 1900/1900/951 1901/1901/951
f 1902/1902/951 1901/1901/951 1900/1900/951
f 1901/1901/952 1902/1902/952 1903/1903/952
f 1904/1904/952 1903/1903/952 1902/1902/952
f 1903/1903/953 1904/1904/953 1897/1897/953
f 1898/1898/953 1897/1897/953 1904/1904/953
f 1898/1/1 1902/1/1 1900/1/1
f 1898/1/1 1904/1/1 1902/1/1
f 1905/1905/954 1906/1906/954 1907/1907/954
f 1908/1908/954 1907/1907/954 1906/1906/954
f 1907/1907/955 1908/1908/955 1909/1909/955
f 1910/1910/955 1909/1909/955 1908/1908/955
f 1909/1909/956 1910/1910/956 1911/1911/956
f 1912/1912/956 1911/1911/956 1910/1910/956
f 1911/1911/957 1912/1912/957 1905/1905/957
f 1906/1906/957 1905/1905/957 1912/1912/957
f 1906/1/1 1910/1/1 1908/1/1
f 1906/1/1 1912/1/1 1910/1/1
f 1913/1913/958 1914/1914/958 1915/1915/958
f 1916/1916/958 1915/1915/958 1914/1914/958
f 1915/1915/959 1916/1916/959 1917/1917/959
f 1918/1918/959 1917/1917/959 1916/1916/959
f 1917/1917/960 1918/1918/960 1919/1919/960
f 1920/1920/960 1919/1919/960 1918/1918/960
f 1919/1919/961 1920/1920/961 1913/1913/961
f 1914/1914/961 1913/1913/961 1920/1920/961
f 1914/1/1 1918/1/1 1916/1/1
f 1914/1/1 1920/1/1 1918/1/1
f 1921/1921/962 1922/1922/962 1923/1923/962
f 1924/1924/962 1923/1923/962 1922/1922/962
f 1923/1923/963 1924/1924/963 1925/1925/963
f 1926/1926/963 1925/1925/963 1924/1924/963
f 1925/1925/964 1926/1926/964 1927/1927/964
f 1928/1928/964 1927/1927/964 1926/1926/964
f 1927/1927/965 1928/1928/965 1921/1921/965
f 1922/1922/965 1921/1921/965 1928/1928/965
f 1922/1/1 1926/1/1 1924/1/1
f 1922/1/1 1928/1/1 1926/1/1
f 1929/1929/966 1930/1930/966 1931/1931/966
f 1932/1932/966 1931/1931/966 1930/1930/966
f 1931/1931/967 1932/1932/967 1933/1933/967
f 1934/1934/967 1933/1933/967 1932/1932/967
f 1933/1933/968 1934/1934/968 1935/1935/968
f 1936/1936/968 1935/1935/968 1934/1934/968
f 1935/1935/969 1936/1936/969 1929/1929/969
f 1930/1930/969 1929/1929/969 1936/1936/969
f 1930/1/1 1934/1/1 1932/1/1
f 1930/1/1 1936/1/1 1934/1/1
f 1937/1937/970 1938/1938/970 1939/1939/970
f 1940/1940/970 1939/1939/970 1938/1938/970
f 1939/1939/971 1940/1940/971 1941/1941/971
f 1942/1942/971 1941/1941/971 1940/1940/971
f 1941/1941/972 1942/1942/972 1943/1943/972
f 1944/1944/972 1943/1943/972 1942/1942/972
f 1943/1943/973 1944/1944/973 1937/1937/973
f 1938/1938/973 1937/1937/973 1944/1944/973
f 1938/1/1 1942/1/1 1940/1/1
f 1938/1/1 1944/1/1 1942/1/1
f 1945/1945/974 1946/1946/974 1947/1947/974
f 1948/1948/974 1947/1947/974 1946/1946/974
f 1947/1947/975 1948/1948/975 1949/1949/975
f 1950/1950/975 1949/1949/975 1948/1948/975
f 1949/1949/976 1950/1950/976 1951/1951/976
f 1952/1952/976 1951/1951/976 1950/1950/976
f 1951/1951/977 1952/1952/977 1945/1945/977
f 1946/1946/977 1945/1945/977 1952/1952/977
f 1946/1/1 1950/1/1 1948/1/1
f 1946/1/1 1952/1/1 1950/1/1
f 1953/1953/978 1954/1954/978 1955/1955/978
f 1956/1956/978 1955/1955/978 1954/1954/978
f 1955/1955/979 1956/1956/979 1957/1957/979
f 1958/1958/979 1957/1957/979 1956/1956/979
f 1957/1957/980 1958/1958/980 1959/1959/980
f 1960/1960/980 1959/1959/980 1958/1958/980
f 1959/1959/981 1960/1960/981 1953/1953/981
f 1954/1954/981 1953/1953/981 1960/1960/981
f 1954/1/1 1958/1/1 1956/1/1
f 1954/1/1 1960/1/1 1958/1/1
f 1961/1961/982 1962/1962/982 1963/1963/982
f 1964/1964/982 1963/1963/982 1962/1962/982
f 1963/1963/983 1964/1964/983 1965/1965/983
f 1966/1966/983 1965/1965/983 1964/1964/983
f 1965/1965/984 1966/1966/984 1967/1967/984
f 1968/1968/984 1967/1967/984 1966/1966/984
f 1967/1967/985 1968/1968/985 1961/1961/985
f 1962/1962/985 1961/1961/985 1968/1968/985
f 1962/1/1 1966/1/1 1964/1/1
f 1962/1/1 1968/1/1 1966/1/1
f 1969/1969/986 1970/1970/986 1971/1971/986
f 1972/1972/986 1971/1971/986 1970/1970/986
f 1971/1971/987 1972/1972/987 1973/1973/987
f 1974/1974/987 1973/1973/987 1972/1972/987
f 1973/1973/988 1974/1974/988 1975/1975/988
f 1976/1976/988 1975/1975/988 1974/1974/988
f 1975/1975/989 1976/1976/989 1969/1969/989
f 1970/1970/989 1969/1969/989 1976/1976/989
f 1970/1/1 1974/1/1 1972/1/1
f 1970/1/1 1976/1/1 1974/1/1
f 1977/1977/990 1978/1978/990 1979/1979/990
f 1980/1980/990 1979/1979/990 1978/1978/990
f 1979/1979/991 1980/1980/991 1981/1981/991
f 1982/1982/991 1981/1981/991 1980/1980/991
f 1981/1981/992 1982/1982/992 1983/1983/992
f 1984/1984/992 1983/1983/992 1982/1982/992
f 1983/1983/993 1984/1984/993 1977/1977/993
f 1978/1978/993 1977/1977/993 1984/1984/993
f 1978/1/1 1982/1/1 1980/1/1
f 1978/1/1 1984/1/1 1982/1/1
f 1985/1985/994 1986/1986/994 1987/1987/994
f 1988/1988/994 1987/1987/994 1986/1986/994
f 1987/1987/995 1988/1988/995 1989/1989/995
f 1990/1990/995 1989/1989/995 1988/1988/995
f 1989/1989/996 1990/1990/996 1991/1991/996
f 1992/1992/996 1991/1991/996 1990/1990/996
f 1991/1991/997 1992/1992/997 1985/1985/997
f 1986/1986/997 1985/1985/997 1992/1992/997
f 1986/1/1 1990/1/1 1988/1/1
f 1986/1/1 1992/1/1 1990/1/1
f 1993/1993/998 1994/1994/998 1995/1995/998
f 1996/1996/998 1995/1995/998 1994/1994/998
f 1995/1995/999 1996/1996/999 1997/1997/999
f 1998/1998/999 1997/1997/999 1996/1996/999
f 1997/1997/1000 1998/1998/1000 1999/1999/1000
f 2000/2000/1000 1999/1999/1000 1998/1998/1000
f 1999/1999/1001 2000/2000/1001 1993/1993/1001
f 1994/1994/1001 1993/1993/1001 2000/2000/1001
f 1994/1/1 1998/1/1 1996/1/1
f 1994/1/1 2000/1/1 1998/1/1
f 2001/2001/1002 2002/2002/1002 2003/2003/1002
f 2004/2004/1002 2003/2003/1002 2002/2002/1002
f 2003/2003/1003 2004/2004/1003 2005/2005/1003
f 2006/2006/1003 2005/2005/1003 2004/2004/1003
f 2005/2005/1004 2006/2006/1004 2007/2007/1004
f 2008/2008/1004 2007/2007/1004 2006/2006/1004
f 2007/2007/1005 2008/2008/1005 2001/2001/1005
f 2002/2002/1005 2001/2001/1005 2008/2008/1005
f 2002/1/1 2006/1/1 2004/1/1
f 2002/1/1 2008/1/1 2006/1/1
f 2009/2009/1006 2010/2010/1006 2011/2011/1006
f 2012/2012/1006 2011/2011/1006 2010/2010/1006
f 2011/2011/1007 2012/2012/1007 2013/2013/1007
f 2014/2014/1007 2013/2013/1007 2012/2012/1007
f 2013/2013/1008 2014/2014/1008 2015/2015/1008
f 2016/2016/1008 2015/2015/1008 2014/2014/1008
f 2015/2015/1009 2016/2016/1009 2009/2009/1009
f 2010/2010/1009 2009/2009/1009 2016/2016/1009
f 2010/1/1 2014/1/1 2012/1/1
f 2010/1/1 2016/1/1 2014/1/1
f 2017/2017/1010 2018/2018/1010 2019/2019/1010
f 2020/2020/1010 2019/2019/1010 2018/2018/1010
f 2019/2019/1011 2020/2020/1011 2021/2021/1011
f 2022/2022/1011 2021/2021/1011 2020/2020/1011
f 2021/2021/1012 2022/2022/1012 2023/2023/1012
f 2024/2024/1012 2023/2023/1012 2022/2022/1012
f 2023/2023/1013 2024/2024/1013 2017/2017/1013
f 2018/2018/1013 2017/2017/1013 2024/2024/1013
f 2018/1/1 2022/1/1 2020/1/1
f 2018/1/1 2024/1/1 2022/1/1
f 2025/2025/1014 2026/2026/1014 2027/2027/1014
f 2028/2028/1014 2027/2027/1014 2026/2026/1014
f 2027/2027/1015 2028/2028/1015 2029/2029/1015
f 2030/2030/1015 2029/2029/1015 2028/2028/1015
f 2029/2029/1016 2030/2030/1016 2031/2031/1016
f 2032/2032/1016 2031/2031/1016 2030/2030/1016
f 2031/2031/1017 2032/2032/1017 2025/2025/1017
f 2026/2026/1017 2025/2025/1017 2032/2032/1017
f 2026/1/1 2030/1/1 2028/1/1
f 2026/1/1 2032/1/1 2030/1/1
f 2033/2033/1018 2034/2034/1018 2035/2035/1018
f 2036/2036/1018 2035/2035/1018 2034/2034/1018
f 2035/2035/1019 2036/2036/1019 2037/2037/1019
f 2038/2038/1019 2037/2037/1019 2036/2036/1019
f 2037/2037/1020 2038/2038/1020 2039/2039/1020
f 2040/2040/1020 2039/2039/1020 2038/2038/1020
f 2039/2039/1021 2040/2040/1021 2033/2033/1021
f 2034/2034/1021 2033/2033/1021 2040/2040/1021
f 2034/1/1 2038/1/1 2036/1/1
f 2034/1/1 2040/1/1 2038/1/1
f 2041/2041/1022 2042/2042/1022 2043/2043/1022
f 2044/2044/1022 2043/2043/1022 2042/2042/1022
f 2043/2043/1023 2044/2044/1023 2045/2045/1023
f 2046/2046/1023 2045/2045/1023 2044/2044/1023
f 2045/2045/1024 2046/2046/1024 2047/2047/1024
f 2048/2048/1024 2047/2047/1024 2046/2046/1024
f 2047/2047/1025 2048/2048/1025 2041/2041/1025
f 2042/2042/1025 2041/2041/1025 2048/2048/1025
f 2042/1/1 2046/1/1 2044/1/1
f 2042/1/1 2048/1/1 2046/1/1
f 2049/2049/1026 2050/2050/1026 2051/2051/1026
f 2052/2052/1026 2051/2051/1026 2050/2050/1026
f 2051/2051/1027 2052/2052/1027 2053/2053/1027
f 2054/2054/1027 2053/2053/1027 2052/2052/1027
f 2053/2053/1028 2054/2054/1028 2055/2055/1028
f 2056/2056/1028 2055/2055/1028 2054/2054/1028
f 2055/2055/1029 2056/2056/1029 2049/2049/1029
f 2050/2050/1029 2049/2049/1029 2056/2056/1029
f 2050/1/1 2054/1/1 2052/1/1
f 2050/1/1 2056/1/1 2054/1/1
f 2057/2057/1030 2058/2058/1030 2059/2059/1030
f 2060/2060/1030 2059/2059/1030 2058/2058/1030
f 2059/2059/1031 2060/2060/1031 2061/2061/1031
f 2062/2062/1031 2061/2061/1031 2060/2060/1031
f 2061/2061/1032 2062/2062/1032 2063/2063/1032
f 2064/2064/1032 2063/2063/1032 2062/2062/1032
f 2063/2063/1033 2064/2064/1033 2057/2057/1033
f 2058/2058/1033 2057/2057/1033 2064/2064/1033
f 2058/1/1 2062/1/1 2060/1/1
f 2058/1/1 2064/1/1 2062/1/1
f 2065/2065/1034 2066/2066/1034 2067/2067/1034
f 2068/2068/1034 2067/2067/1034 2066/2066/1034
f 2067/2067/1035 2068/2068/1035 2069/2069/1035
f 2070/2070/1035 2069/2069/1035 2068/2068/1035
f 2069/2069/1036 2070/2070/1036 2071/2071/1036
f 2072/2072/1036 2071/2071/1036 2070/2070/1036
f 2071/2071/1037 2072/2072/1037 2065/2065/1037
f 2066/2066/1037 2065/2065/1037 2072/2072/1037
f 2066/1/1 2070/1/1 2068/1/1
f 2066/1/1 2072/1/1 2070/1/1
f 2073/2073/1038 2074/2074/1038 2075/2075/1038
f 2076/2076/1038 2075/2075/1038 2074/2074/1038
f 2075/2075/1039 2076/2076/1039 2077/2077/1039
f 2078/2078/1039 2077/2077/1039 2076/2076/1039
f 2077/2077/1040 2078/2078/1040 2079/2079/1040
f 2080/2080/1040 2079/2079/1040 2078/2078/1040
f 2079/2079/1041 2080/2080/1041 2073/2073/1041
f 2074/2074/1041 2073/2073/1041 2080/2080/1041
f 2074/1/1 2078/1/1 2076/1/1
f 2074/1/1 2080/1/1 2078/1/1
f 2081/2081/1042 2082/2082/1042 2083/2083/1042
f 2084/2084/1042 2083/2083/1042 2082/2082/1042
f 2083/2083/1043 2084/2084/1043 2085/2085/1043
f 2086/2086/1043 2085/2085/1043 2084/2084/1043
f 2085/2085/1044 2086/2086/1044 2087/2087/1044
f 2088/2088/1044 2087/2087/1044 2086/2086/1044
f 2087/2087/1045 2088/2088/1045 2081/2081/1045
f 2082/2082/1045 2081/2081/1045 2088/2088/1045
f 2082/1/1 2086/1/1 2084/1/1
f 2082/1/1 2088/1/1 2086/1/1
f 2089/2089/1046 2090/2090/1046 2091/2091/1046
f 2092/2092/1046 2091/2091/1046 2090/2090/1046
f 2091/2091/1047 2092/2092/1047 2093/2093/1047
f 2094/2094/1047 2093/2093/1047 2092/2092/1047
f 2093/2093/1048 2094/2094/1048 2095/2095/1048
f 2096/2096/1048 2095/2095/1048 2094/2094/1048
f 2095/2095/1049 2096/2096/1049 2089/2089/1049
f 2090/2090/1049 2089/2089/1049 2096/2096/1049
f 2090/1/1 2094/1/1 2092/1/1
f 2090/1/1 2096/1/1 2094/1/1
f 2097/2097/1050 2098/2098/1050 2099/2099/1050
f 2100/2100/1050 2099/2099/1050 2098/2098/1050
f 2099/2099/1051 2100/2100/1051 2101/2101/1051
f 2102/2102/1051 2101/2101/1051 2100/2100/1051
f 2101/2101/1052 2102/2102/1052 2103/2103/1052
f 2104/2104/1052 2103/2103/1052 2102/2102/1052
f 2103/2103/1053 2104/2104/1053 2097/2097/1053
f 2098/2098/1053 2097/2097/1053 2104/2104/1053
f 2098/1/1 2102/1/1 2100/1/1
f 2098/1/1 2104/1/1 2102/1/1
f 2105/2105/1054 2106/2106/1054 2107/2107/1054
f 2108/2108/1054 2107/2107/1054 2106/2106/1054
f 2107/2107/1055 2108/2108/1055 2109/2109/1055
f 2110/2110/1055 2109/2109/1055 2108/2108/1055
f 2109/2109/1056 2110/2110/1056 2111/2111/1056
f 2112/2112/1056 2111/2111/1056 2110/2110/1056
f 2111/2111/1057 2112/2112/1057 2105/2105/1057
f 2106/2106/1057 2105/2105/1057 2112/2112/1057
f 2106/1/1 2110/1/1 2108/1/1
f 2106/1/1 2112/1/1 2110/1/1
f 2113/2113/1058 2114/2114/1058 2115/2115/1058
f 2116/2116/1058 2115/2115/1058 2114/2114/1058
f 2115/2115/1059 2116/2116/1059 2117/2117/1059
f 2118/2118/1059 2117/2117/1059 2116/2116/1059
f 2117/2117/1060 2118/2118/1060 2119/2119/1060
f 2120/2120/1060 2119/2119/1060 2118/2118/1060
f 2119/2119/1061 2120/2120/1061 2113/2113/1061
f 2114/2114/1061 2113/2113/1061 2120/2120/1061
f 2114/1/1 2118/1/1 2116/1/1
f 2114/1/1 2120/1/1 2118/1/1
f 2121/2121/1062 2122/2122/1062 2123/2123/1062
f 2124/2124/1062 2123/2123/1062 2122/2122/1062
f 2123/2123/1063 2124/2124/1063 2125/2125/1063
f 2126/2126/1063 2125/2125/1063 2124/2124/1063
f 2125/2125/1064 2126/2126/1064 2127/2127/1064
f 2128/2128/1064 2127/2127/1064 2126/2126/1064
f 2127/2127/1065 2128/2128/1065 2121/2121/1065
f 2122/2122/1065 2121/2121/1065 2128/2128/1065
f 2122/1/1 2126/1/1 2124/1/1
f 2122/1/1 2128/1/1 2126/1/1
f 2129/2129/1066 2130/2130/1066 2131/2131/1066
f 2132/2132/1066 2131/2131/1066 2130/2130/1066
f 2131/2131/1067 2132/2132/1067 2133/2133/1067
f 2134/2134/1067 2133/2133/1067 2132/2132/1067
f 2133/2133/1068 2134/2134/1068 2135/2135/1068
f 2136/2136/1068 2135/2135/1068 2134/2134/1068
f 2135/2135/1069 2136/2136/1069 2129/2129/1069
f 2130/2130/1069 2129/2129/1069 2136/2136/1069
f 2130/1/1 2134/1/1 2132/1/1
f 2130/1/1 2136/1/1 2134/1/1
f 2137/2137/1070 2138/2138/1070 2139/2139/1070
f 2140/2140/1070 2139/2139/1070 2138/2138/1070
f 2139/2139/1071 2140/2140/1071 2141/2141/1071
f 2142/2142/1071 2141/2141/1071 2140/2140/1071
f 2141/2141/1072 2142/2142/1072 2143/2143/1072
f 2144/2144/1072 2143/2143/1072 2142/2142/1072
f 2143/2143/1073 2144/2144/1073 2137/2137/1073
f 2138/2138/1073 2137/2137/1073 2144/2144/1073
f 2138/1/1 2142/1/1 2140/1/1
f 2138/1/1 2144/1/1 2142/1/1
f 2145/2145/1074 2146/2146/1074 2147/2147/1074
f 2148/2148/1074 2147/2147/1074 2146/2146/1074
f 2147/2147/1075 2148/2148/1075 2149/2149/1075
f 2150/2150/1075 2149/2149/1075 2148/2148/1075
f 2149/2149/1076 2150/2150/1076 2151/2151/1076
f 2152/2152/1076 2151/2151/1076 2150/2150/1076
f 2151/2151/1077 2152/2152/1077 2145/2145/1077
f 2146/2146/1077 2145/2145/1077 2152/2152/1077
f 2146/1/1 2150/1/1 2148/1/1
f 2146/1/1 2152/1/1 2150/1/1
f 2153/2153/1078 2154/2154/1078 2155/2155/1078
f 2156/2156/1078 2155/2155/1078 2154/2154/1078
f 2155/2155/1079 2156/2156/1079 2157/2157/1079
f 2158/2158/1079 2157/2157/1079 2156/2156/1079
f 2157/2157/1080 2158/2158/1080 2159/2159/1080
f 2160/2160/1080 2159/2159/1080 2158/2158/1080
f 2159/2159/1081 2160/2160/1081 2153/2153/1081
f 2154/2154/1081 2153/2153/1081 2160/2160/1081
f 2154/1/1 2158/1/1 2156/1/1
f 2154/1/1 2160/1/1 2158/1/1
f 2161/2161/1082 2162/2162/1082 2163/2163/1082
f 2164/2164/1082 2163/2163/1082 2162/2162/1082
f 2163/2163/1083 2164/2164/1083 2165/2165/1083
f 2166/2166/1083 2165/2165/1083 2164/2164/1083
f 2165/2165/1084 2166/2166/1084 2167/2167/1084
f 2168/2168/1084 2167/2167/1084 2166/2166/1084
f 2167/2167/1085 2168/2168/1085 2161/2161/1085
f 2162/2162/1085 2161/2161/1085 2168/2168/1085
f 2162/1/1 2166/1/1 2164/1/1
f 2162/1/1 2168/1/1 2166/1/1
f 2169/2169/1086 2170/2170/1086 2171/2171/1086
f 2172/2172/1086 2171/2171/1086 2170/2170/1086
f 2171/2171/1087 2172/2172/1087 2173/2173/1087
f 2174/2174/1087 2173/2173/1087 2172/2172/1087
f 2173/2173/1088 2174/2174/1088 2175/2175/1088
f 2176/2176/1088 2175/2175/1088 2174/2174/1088
f 2175/2175/1089 2176/2176/1089 2169/2169/1089
f 2170/2170/1089 2169/2169/1089 2176/2176/1089
f 2170/1/1 2174/1/1 2172/1/1
f 2170/1/1 2176/1/1 2174/1/1
f 2177/2177/1090 2178/2178/1090 2179/2179/1090
f 2180/2180/1090 2179/2179/1090 2178/2178/1090
f 2179/2179/1091 2180/2180/1091 2181/2181/1091
f 2182/2182/1091 2181/2181/1091 2180/2180/1091
f 2181/2181/1092 2182/2182/1092 2183/2183/1092
f 2184/2184/1092 2183/2183/1092 2182/2182/1092
f 2183/2183/1093 2184/2184/1093 2177/2177/1093
f 2178/2178/1093 2177/2177/1093 2184/2184/1093
f 2178/1/1 2182/1/1 2180/1/1
f 2178/1/1 2184/1/1 2182/1/1
f 2185/2185/1094 2186/2186/1094 2187/2187/1094
f 2188/2188/1094 2187/2187/1094 2186/2186/1094
f 2187/2187/1095 2188/2188/1095 2189/2189/1095
f 2190/2190/1095 2189/2189/1095 2188/2188/1095
f 2189/2189/1096 2190/2190/1096 2191/2191/1096
f 2192/2192/1096 2191/2191/1096 2190/2190/1096
f 2191/2191/1097 2192/2192/1097 2185/2185/1097
f 2186/2186/1097 2185/2185/1097 2192/2192/1097
f 2186/1/1 2190/1/1 2188/1/1
f 2186/1/1 2192/1/1 2190/1/1
f 2193/2193/1098 2194/2194/1098 2195/2195/1098
f 2196/2196/1098 2195/2195/1098 2194/2194/1098
f 2195/2195/1099 2196/2196/1099 2197/2197/1099
f 2198/2198/1099 2197/2197/1099 2196/2196/1099
f 2197/2197/1100 2198/2198/1100 2199/2199/1100
f 2200/2200/1100 2199/2199/1100 2198/2198/1100
f 2199/2199/1101 2200/2200/1101 2193/2193/1101
f 2194/2194/1101 2193/2193/1101 2200/2200/1101
f 2194/1/1 2198/1/1 2196/1/1
f 2194/1/1 2200/1/1 2198/1/1
